{"credit":"Made with Blockbench","textures":{"0":"cubeworld:custom/misc_blocks/amethyst_ore","particle":"cubeworld:custom/misc_blocks/amethyst_ore"},"elements":[{"from":[0,0,8],"to":[16,16,8],"rotation":{"angle":0,"axis":"y","origin":[0,0,9]},"faces":{"north":{"uv":[0,0,16,16],"texture":"#0"},"east":{"uv":[0,0,0,16],"texture":"#0"},"south":{"uv":[0,0,16,16],"texture":"#0"},"west":{"uv":[0,0,0,16],"texture":"#0"},"up":{"uv":[0,0,16,0],"texture":"#0"},"down":{"uv":[0,0,16,0],"texture":"#0"}}},{"from":[8,0,0],"to":[8,16,16],"rotation":{"angle":0,"axis":"y","origin":[9,0,16]},"faces":{"north":{"uv":[0,0,0,16],"texture":"#0"},"east":{"uv":[0,0,16,16],"texture":"#0"},"south":{"uv":[0,0,0,16],"texture":"#0"},"west":{"uv":[0,0,16,16],"texture":"#0"},"up":{"uv":[0,0,16,0],"rotation":270,"texture":"#0"},"down":{"uv":[0,0,16,0],"rotation":90,"texture":"#0"}}}],"gui_light":"front","display":{"thirdperson_righthand":{"translation":[0,2.75,0.75],"scale":[0.5,0.5,0.5]},"thirdperson_lefthand":{"translation":[0,2.75,0.75],"scale":[0.5,0.5,0.5]},"ground":{"translation":[0,5.25,0],"scale":[0.5,0.5,0.5]},"gui":{"rotation":[44,-19,0],"translation":[0.5,0.75,0],"scale":[0.8,0.8,0.8]}}}