{
	"credit": "by w11shes",
	"texture_size": [32, 32],
	"textures": {
		"0": "elitecreatures:minotaur_assortment/fishing_rod",
		"particle": "elitecreatures:minotaur_assortment/fishing_rod"
	},
	"elements": [
		{
			"from": [6.92122, -0.02375, -8.39522],
			"to": [6.97122, 18.97625, 5.60478],
			"rotation": {"angle": 45, "axis": "x", "origin": [6.93372, 6.56176, 8.0125]},
			"faces": {
				"east": {"uv": [0, 0, 7, 9.5], "texture": "#0"},
				"west": {"uv": [7, 0, 0, 9.5], "texture": "#0"}
			}
		},
		{
			"from": [5.92122, 5, 5.94622],
			"to": [7.92122, 17, 7.94622],
			"rotation": {"angle": 0, "axis": "y", "origin": [6.93372, 6.56176, 8.0125]},
			"faces": {
				"north": {"uv": [2.5, 9.5, 3.5, 15.5], "texture": "#0"},
				"east": {"uv": [3.5, 9.5, 4.5, 15.5], "texture": "#0"},
				"south": {"uv": [4.5, 9.5, 5.5, 15.5], "texture": "#0"},
				"west": {"uv": [4.5, 9.5, 3.5, 15.5], "texture": "#0"}
			}
		},
		{
			"from": [5.90122, 14.20368, 2.10896],
			"to": [7.94122, 23.20368, 4.10896],
			"rotation": {"angle": 22.5, "axis": "x", "origin": [6.93372, 6.56176, 8.0125]},
			"faces": {
				"north": {"uv": [8.5, 9.5, 9.5, 14], "texture": "#0"},
				"east": {"uv": [9.5, 9.5, 10.5, 14], "texture": "#0"},
				"south": {"uv": [10, 4.5, 11, 9], "texture": "#0"},
				"west": {"uv": [10.5, 9.5, 9.5, 14], "texture": "#0"},
				"up": {"uv": [2.5, 13, 1.5, 12], "rotation": 270, "texture": "#0"}
			}
		},
		{
			"from": [5.92122, -5.67812, 7.69697],
			"to": [7.92122, 2.32188, 9.69697],
			"rotation": {"angle": 22.5, "axis": "x", "origin": [6.93372, 6.56176, 8.0125]},
			"faces": {
				"north": {"uv": [10.5, 9, 11.5, 13], "texture": "#0"},
				"east": {"uv": [11, 1.5, 12, 5.5], "texture": "#0"},
				"south": {"uv": [5.5, 11, 6.5, 15], "texture": "#0"},
				"west": {"uv": [12, 1.5, 11, 5.5], "texture": "#0"}
			}
		},
		{
			"from": [4.92122, -9.67812, 6.69697],
			"to": [8.92122, -5.67812, 10.69697],
			"rotation": {"angle": 22.5, "axis": "x", "origin": [6.93372, 6.56176, 8.0125]},
			"faces": {
				"north": {"uv": [11, 5.5, 13, 7.5], "texture": "#0"},
				"east": {"uv": [11, 5.5, 13, 7.5], "texture": "#0"},
				"south": {"uv": [11, 5.5, 13, 7.5], "texture": "#0"},
				"west": {"uv": [11, 5.5, 13, 7.5], "texture": "#0"},
				"up": {"uv": [8.5, 13, 6.5, 11], "rotation": 270, "texture": "#0"},
				"down": {"uv": [13.5, 7.5, 11.5, 9.5], "rotation": 90, "texture": "#0"}
			}
		},
		{
			"from": [6.92122, -15.67812, 3.69697],
			"to": [6.97122, -9.67812, 10.69697],
			"rotation": {"angle": 22.5, "axis": "x", "origin": [6.93372, 6.56176, 8.0125]},
			"faces": {
				"east": {"uv": [7, 1.5, 10.5, 4.5], "texture": "#0"},
				"west": {"uv": [10.5, 1.5, 7, 4.5], "texture": "#0"}
			}
		},
		{
			"from": [6.42122, -12.67812, 7.69697],
			"to": [7.47122, -9.67812, 10.69697],
			"rotation": {"angle": 22.5, "axis": "x", "origin": [6.93372, 6.56176, 8.0125]},
			"faces": {
				"north": {"uv": [8, 1.5, 8.5, 3], "texture": "#0"},
				"east": {"uv": [7, 1.5, 8.5, 3], "texture": "#0"},
				"south": {"uv": [7, 1.5, 7.5, 3], "texture": "#0"},
				"west": {"uv": [8.5, 1.5, 7, 3], "texture": "#0"},
				"down": {"uv": [7, 2.5, 8.5, 3], "rotation": 90, "texture": "#0"}
			}
		},
		{
			"from": [5.5253, 24, 6.40324],
			"to": [8.5253, 24.05, 9.40324],
			"rotation": {"angle": 45, "axis": "y", "origin": [6.93372, 6.56176, 8.0125]},
			"faces": {
				"up": {"uv": [14.5, 7, 13, 5.5], "rotation": 270, "texture": "#0"},
				"down": {"uv": [14.5, 5.5, 13, 7], "rotation": 90, "texture": "#0"}
			}
		},
		{
			"from": [7.64662, 17, 4.28192],
			"to": [10.64662, 17.05, 7.28192],
			"rotation": {"angle": 45, "axis": "y", "origin": [6.93372, 6.56176, 8.0125]},
			"faces": {
				"up": {"uv": [14.5, 7, 13, 5.5], "rotation": 270, "texture": "#0"},
				"down": {"uv": [14.5, 5.5, 13, 7], "rotation": 90, "texture": "#0"}
			}
		},
		{
			"from": [7.64662, 10, 4.28192],
			"to": [10.64662, 10.05, 7.28192],
			"rotation": {"angle": 45, "axis": "y", "origin": [6.93372, 6.56176, 8.0125]},
			"faces": {
				"up": {"uv": [14.5, 7, 13, 5.5], "rotation": 270, "texture": "#0"},
				"down": {"uv": [14.5, 5.5, 13, 7], "rotation": 90, "texture": "#0"}
			}
		},
		{
			"from": [4.42122, 2, 2.94622],
			"to": [9.42122, 5, 8.94622],
			"rotation": {"angle": 0, "axis": "y", "origin": [6.93372, 6.56176, 8.0125]},
			"faces": {
				"north": {"uv": [11.5, 9.5, 14, 11], "texture": "#0"},
				"east": {"uv": [5.5, 9.5, 8.5, 11], "texture": "#0"},
				"south": {"uv": [11.5, 11, 14, 12.5], "texture": "#0"},
				"west": {"uv": [8.5, 9.5, 5.5, 11], "texture": "#0"},
				"up": {"uv": [10, 7, 7, 4.5], "rotation": 270, "texture": "#0"},
				"down": {"uv": [10, 7, 7, 9.5], "rotation": 90, "texture": "#0"}
			}
		},
		{
			"from": [5.42122, 5.83272, -0.58845],
			"to": [8.42122, 10.83272, 4.41155],
			"rotation": {"angle": -45, "axis": "x", "origin": [6.93372, 6.56176, 8.0125]},
			"faces": {
				"north": {"uv": [0, 12, 1.5, 14.5], "texture": "#0"},
				"east": {"uv": [0, 9.5, 2.5, 12], "texture": "#0"},
				"south": {"uv": [12, 1.5, 13.5, 4], "texture": "#0"},
				"west": {"uv": [2.5, 9.5, 0, 12], "texture": "#0"},
				"up": {"uv": [14.5, 5.5, 12, 4], "rotation": 270, "texture": "#0"},
				"down": {"uv": [14, 12.5, 11.5, 14], "rotation": 90, "texture": "#0"}
			}
		}
	],
	"gui_light": "front",
	"display": {
		"thirdperson_righthand": {
			"translation": [0, 3, 2.25],
			"scale": [0.5, 0.5, 0.5]
		},
		"thirdperson_lefthand": {
			"translation": [0, 3, 2.25],
			"scale": [0.5, 0.5, 0.5]
		},
		"firstperson_righthand": {
			"rotation": [-53, 0, -8],
			"translation": [3.5, 2.5, -2],
			"scale": [0.6, 0.6, 0.6]
		},
		"firstperson_lefthand": {
			"rotation": [-53, 0, -8],
			"translation": [3.5, 2.5, -2],
			"scale": [0.6, 0.6, 0.6]
		},
		"ground": {
			"rotation": [0, 0, 88],
			"translation": [-2, 2.5, 0.25],
			"scale": [0.45, 0.45, 0.45]
		},
		"gui": {
			"rotation": [-90, 45, 90],
			"translation": [0.25, 2.25, -1.5],
			"scale": [0.5, 0.5, 0.5]
		},
		"head": {
			"rotation": [90, -156, 90],
			"translation": [1, 10.5, 1.75],
			"scale": [0.6, 0.6, 0.6]
		},
		"fixed": {
			"rotation": [-90, -90, -90],
			"translation": [0, 5.5, 0.25],
			"scale": [1.2, 1.2, 1.2]
		}
	}
}