{
	"credit": "Made with Blockbench",
	"texture_size": [128, 128],
	"textures": {
		"0": "elitecreatures:krampus_animated/krampus_texture",
		"1": "elitecreatures:krampus_animated/krampus_animation",
		"2": "elitecreatures:krampus_animated/krampus_animation2",
		"particle": "elitecreatures:krampus_animated/krampus_texture"
	},
	"elements": [
		{
			"from": [6, 14, 6],
			"to": [10, 20, 10],
			"rotation": {"angle": 0, "axis": "y", "origin": [8, 8.25, 8]},
			"faces": {
				"north": {"uv": [13, 11.625, 12.5, 12.375], "texture": "#0"},
				"east": {"uv": [13, 11.625, 12.5, 12.375], "texture": "#0"},
				"south": {"uv": [13, 11.625, 12.5, 12.375], "texture": "#0"},
				"west": {"uv": [13, 11.625, 12.5, 12.375], "texture": "#0"},
				"up": {"uv": [13.1875, 11.625, 13.6875, 11.125], "texture": "#0"},
				"down": {"uv": [13.1875, 11.625, 13.6875, 11.125], "texture": "#0"}
			}
		},
		{
			"from": [8, 20, 5],
			"to": [8, 24, 11],
			"rotation": {"angle": -45, "axis": "y", "origin": [8, 22, 8]},
			"faces": {
				"north": {"uv": [15.875, 13.0625, 15.125, 13.5625], "texture": "#0"},
				"east": {"uv": [15.125, 13.0625, 15.875, 13.5625], "texture": "#0"},
				"south": {"uv": [15.875, 13.0625, 15.125, 13.5625], "texture": "#0"},
				"west": {"uv": [15.875, 13.0625, 15.125, 13.5625], "texture": "#0"},
				"up": {"uv": [15.875, 13.0625, 15.125, 13.5625], "rotation": 90, "texture": "#0"},
				"down": {"uv": [15.875, 13.0625, 15.125, 13.5625], "rotation": 270, "texture": "#0"}
			}
		},
		{
			"from": [8, 20, 5],
			"to": [8, 24, 11],
			"rotation": {"angle": 45, "axis": "y", "origin": [8, 22, 8]},
			"faces": {
				"north": {"uv": [15.875, 13.0625, 15.125, 13.5625], "texture": "#0"},
				"east": {"uv": [15.125, 13.0625, 15.875, 13.5625], "texture": "#0"},
				"south": {"uv": [15.875, 13.0625, 15.125, 13.5625], "texture": "#0"},
				"west": {"uv": [15.875, 13.0625, 15.125, 13.5625], "texture": "#0"},
				"up": {"uv": [15.875, 13.0625, 15.125, 13.5625], "rotation": 90, "texture": "#0"},
				"down": {"uv": [15.875, 13.0625, 15.125, 13.5625], "rotation": 270, "texture": "#0"}
			}
		},
		{
			"from": [6, 14, 4],
			"to": [6, 20, 12],
			"rotation": {"angle": -22.5, "axis": "z", "origin": [6, 20, 8]},
			"faces": {
				"north": {"uv": [13, 11.625, 12.5, 12.375], "texture": "#0"},
				"east": {"uv": [15, 13.625, 16, 14.375], "texture": "#0"},
				"south": {"uv": [13, 11.625, 12.5, 12.375], "texture": "#0"},
				"west": {"uv": [16, 13.625, 15, 14.375], "texture": "#0"},
				"up": {"uv": [13.1875, 11.625, 13.6875, 11.125], "texture": "#0"},
				"down": {"uv": [13.1875, 11.625, 13.6875, 11.125], "texture": "#0"}
			}
		},
		{
			"from": [10, 14, 4],
			"to": [10, 20, 12],
			"rotation": {"angle": 22.5, "axis": "z", "origin": [10, 20, 8]},
			"faces": {
				"north": {"uv": [12.5, 11.625, 13, 12.375], "texture": "#0"},
				"east": {"uv": [15, 13.625, 16, 14.375], "texture": "#0"},
				"south": {"uv": [12.5, 11.625, 13, 12.375], "texture": "#0"},
				"west": {"uv": [16, 13.625, 15, 14.375], "texture": "#0"},
				"up": {"uv": [13.6875, 11.625, 13.1875, 11.125], "texture": "#0"},
				"down": {"uv": [13.6875, 11.625, 13.1875, 11.125], "texture": "#0"}
			}
		},
		{
			"from": [4, 13.02365, 5.09158],
			"to": [12, 19.02365, 5.09158],
			"rotation": {"angle": 22.5, "axis": "x", "origin": [8, 17.22836, 8]},
			"faces": {
				"north": {"uv": [15, 13.625, 16, 14.375], "texture": "#0"},
				"east": {"uv": [12.5, 11.625, 13, 12.375], "texture": "#0"},
				"south": {"uv": [16, 13.625, 15, 14.375], "texture": "#0"},
				"west": {"uv": [12.5, 11.625, 13, 12.375], "texture": "#0"},
				"up": {"uv": [13.1875, 11.125, 13.6875, 11.625], "rotation": 90, "texture": "#0"},
				"down": {"uv": [13.1875, 11.125, 13.6875, 11.625], "rotation": 270, "texture": "#0"}
			}
		},
		{
			"from": [4, 13.02365, 10.90842],
			"to": [12, 19.02365, 10.90842],
			"rotation": {"angle": -22.5, "axis": "x", "origin": [8, 17.22836, 8]},
			"faces": {
				"north": {"uv": [15, 13.625, 16, 14.375], "texture": "#0"},
				"east": {"uv": [13, 11.625, 12.5, 12.375], "texture": "#0"},
				"south": {"uv": [16, 13.625, 15, 14.375], "texture": "#0"},
				"west": {"uv": [13, 11.625, 12.5, 12.375], "texture": "#0"},
				"up": {"uv": [13.6875, 11.125, 13.1875, 11.625], "rotation": 90, "texture": "#0"},
				"down": {"uv": [13.6875, 11.125, 13.1875, 11.625], "rotation": 270, "texture": "#0"}
			}
		},
		{
			"from": [6.5, -2, 6.5],
			"to": [9.5, 3, 9.5],
			"rotation": {"angle": 45, "axis": "y", "origin": [8, 0.5, 8]},
			"faces": {
				"north": {"uv": [11.0625, 10.375, 10.6875, 11], "texture": "#0"},
				"east": {"uv": [10.6875, 10.375, 11.0625, 11], "texture": "#0"},
				"south": {"uv": [11.1875, 10.125, 11.5625, 10.75], "texture": "#0"},
				"west": {"uv": [11.5625, 10.125, 11.1875, 10.75], "texture": "#0"},
				"up": {"uv": [9.9375, 11.5, 10.3125, 11.125], "texture": "#0"},
				"down": {"uv": [9.9375, 11.5, 10.3125, 11.125], "texture": "#0"}
			}
		},
		{
			"from": [5, 8.5, 5],
			"to": [11, 14.5, 11],
			"rotation": {"angle": 0, "axis": "y", "origin": [8, 8.75, 8]},
			"faces": {
				"north": {"uv": [13.1875, 11.625, 12.4375, 12.375], "texture": "#0"},
				"east": {"uv": [13.1875, 11.625, 12.4375, 12.375], "texture": "#0"},
				"south": {"uv": [13.1875, 11.625, 12.4375, 12.375], "texture": "#0"},
				"west": {"uv": [13.1875, 11.625, 12.4375, 12.375], "texture": "#0"},
				"up": {"uv": [12.4375, 11.625, 13.1875, 10.875], "texture": "#0"},
				"down": {"uv": [2.25, 4.125, 3, 3.375], "texture": "#0"}
			}
		},
		{
			"from": [5, 8.5, 3],
			"to": [5, 14.5, 13],
			"rotation": {"angle": -22.5, "axis": "z", "origin": [5, 14.5, 8]},
			"faces": {
				"north": {"uv": [13.1875, 11.625, 12.4375, 12.375], "texture": "#0"},
				"east": {"uv": [14.75, 14.4375, 16, 15.1875], "texture": "#0"},
				"south": {"uv": [13.1875, 11.625, 12.4375, 12.375], "texture": "#0"},
				"west": {"uv": [16, 14.4375, 14.75, 15.1875], "texture": "#0"},
				"up": {"uv": [12.4375, 11.625, 13.1875, 10.875], "texture": "#0"},
				"down": {"uv": [2.25, 4.125, 3, 3.375], "texture": "#0"}
			}
		},
		{
			"from": [11, 8.5, 3],
			"to": [11, 14.5, 13],
			"rotation": {"angle": 22.5, "axis": "z", "origin": [11, 14.5, 8]},
			"faces": {
				"north": {"uv": [12.4375, 11.625, 13.1875, 12.375], "texture": "#0"},
				"east": {"uv": [14.75, 14.4375, 16, 15.1875], "texture": "#0"},
				"south": {"uv": [12.4375, 11.625, 13.1875, 12.375], "texture": "#0"},
				"west": {"uv": [16, 14.4375, 14.75, 15.1875], "texture": "#0"},
				"up": {"uv": [13.1875, 11.625, 12.4375, 10.875], "texture": "#0"},
				"down": {"uv": [3, 4.125, 2.25, 3.375], "texture": "#0"}
			}
		},
		{
			"from": [3, 7.14097, 4.1677],
			"to": [13, 13.14097, 4.1677],
			"rotation": {"angle": 22.5, "axis": "x", "origin": [8, 11.72836, 8]},
			"faces": {
				"north": {"uv": [14.75, 14.4375, 16, 15.1875], "texture": "#0"},
				"east": {"uv": [12.4375, 11.625, 13.1875, 12.375], "texture": "#0"},
				"south": {"uv": [16, 14.4375, 14.75, 15.1875], "texture": "#0"},
				"west": {"uv": [12.4375, 11.625, 13.1875, 12.375], "texture": "#0"},
				"up": {"uv": [12.4375, 10.875, 13.1875, 11.625], "rotation": 90, "texture": "#0"},
				"down": {"uv": [2.25, 3.375, 3, 4.125], "rotation": 270, "texture": "#0"}
			}
		},
		{
			"from": [3, 7.14097, 11.8323],
			"to": [13, 13.14097, 11.8323],
			"rotation": {"angle": -22.5, "axis": "x", "origin": [8, 11.72836, 8]},
			"faces": {
				"north": {"uv": [14.75, 14.4375, 16, 15.1875], "texture": "#0"},
				"east": {"uv": [13.1875, 11.625, 12.4375, 12.375], "texture": "#0"},
				"south": {"uv": [16, 14.4375, 14.75, 15.1875], "texture": "#0"},
				"west": {"uv": [13.1875, 11.625, 12.4375, 12.375], "texture": "#0"},
				"up": {"uv": [13.1875, 10.875, 12.4375, 11.625], "rotation": 90, "texture": "#0"},
				"down": {"uv": [3, 3.375, 2.25, 4.125], "rotation": 270, "texture": "#0"}
			}
		},
		{
			"from": [3, 3, 3],
			"to": [13, 9, 13],
			"rotation": {"angle": 0, "axis": "y", "origin": [8, 10.25, 8]},
			"faces": {
				"north": {"uv": [13.6875, 11.625, 12.4375, 12.375], "texture": "#0"},
				"east": {"uv": [13.6875, 11.625, 12.4375, 12.375], "texture": "#0"},
				"south": {"uv": [13.6875, 11.625, 12.4375, 12.375], "texture": "#0"},
				"west": {"uv": [13.6875, 11.625, 12.4375, 12.375], "texture": "#0"},
				"up": {"uv": [11.1875, 12.375, 12.4375, 11.125], "texture": "#0"},
				"down": {"uv": [11.1875, 12.375, 12.4375, 11.125], "texture": "#0"}
			}
		},
		{
			"from": [2, 0.91077, 2.49672],
			"to": [14, 6.91077, 2.49672],
			"rotation": {"angle": 22.5, "axis": "x", "origin": [8, 6.6903, 8]},
			"faces": {
				"north": {"uv": [14.5, 15.25, 16, 16], "texture": "#0"},
				"east": {"uv": [0, 5.25, 1.25, 5.875], "texture": "#missing"},
				"south": {"uv": [16, 15.25, 14.5, 16], "texture": "#0"},
				"west": {"uv": [0, 5.25, 1.25, 5.875], "texture": "#missing"},
				"up": {"uv": [0, 3.375, 1.25, 4.625], "rotation": 90, "texture": "#missing"},
				"down": {"uv": [0, 3.375, 1.25, 4.625], "rotation": 270, "texture": "#missing"}
			}
		},
		{
			"from": [13.68006, 0.8756, 2],
			"to": [13.68006, 6.8756, 14],
			"rotation": {"angle": 22.5, "axis": "z", "origin": [8, 6.22836, 8]},
			"faces": {
				"north": {"uv": [1.25, 5.25, 0, 5.875], "texture": "#missing"},
				"east": {"uv": [16, 15.25, 14.5, 16], "texture": "#0"},
				"south": {"uv": [1.25, 5.25, 0, 5.875], "texture": "#missing"},
				"west": {"uv": [14.5, 15.25, 16, 16], "texture": "#0"},
				"up": {"uv": [0, 4.625, 1.25, 3.375], "rotation": 180, "texture": "#missing"},
				"down": {"uv": [0, 4.625, 1.25, 3.375], "rotation": 180, "texture": "#missing"}
			}
		},
		{
			"from": [2.31994, 0.8756, 2],
			"to": [2.31994, 6.8756, 14],
			"rotation": {"angle": -22.5, "axis": "z", "origin": [8, 6.22836, 8]},
			"faces": {
				"north": {"uv": [0, 5.25, 1.25, 5.875], "texture": "#missing"},
				"east": {"uv": [16, 15.25, 14.5, 16], "texture": "#0"},
				"south": {"uv": [0, 5.25, 1.25, 5.875], "texture": "#missing"},
				"west": {"uv": [14.5, 15.25, 16, 16], "texture": "#0"},
				"up": {"uv": [1.25, 4.625, 0, 3.375], "rotation": 180, "texture": "#missing"},
				"down": {"uv": [1.25, 4.625, 0, 3.375], "rotation": 180, "texture": "#missing"}
			}
		},
		{
			"from": [4.86679, 20, 0.72861],
			"to": [4.86679, 26, 4.72861],
			"rotation": {"angle": 45, "axis": "y", "origin": [4.70745, 20.52164, 3.35515]},
			"faces": {
				"north": {"uv": [0.9375, 1, 1.25, 1.625], "texture": "#0"},
				"east": {"uv": [4.5625, 0, 5.0625, 0.75], "texture": "#0"},
				"south": {"uv": [1.25, 1, 1.5625, 1.625], "texture": "#0"},
				"west": {"uv": [5.0625, 0, 4.5625, 0.75], "texture": "#0"},
				"up": {"uv": [1.9375, 0.3125, 1.625, 0], "rotation": 180, "texture": "#0"},
				"down": {"uv": [1.9375, 0.3125, 1.625, 0], "rotation": 180, "texture": "#0"}
			}
		},
		{
			"from": [4.05, 15.54329, 2.74498],
			"to": [5.55, 20.54329, 5.24498],
			"rotation": {"angle": 22.5, "axis": "y", "origin": [4.70745, 20.52164, 3.35515]},
			"faces": {
				"north": {"uv": [1.125, 1, 0.9375, 1.625], "texture": "#0"},
				"east": {"uv": [0.625, 1, 0.9375, 1.625], "texture": "#0"},
				"south": {"uv": [1.25, 1, 1.4375, 1.625], "texture": "#0"},
				"west": {"uv": [0.9375, 1, 0.625, 1.625], "texture": "#0"},
				"up": {"uv": [1.8125, 0.3125, 1.625, 0], "rotation": 180, "texture": "#0"},
				"down": {"uv": [1.8125, 0.3125, 1.625, 0], "rotation": 180, "texture": "#0"}
			}
		},
		{
			"from": [4.3, 14.44759, 3.54217],
			"to": [6.3, 17.44759, 8.54217],
			"rotation": {"angle": 22.5, "axis": "x", "origin": [6.38425, 18.53744, 3.31095]},
			"faces": {
				"north": {"uv": [6.375, 6.3125, 6.75, 6.5625], "rotation": 90, "texture": "#0"},
				"east": {"uv": [0.625, 0, 1, 0.625], "rotation": 90, "texture": "#0"},
				"south": {"uv": [2.625, 7.1875, 3, 7.4375], "rotation": 90, "texture": "#0"},
				"west": {"uv": [0.625, 0.625, 1, 0], "rotation": 90, "texture": "#0"},
				"up": {"uv": [1.625, 0.375, 1, 0.625], "rotation": 270, "texture": "#0"},
				"down": {"uv": [1.625, 0.25, 1, 0], "rotation": 270, "texture": "#0"}
			}
		},
		{
			"from": [11.13321, 20, 0.72861],
			"to": [11.13321, 26, 4.72861],
			"rotation": {"angle": -45, "axis": "y", "origin": [11.29255, 20.52164, 3.35515]},
			"faces": {
				"north": {"uv": [1.25, 1, 0.9375, 1.625], "texture": "#0"},
				"east": {"uv": [4.5625, 0, 5.0625, 0.75], "texture": "#0"},
				"south": {"uv": [1.5625, 1, 1.25, 1.625], "texture": "#0"},
				"west": {"uv": [5.0625, 0, 4.5625, 0.75], "texture": "#0"},
				"up": {"uv": [1.625, 0.3125, 1.9375, 0], "rotation": 180, "texture": "#0"},
				"down": {"uv": [1.625, 0.3125, 1.9375, 0], "rotation": 180, "texture": "#0"}
			}
		},
		{
			"from": [9.7, 14.44759, 3.54217],
			"to": [11.7, 17.44759, 8.54217],
			"rotation": {"angle": 22.5, "axis": "x", "origin": [9.61575, 18.53744, 3.31095]},
			"faces": {
				"north": {"uv": [6.375, 6.5625, 6.75, 6.3125], "rotation": 90, "texture": "#0"},
				"east": {"uv": [0.625, 0, 1, 0.625], "rotation": 90, "texture": "#0"},
				"south": {"uv": [2.625, 7.4375, 3, 7.1875], "rotation": 90, "texture": "#0"},
				"west": {"uv": [0.625, 0.625, 1, 0], "rotation": 90, "texture": "#0"},
				"up": {"uv": [1.625, 0.625, 1, 0.375], "rotation": 270, "texture": "#0"},
				"down": {"uv": [1.625, 0, 1, 0.25], "rotation": 270, "texture": "#0"}
			}
		},
		{
			"from": [10.45, 15.54329, 2.74498],
			"to": [11.95, 20.54329, 5.24498],
			"rotation": {"angle": -22.5, "axis": "y", "origin": [11.29255, 20.52164, 3.35515]},
			"faces": {
				"north": {"uv": [0.9375, 1, 1.125, 1.625], "texture": "#0"},
				"east": {"uv": [0.625, 1, 0.9375, 1.625], "texture": "#0"},
				"south": {"uv": [1.4375, 1, 1.25, 1.625], "texture": "#0"},
				"west": {"uv": [0.9375, 1, 0.625, 1.625], "texture": "#0"},
				"up": {"uv": [1.625, 0.3125, 1.8125, 0], "rotation": 180, "texture": "#0"},
				"down": {"uv": [1.625, 0.3125, 1.8125, 0], "rotation": 180, "texture": "#0"}
			}
		},
		{
			"from": [5.4, 17, 1.5],
			"to": [11.4, 28, 1.5],
			"rotation": {"angle": 0, "axis": "y", "origin": [8.4, 22, 1.5]},
			"faces": {
				"north": {"uv": [0, 0, 6, 11], "texture": "#1"},
				"east": {"uv": [0, 0, 0, 8], "texture": "#missing"},
				"south": {"uv": [6, 0, 0, 11], "texture": "#1"},
				"west": {"uv": [0, 0, 0, 8], "texture": "#missing"},
				"up": {"uv": [0, 6, 0, 0], "rotation": 90, "texture": "#missing"},
				"down": {"uv": [0, 0, 0, 6], "rotation": 270, "texture": "#missing"}
			}
		},
		{
			"from": [6.1, 11.5, 3],
			"to": [11.1, 16.5, 3],
			"rotation": {"angle": -45, "axis": "z", "origin": [8.1, 14.5, 5]},
			"faces": {
				"north": {"uv": [0, 0, 10, 10], "texture": "#2"},
				"east": {"uv": [0, 0, 0, 10], "texture": "#missing"},
				"south": {"uv": [0, 0, 10, 10], "texture": "#2"},
				"west": {"uv": [0, 0, 0, 10], "texture": "#missing"},
				"up": {"uv": [0, 10, 0, 0], "rotation": 90, "texture": "#missing"},
				"down": {"uv": [0, 0, 0, 10], "rotation": 270, "texture": "#missing"}
			}
		},
		{
			"from": [1.1, 12, 4.1],
			"to": [6.1, 16, 4.1],
			"rotation": {"angle": 22.5, "axis": "y", "origin": [5.1, 13, 4.1]},
			"faces": {
				"north": {"uv": [3.875, 0.8125, 4.5, 1.3125], "texture": "#0"},
				"east": {"uv": [0, 0, 0, 0.5], "texture": "#missing"},
				"south": {"uv": [4.5, 0.8125, 3.875, 1.3125], "texture": "#0"},
				"west": {"uv": [0, 0, 0, 0.5], "texture": "#missing"},
				"up": {"uv": [0, 0, 0, 0.625], "rotation": 90, "texture": "#missing"},
				"down": {"uv": [0, 0, 0, 0.625], "rotation": 270, "texture": "#missing"}
			}
		},
		{
			"from": [9.9, 12, 4.1],
			"to": [14.9, 16, 4.1],
			"rotation": {"angle": -22.5, "axis": "y", "origin": [10.9, 13, 4.1]},
			"faces": {
				"north": {"uv": [4.5, 0.8125, 3.875, 1.3125], "texture": "#0"},
				"east": {"uv": [0, 0, 0, 0.5], "texture": "#missing"},
				"south": {"uv": [3.875, 0.8125, 4.5, 1.3125], "texture": "#0"},
				"west": {"uv": [0, 0, 0, 0.5], "texture": "#missing"},
				"up": {"uv": [0, 0.625, 0, 0], "rotation": 90, "texture": "#missing"},
				"down": {"uv": [0, 0.625, 0, 0], "rotation": 270, "texture": "#missing"}
			}
		},
		{
			"from": [10.2, 10, -0.2],
			"to": [10.2, 14, 3.8],
			"rotation": {"angle": -22.5, "axis": "y", "origin": [10.2, 12, 1.8]},
			"faces": {
				"north": {"uv": [0, 0, 0, 12], "texture": "#missing"},
				"east": {"uv": [5.625, 0.5, 5.125, 0], "rotation": 90, "texture": "#0"},
				"south": {"uv": [0, 0, 0, 12], "rotation": 180, "texture": "#missing"},
				"west": {"uv": [5.125, 0.5, 5.625, 0], "rotation": 270, "texture": "#0"},
				"up": {"uv": [0, 0, 0, 12], "rotation": 180, "texture": "#missing"},
				"down": {"uv": [0, 0, 0, 12], "texture": "#missing"}
			}
		},
		{
			"from": [6.2, 10, 0.8],
			"to": [6.2, 14, 4.8],
			"rotation": {"angle": 22.5, "axis": "y", "origin": [6.2, 12, 2.8]},
			"faces": {
				"north": {"uv": [0, 0, 0, 12], "texture": "#missing"},
				"east": {"uv": [5.125, 0, 5.625, 0.5], "rotation": 270, "texture": "#0"},
				"south": {"uv": [0, 0, 0, 12], "rotation": 180, "texture": "#missing"},
				"west": {"uv": [5.625, 0, 5.125, 0.5], "rotation": 90, "texture": "#0"},
				"up": {"uv": [0, 0, 0, 12], "rotation": 180, "texture": "#missing"},
				"down": {"uv": [0, 0, 0, 12], "texture": "#missing"}
			}
		},
		{
			"from": [6.1, 11.5, 3.1],
			"to": [11.1, 16.5, 7.1],
			"rotation": {"angle": -45, "axis": "z", "origin": [8.1, 14.5, 5.1]},
			"faces": {
				"north": {"uv": [0, 0, 0.625, 0.625], "rotation": 90, "texture": "#0"},
				"east": {"uv": [0, 0.625, 0.625, 1.125], "rotation": 90, "texture": "#0"},
				"south": {"uv": [10.5625, 15.125, 11.1875, 14.5], "rotation": 90, "texture": "#0"},
				"west": {"uv": [10.5625, 14, 11.1875, 14.5], "rotation": 90, "texture": "#0"},
				"up": {"uv": [11.1875, 13.375, 10.6875, 14], "rotation": 90, "texture": "#0"},
				"down": {"uv": [0, 0.625, 0.625, 1.125], "texture": "#0"}
			}
		},
		{
			"from": [2, 6.5, 2],
			"to": [2, 8.5, 14],
			"rotation": {"angle": 0, "axis": "y", "origin": [1, 6.5, 11]},
			"faces": {
				"north": {"uv": [0, 0, 0, 0.25], "texture": "#missing"},
				"east": {"uv": [8.25, 0, 6.75, 0.25], "texture": "#0"},
				"south": {"uv": [0, 0, 0, 0.25], "texture": "#missing"},
				"west": {"uv": [8.25, 0, 6.75, 0.25], "texture": "#0"},
				"up": {"uv": [0, 1.5, 0, 0], "texture": "#missing"},
				"down": {"uv": [0, 1.5, 0, 0], "texture": "#missing"}
			}
		},
		{
			"from": [14, 6.5, 2],
			"to": [14, 8.5, 14],
			"rotation": {"angle": 0, "axis": "y", "origin": [15, 6.5, 11]},
			"faces": {
				"north": {"uv": [0, 0, 0, 0.25], "texture": "#missing"},
				"east": {"uv": [6.75, 0, 8.25, 0.25], "texture": "#0"},
				"south": {"uv": [0, 0, 0, 0.25], "texture": "#missing"},
				"west": {"uv": [6.75, 0, 8.25, 0.25], "texture": "#0"},
				"up": {"uv": [0, 1.5, 0, 0], "texture": "#missing"},
				"down": {"uv": [0, 1.5, 0, 0], "texture": "#missing"}
			}
		},
		{
			"from": [2, 6.5, 2],
			"to": [14, 8.5, 2],
			"rotation": {"angle": 0, "axis": "y", "origin": [8, 7.5, 8]},
			"faces": {
				"north": {"uv": [6.75, 0, 8.25, 0.25], "texture": "#0"},
				"east": {"uv": [0, 0, 0, 0.25], "texture": "#missing"},
				"south": {"uv": [6.75, 0, 8.25, 0.25], "texture": "#0"},
				"west": {"uv": [0, 0, 0, 0.25], "texture": "#missing"},
				"up": {"uv": [0, 0, 0, 1.5], "rotation": 90, "texture": "#missing"},
				"down": {"uv": [0, 0, 0, 1.5], "rotation": 270, "texture": "#missing"}
			}
		},
		{
			"from": [3.5, 13, 12.5],
			"to": [12.5, 15, 12.5],
			"rotation": {"angle": 0, "axis": "y", "origin": [7.5, 13, 12.5]},
			"faces": {
				"north": {"uv": [7.875, 0.375, 6.75, 0.625], "texture": "#0"},
				"east": {"uv": [0, 0, 0, 0.25], "texture": "#missing"},
				"south": {"uv": [7.875, 0.375, 6.75, 0.625], "texture": "#0"},
				"west": {"uv": [0, 0, 0, 0.25], "texture": "#missing"},
				"up": {"uv": [0, 0, 1.125, 0], "texture": "#missing"},
				"down": {"uv": [0, 0, 1.125, 0], "texture": "#missing"}
			}
		},
		{
			"from": [0.5, 3, 0.3],
			"to": [3.5, 4, 3.3],
			"rotation": {"angle": 0, "axis": "y", "origin": [2, 4.625, 1.8]},
			"faces": {
				"north": {"uv": [2.3125, 2.8125, 1.9375, 2.9375], "texture": "#0"},
				"east": {"uv": [2.3125, 2.6875, 1.9375, 2.8125], "texture": "#0"},
				"south": {"uv": [1.9375, 2.9375, 2.3125, 3.0625], "texture": "#0"},
				"west": {"uv": [1.9375, 2.6875, 2.3125, 2.8125], "texture": "#0"},
				"up": {"uv": [3.0625, 1.5625, 3.4375, 1.9375], "texture": "#0"},
				"down": {"uv": [3.4375, 1.5625, 3.8125, 1.9375], "texture": "#0"}
			}
		},
		{
			"from": [2, 4, -0.2],
			"to": [2, 7.5, 3.8],
			"rotation": {"angle": -45, "axis": "y", "origin": [2, 4.625, 1.8]},
			"faces": {
				"north": {"uv": [0, 0, 0, 0.4375], "texture": "#missing"},
				"east": {"uv": [5.0625, 0.875, 4.5625, 1.3125], "texture": "#0"},
				"south": {"uv": [0, 0, 0, 0.4375], "texture": "#missing"},
				"west": {"uv": [4.5625, 0.875, 5.0625, 1.3125], "texture": "#0"},
				"up": {"uv": [0, 0, 0, 0.5], "texture": "#missing"},
				"down": {"uv": [0, 0, 0, 0.5], "texture": "#missing"}
			}
		},
		{
			"from": [2, 4, -0.2],
			"to": [2, 7.5, 3.8],
			"rotation": {"angle": 45, "axis": "y", "origin": [2, 4.625, 1.8]},
			"faces": {
				"north": {"uv": [0, 0, 0, 0.4375], "texture": "#missing"},
				"east": {"uv": [5.0625, 0.875, 4.5625, 1.3125], "texture": "#0"},
				"south": {"uv": [0, 0, 0, 0.4375], "texture": "#missing"},
				"west": {"uv": [4.5625, 0.875, 5.0625, 1.3125], "texture": "#0"},
				"up": {"uv": [0, 0, 0, 0.5], "texture": "#missing"},
				"down": {"uv": [0, 0, 0, 0.5], "texture": "#missing"}
			}
		},
		{
			"from": [3.5, 13, 3.5],
			"to": [12.5, 15, 3.5],
			"rotation": {"angle": 0, "axis": "y", "origin": [7.5, 13, 3.5]},
			"faces": {
				"north": {"uv": [6.75, 0.375, 7.875, 0.625], "texture": "#0"},
				"east": {"uv": [0, 0, 0, 0.25], "texture": "#missing"},
				"south": {"uv": [6.75, 0.375, 7.875, 0.625], "texture": "#0"},
				"west": {"uv": [0, 0, 0, 0.25], "texture": "#missing"},
				"up": {"uv": [0, 0, 1.125, 0], "texture": "#missing"},
				"down": {"uv": [0, 0, 1.125, 0], "texture": "#missing"}
			}
		},
		{
			"from": [3.5, 13, 3.5],
			"to": [3.5, 15, 12.5],
			"rotation": {"angle": 0, "axis": "y", "origin": [8, 14, 8]},
			"faces": {
				"north": {"uv": [0, 0, 0, 0.25], "texture": "#missing"},
				"east": {"uv": [6.75, 0.375, 7.875, 0.625], "texture": "#0"},
				"south": {"uv": [0, 0, 0, 0.25], "texture": "#missing"},
				"west": {"uv": [6.75, 0.375, 7.875, 0.625], "texture": "#0"},
				"up": {"uv": [1.125, 0, 0, 0], "rotation": 90, "texture": "#missing"},
				"down": {"uv": [1.125, 0, 0, 0], "rotation": 270, "texture": "#missing"}
			}
		},
		{
			"from": [12.5, 13, 3.5],
			"to": [12.5, 15, 12.5],
			"rotation": {"angle": 0, "axis": "y", "origin": [8, 14, 8]},
			"faces": {
				"north": {"uv": [0, 0, 0, 0.25], "texture": "#missing"},
				"east": {"uv": [7.875, 0.375, 6.75, 0.625], "texture": "#0"},
				"south": {"uv": [0, 0, 0, 0.25], "texture": "#missing"},
				"west": {"uv": [7.875, 0.375, 6.75, 0.625], "texture": "#0"},
				"up": {"uv": [1.125, 0, 0, 0], "rotation": 90, "texture": "#missing"},
				"down": {"uv": [1.125, 0, 0, 0], "rotation": 270, "texture": "#missing"}
			}
		},
		{
			"from": [2, 11.5, 7],
			"to": [4, 13.5, 9],
			"rotation": {"angle": -22.5, "axis": "z", "origin": [3, 12.5, 8]},
			"faces": {
				"north": {"uv": [7.1875, 1.875, 6.9375, 2.125], "texture": "#0"},
				"east": {"uv": [7.1875, 1.875, 6.9375, 2.125], "texture": "#0"},
				"south": {"uv": [7.1875, 1.875, 6.9375, 2.125], "texture": "#0"},
				"west": {"uv": [7.1875, 1.875, 6.9375, 2.125], "texture": "#0"},
				"up": {"uv": [7.1875, 2.125, 7.4375, 1.875], "texture": "#0"},
				"down": {"uv": [6.9375, 2.125, 7.1875, 1.875], "texture": "#0"}
			}
		},
		{
			"from": [12, 12.5, 6],
			"to": [14, 14.5, 8],
			"rotation": {"angle": 22.5, "axis": "z", "origin": [13, 13.5, 7]},
			"faces": {
				"north": {"uv": [6.9375, 1.625, 7.1875, 1.875], "texture": "#0"},
				"east": {"uv": [6.9375, 1.625, 7.1875, 1.875], "texture": "#0"},
				"south": {"uv": [6.9375, 1.625, 7.1875, 1.875], "texture": "#0"},
				"west": {"uv": [6.9375, 1.625, 7.1875, 1.875], "texture": "#0"},
				"up": {"uv": [7.4375, 1.875, 7.1875, 1.625], "texture": "#0"},
				"down": {"uv": [7.4375, 1.875, 7.1875, 1.625], "texture": "#0"}
			}
		},
		{
			"from": [13.5, 6, 3],
			"to": [15.5, 8, 5],
			"rotation": {"angle": 22.5, "axis": "z", "origin": [14.5, 7, 4]},
			"faces": {
				"north": {"uv": [7.1875, 1.875, 6.9375, 2.125], "texture": "#0"},
				"east": {"uv": [7.1875, 1.875, 6.9375, 2.125], "texture": "#0"},
				"south": {"uv": [7.1875, 1.875, 6.9375, 2.125], "texture": "#0"},
				"west": {"uv": [7.1875, 1.875, 6.9375, 2.125], "texture": "#0"},
				"up": {"uv": [7.1875, 2.125, 7.4375, 1.875], "texture": "#0"},
				"down": {"uv": [6.9375, 2.125, 7.1875, 1.875], "texture": "#0"}
			}
		},
		{
			"from": [4, 21, 8],
			"to": [12, 29, 8],
			"rotation": {"angle": -22.5, "axis": "y", "origin": [8, 25, 8]},
			"faces": {
				"north": {"uv": [9.5, 0, 8.5, 1], "texture": "#0"},
				"east": {"uv": [0, 0, 0, 1], "texture": "#missing"},
				"south": {"uv": [9.5, 0, 8.5, 1], "texture": "#0"},
				"west": {"uv": [0, 0, 0, 1], "texture": "#missing"},
				"up": {"uv": [0, 0, 1, 0], "texture": "#missing"},
				"down": {"uv": [0, 0, 1, 0], "texture": "#missing"}
			}
		},
		{
			"from": [4, 21, 8],
			"to": [12, 29, 8],
			"rotation": {"angle": 22.5, "axis": "y", "origin": [8, 25, 8]},
			"faces": {
				"north": {"uv": [9.5, 0, 8.5, 1], "texture": "#0"},
				"east": {"uv": [0, 0, 0, 1], "texture": "#missing"},
				"south": {"uv": [9.5, 0, 8.5, 1], "texture": "#0"},
				"west": {"uv": [0, 0, 0, 1], "texture": "#missing"},
				"up": {"uv": [0, 0, 1, 0], "texture": "#missing"},
				"down": {"uv": [0, 0, 1, 0], "texture": "#missing"}
			}
		}
	],
	"gui_light": "front",
	"display": {
		"thirdperson_righthand": {
			"rotation": [55, 0, 0],
			"translation": [0, 2, 1.75],
			"scale": [0.4, 0.4, 0.4]
		},
		"thirdperson_lefthand": {
			"rotation": [77, 180, 0],
			"translation": [-5.75, -9.25, 8]
		},
		"firstperson_righthand": {
			"rotation": [0, 134, 0],
			"translation": [10, -4, -17.5]
		},
		"firstperson_lefthand": {
			"scale": [0, 0, 0]
		},
		"ground": {
			"rotation": [80, 0, 0],
			"translation": [0, 0.5, -1.25],
			"scale": [0.6, 0.6, 0.6]
		},
		"gui": {
			"rotation": [14, 166, 0],
			"translation": [0.25, -2, 0],
			"scale": [0.6, 0.6, 0.6]
		},
		"head": {
			"rotation": [6, 180, 0],
			"translation": [0, -15.25, 9.25],
			"scale": [1.6, 1.6, 1.6]
		},
		"fixed": {
			"translation": [0, -3, -6.25],
			"scale": [1.4, 1.4, 1.4]
		}
	}
}