{"credit":"Made with Blockbench","textures":{"0":"teleportation_hub:teleportation_hub/cloud_animation_bottom","particle":"teleportation_hub:teleportation_hub/cloud_animation_bottom"},"elements":[{"from":[-16,-16,0],"to":[32,32,0],"faces":{"north":{"uv":[0,0,16,16],"texture":"#0"},"east":{"uv":[0,0,0,16],"texture":"#missing"},"south":{"uv":[0,0,16,16],"texture":"#0"},"west":{"uv":[0,0,0,16],"texture":"#missing"},"up":{"uv":[0,0,16,0],"texture":"#missing"},"down":{"uv":[0,0,16,0],"texture":"#missing"}}}],"gui_light":"front","display":{"gui":{"translation":[-13,20,0],"scale":[1.32,1.32,1.32]}}}