{"credit":"Made by samus2002","texture_size":[32,32],"textures":{"0":"rpg_essentials_1:rpg_essentials_1_texture/coin","particle":"rpg_essentials_1:rpg_essentials_1_texture/coin"},"elements":[{"from":[4.5,4.5,7.5],"to":[11.5,11.5,8.5],"rotation":{"angle":0,"axis":"y","origin":[8,8,8]},"faces":{"north":{"uv":[0,0,3.5,3.5],"texture":"#0"},"east":{"uv":[4,0,4.5,3.5],"texture":"#0"},"south":{"uv":[0,0,3.5,3.5],"texture":"#0"},"west":{"uv":[4,4,4.5,7.5],"texture":"#0"},"up":{"uv":[8.5,0.5,5,0],"texture":"#0"},"down":{"uv":[8.5,1,5,1.5],"texture":"#0"}}}],"gui_light":"front","display":{"thirdperson_righthand":{"translation":[0,1.25,1.25],"scale":[0.8,0.8,0.8]},"thirdperson_lefthand":{"translation":[0,1.25,1.25],"scale":[0.8,0.8,0.8]},"firstperson_righthand":{"translation":[1,2.25,0.5]},"firstperson_lefthand":{"translation":[1,2.25,0.5]},"ground":{"translation":[0,1.25,1.25],"scale":[0.7,0.7,0.7]},"gui":{"scale":[1.3,1.3,1.3]},"fixed":{"translation":[0,0,0.25],"scale":[1.4,1.4,1.4]}}}