{"credit":"Created by Workshop Six","texture_size":[256,256],"textures":{"3":"workshop_six:medieval_tavern_furniture/tavern_bar_counter","particle":"workshop_six:medieval_tavern_furniture/tavern_bar_counter"},"elements":[{"from":[-16,0,-1],"to":[32,2,16],"rotation":{"angle":0,"axis":"y","origin":[-40,-1,-5]},"faces":{"north":{"uv":[2.875,5.0625,5.875,5.1875],"texture":"#3"},"east":{"uv":[5.625,4.4375,6.6875,4.5625],"texture":"#3"},"south":{"uv":[2.875,5.1875,5.875,5.3125],"texture":"#3"},"west":{"uv":[5.625,4.5625,6.6875,4.6875],"texture":"#3"},"up":{"uv":[3,3.4375,0,2.375],"texture":"#3"},"down":{"uv":[6,0,3,1.0625],"texture":"#3"}}},{"from":[-16,2,-2],"to":[32,18,0],"rotation":{"angle":0,"axis":"y","origin":[-40,2,-3]},"faces":{"north":{"uv":[3,1.0625,6,2.0625],"texture":"#3"},"east":{"uv":[1.1875,5.4375,1.3125,6.4375],"texture":"#3"},"south":{"uv":[3,2.0625,6,3.0625],"texture":"#3"},"west":{"uv":[1.3125,5.4375,1.4375,6.4375],"texture":"#3"},"up":{"uv":[5.875,5.4375,2.875,5.3125],"texture":"#3"},"down":{"uv":[5.875,5.4375,2.875,5.5625],"texture":"#3"}}},{"from":[-16,18,-3],"to":[32,20,16],"rotation":{"angle":0,"axis":"y","origin":[-40,6,-5]},"faces":{"north":{"uv":[2.875,5.5625,5.875,5.6875],"texture":"#3"},"east":{"uv":[0,5.4375,1.1875,5.5625],"texture":"#3"},"south":{"uv":[5.625,4.0625,8.625,4.1875],"texture":"#3"},"west":{"uv":[0,5.5625,1.1875,5.6875],"texture":"#3"},"up":{"uv":[3,1.1875,0,0],"texture":"#3"},"down":{"uv":[3,1.1875,0,2.375],"texture":"#3"}}},{"from":[30,2,0],"to":[32,18,16],"rotation":{"angle":0,"axis":"y","origin":[30,3,-2]},"faces":{"north":{"uv":[1.4375,5.4375,1.5625,6.4375],"texture":"#3"},"east":{"uv":[2.75,4.0625,3.75,5.0625],"texture":"#3"},"south":{"uv":[1.5625,5.4375,1.6875,6.4375],"texture":"#3"},"west":{"uv":[3.75,4.0625,4.75,5.0625],"texture":"#3"},"up":{"uv":[1.8125,6.4375,1.6875,5.4375],"texture":"#3"},"down":{"uv":[1.9375,5.4375,1.8125,6.4375],"texture":"#3"}}},{"from":[-16,2,0],"to":[-14,18,16],"rotation":{"angle":0,"axis":"y","origin":[-16,3,-2]},"faces":{"north":{"uv":[0,5.6875,0.125,6.6875],"texture":"#3"},"east":{"uv":[0,4.4375,1,5.4375],"texture":"#3"},"south":{"uv":[0.125,5.6875,0.25,6.6875],"texture":"#3"},"west":{"uv":[1,4.4375,2,5.4375],"texture":"#3"},"up":{"uv":[0.375,6.6875,0.25,5.6875],"texture":"#3"},"down":{"uv":[0.5,5.6875,0.375,6.6875],"texture":"#3"}}},{"from":[15,2,0],"to":[17,18,14],"rotation":{"angle":0,"axis":"y","origin":[15,3,-2]},"faces":{"north":{"uv":[0.5,5.6875,0.625,6.6875],"texture":"#3"},"east":{"uv":[4.75,4.0625,5.625,5.0625],"texture":"#3"},"south":{"uv":[0.625,5.6875,0.75,6.6875],"texture":"#3"},"west":{"uv":[2,5.0625,2.875,6.0625],"texture":"#3"},"up":{"uv":[0.875,6.5625,0.75,5.6875],"texture":"#3"},"down":{"uv":[1,5.6875,0.875,6.5625],"texture":"#3"}}},{"from":[-1,2,0],"to":[1,18,14],"rotation":{"angle":0,"axis":"y","origin":[-1,3,-2]},"faces":{"north":{"uv":[0.5,5.6875,0.625,6.6875],"texture":"#3"},"east":{"uv":[4.75,4.0625,5.625,5.0625],"texture":"#3"},"south":{"uv":[0.625,5.6875,0.75,6.6875],"texture":"#3"},"west":{"uv":[2,5.0625,2.875,6.0625],"texture":"#3"},"up":{"uv":[0.875,6.5625,0.75,5.6875],"texture":"#3"},"down":{"uv":[1,5.6875,0.875,6.5625],"texture":"#3"}}},{"from":[-14,9.5,-1],"to":[30,11.5,15],"rotation":{"angle":0,"axis":"y","origin":[-40,8.5,-5]},"faces":{"north":{"uv":[5.625,4.1875,8.375,4.3125],"texture":"#3"},"east":{"uv":[5.625,4.6875,6.625,4.8125],"texture":"#3"},"south":{"uv":[5.625,4.3125,8.375,4.4375],"texture":"#3"},"west":{"uv":[5.625,4.8125,6.625,4.9375],"texture":"#3"},"up":{"uv":[5.75,4.0625,3,3.0625],"texture":"#3"},"down":{"uv":[2.75,3.4375,0,4.4375],"texture":"#3"}}},{"from":[2.86575,2,5.66955],"to":[5.86575,7,8.66955],"rotation":{"angle":22.5,"axis":"y","origin":[4.36575,6.625,7.96955]},"faces":{"north":{"uv":[2.5,4.4375,2.6875,4.75],"texture":"#3"},"east":{"uv":[2,4.6875,2.1875,5],"texture":"#3"},"south":{"uv":[2.1875,4.6875,2.375,5],"texture":"#3"},"west":{"uv":[2.375,4.75,2.5625,5.0625],"texture":"#3"},"up":{"uv":[5.4375,5.875,5.25,5.6875],"texture":"#3"},"down":{"uv":[5.625,5.6875,5.4375,5.875],"texture":"#3"}}},{"from":[3.36575,7,6.16955],"to":[5.36575,9,8.16955],"rotation":{"angle":22.5,"axis":"y","origin":[4.36575,6.625,7.96955]},"faces":{"north":{"uv":[5.625,4.9375,5.75,5.0625],"texture":"#3"},"east":{"uv":[5.75,4.9375,5.875,5.0625],"texture":"#3"},"south":{"uv":[3.0625,5.875,3.1875,6],"texture":"#3"},"west":{"uv":[3.1875,5.875,3.3125,6],"texture":"#3"},"up":{"uv":[3.4375,6,3.3125,5.875],"texture":"#3"},"down":{"uv":[4.375,5.875,4.25,6],"texture":"#3"}}},{"from":[3.26575,8.25,6.06955],"to":[5.46575,9.25,8.26955],"rotation":{"angle":22.5,"axis":"y","origin":[4.36575,6.625,7.96955]},"faces":{"north":{"uv":[2.375,4.6875,2.5,4.75],"texture":"#3"},"east":{"uv":[2,5,2.125,5.0625],"texture":"#3"},"south":{"uv":[2.125,5,2.25,5.0625],"texture":"#3"},"west":{"uv":[2.25,5,2.375,5.0625],"texture":"#3"},"up":{"uv":[4.5,6,4.375,5.875],"texture":"#3"},"down":{"uv":[4.625,5.875,4.5,6],"texture":"#3"}}},{"from":[3.11575,3,8.76955],"to":[5.61575,6,8.76955],"rotation":{"angle":22.5,"axis":"y","origin":[4.36575,6.625,7.96955]},"faces":{"north":{"uv":[5.625,5.6875,5.8125,5.875],"texture":"#3"},"east":{"uv":[0,0,0,0.1875],"texture":"#3"},"south":{"uv":[5.75,3.0625,5.9375,3.25],"texture":"#3"},"west":{"uv":[0,0,0,0.1875],"texture":"#3"},"up":{"uv":[0.1875,0,0,0],"texture":"#3"},"down":{"uv":[0.1875,0,0,0],"texture":"#3"}}},{"from":[17.36575,2,5.66955],"to":[21.36575,6,8.66955],"rotation":{"angle":-22.5,"axis":"y","origin":[18.36575,0,8.66955]},"faces":{"north":{"uv":[2,4.4375,2.25,4.6875],"texture":"#3"},"east":{"uv":[3.875,5.6875,4.0625,5.9375],"texture":"#3"},"south":{"uv":[2.25,4.4375,2.5,4.6875],"texture":"#3"},"west":{"uv":[4.0625,5.6875,4.25,5.9375],"texture":"#3"},"up":{"uv":[4.5,5.875,4.25,5.6875],"texture":"#3"},"down":{"uv":[4.75,5.6875,4.5,5.875],"texture":"#3"}}},{"from":[18.46575,6,6.16955],"to":[20.46575,8,8.16955],"rotation":{"angle":-22.5,"axis":"y","origin":[17.36575,4,8.16955]},"faces":{"north":{"uv":[4.625,5.875,4.75,6],"texture":"#3"},"east":{"uv":[4.75,5.875,4.875,6],"texture":"#3"},"south":{"uv":[4.875,5.875,5,6],"texture":"#3"},"west":{"uv":[5.875,4.9375,6,5.0625],"texture":"#3"},"up":{"uv":[5.125,6,5,5.875],"texture":"#3"},"down":{"uv":[6,5.0625,5.875,5.1875],"texture":"#3"}}},{"from":[18.36575,7.25,6.06955],"to":[20.56575,8.25,8.26955],"rotation":{"angle":-22.5,"axis":"y","origin":[17.36575,4.25,8.16955]},"faces":{"north":{"uv":[5.75,4,5.875,4.0625],"texture":"#3"},"east":{"uv":[5.875,4,6,4.0625],"texture":"#3"},"south":{"uv":[3.875,5.9375,4,6],"texture":"#3"},"west":{"uv":[5.9375,3.9375,6.0625,4],"texture":"#3"},"up":{"uv":[5.25,6,5.125,5.875],"texture":"#3"},"down":{"uv":[6,5.1875,5.875,5.3125],"texture":"#3"}}},{"from":[18.11575,2.5,8.56955],"to":[20.61575,5.5,8.56955],"rotation":{"angle":-22.5,"axis":"y","origin":[17.86575,0.5,8.76955]},"faces":{"north":{"uv":[5.75,3.25,5.9375,3.4375],"texture":"#3"},"east":{"uv":[0,0,0,0.1875],"texture":"#3"},"south":{"uv":[5.75,3.4375,5.9375,3.625],"texture":"#3"},"west":{"uv":[0,0,0,0.1875],"texture":"#3"},"up":{"uv":[0.1875,0,0,0],"texture":"#3"},"down":{"uv":[0.1875,0,0,0],"texture":"#3"}}},{"from":[25.36575,2,3.66955],"to":[29.36575,7,6.66955],"rotation":{"angle":22.5,"axis":"y","origin":[27.36575,4.625,5.96955]},"faces":{"north":{"uv":[2.75,3.4375,3,3.75],"texture":"#3"},"east":{"uv":[2.5625,4.75,2.75,5.0625],"texture":"#3"},"south":{"uv":[2.75,3.75,3,4.0625],"texture":"#3"},"west":{"uv":[1,5.6875,1.1875,6],"texture":"#3"},"up":{"uv":[5,5.875,4.75,5.6875],"texture":"#3"},"down":{"uv":[5.25,5.6875,5,5.875],"texture":"#3"}}},{"from":[26.36575,7,4.16955],"to":[28.36575,9,6.16955],"rotation":{"angle":22.5,"axis":"y","origin":[27.36575,4.625,5.96955]},"faces":{"north":{"uv":[5.25,5.875,5.375,6],"texture":"#3"},"east":{"uv":[5.875,5.3125,6,5.4375],"texture":"#3"},"south":{"uv":[5.375,5.875,5.5,6],"texture":"#3"},"west":{"uv":[5.875,5.4375,6,5.5625],"texture":"#3"},"up":{"uv":[5.625,6,5.5,5.875],"texture":"#3"},"down":{"uv":[6,5.5625,5.875,5.6875],"texture":"#3"}}},{"from":[26.26575,8.25,4.06955],"to":[28.46575,9.25,6.26955],"rotation":{"angle":22.5,"axis":"y","origin":[27.36575,4.625,5.96955]},"faces":{"north":{"uv":[4,5.9375,4.125,6],"texture":"#3"},"east":{"uv":[4.125,5.9375,4.25,6],"texture":"#3"},"south":{"uv":[6,0,6.125,0.0625],"texture":"#3"},"west":{"uv":[6,0.0625,6.125,0.125],"texture":"#3"},"up":{"uv":[5.75,6,5.625,5.875],"texture":"#3"},"down":{"uv":[5.875,5.875,5.75,6],"texture":"#3"}}},{"from":[26.11575,3,6.76955],"to":[28.61575,6,6.76955],"rotation":{"angle":22.5,"axis":"y","origin":[27.36575,4.625,5.96955]},"faces":{"north":{"uv":[5.75,3.625,5.9375,3.8125],"texture":"#3"},"east":{"uv":[0,0,0,0.1875],"texture":"#3"},"south":{"uv":[5.75,3.8125,5.9375,4],"texture":"#3"},"west":{"uv":[0,0,0,0.1875],"texture":"#3"},"up":{"uv":[0.1875,0,0,0],"texture":"#3"},"down":{"uv":[0.1875,0,0,0],"texture":"#3"}}},{"from":[-9.88425,2.5,11.56955],"to":[-7.38425,5.5,11.56955],"rotation":{"angle":-22.5,"axis":"y","origin":[-10.13425,0.5,11.76955]},"faces":{"north":{"uv":[5.75,3.25,5.9375,3.4375],"texture":"#3"},"east":{"uv":[0,0,0,0.1875],"texture":"#3"},"south":{"uv":[5.75,3.4375,5.9375,3.625],"texture":"#3"},"west":{"uv":[0,0,0,0.1875],"texture":"#3"},"up":{"uv":[0.1875,0,0,0],"texture":"#3"},"down":{"uv":[0.1875,0,0,0],"texture":"#3"}}},{"from":[-10.63425,2,8.66955],"to":[-6.63425,6,11.66955],"rotation":{"angle":-22.5,"axis":"y","origin":[-9.63425,0,11.66955]},"faces":{"north":{"uv":[2,4.4375,2.25,4.6875],"texture":"#3"},"east":{"uv":[3.875,5.6875,4.0625,5.9375],"texture":"#3"},"south":{"uv":[2.25,4.4375,2.5,4.6875],"texture":"#3"},"west":{"uv":[4.0625,5.6875,4.25,5.9375],"texture":"#3"},"up":{"uv":[4.5,5.875,4.25,5.6875],"texture":"#3"},"down":{"uv":[4.75,5.6875,4.5,5.875],"texture":"#3"}}},{"from":[-9.53425,6,9.16955],"to":[-7.53425,8,11.16955],"rotation":{"angle":-22.5,"axis":"y","origin":[-10.63425,4,11.16955]},"faces":{"north":{"uv":[4.625,5.875,4.75,6],"texture":"#3"},"east":{"uv":[4.75,5.875,4.875,6],"texture":"#3"},"south":{"uv":[4.875,5.875,5,6],"texture":"#3"},"west":{"uv":[5.875,4.9375,6,5.0625],"texture":"#3"},"up":{"uv":[5.125,6,5,5.875],"texture":"#3"},"down":{"uv":[6,5.0625,5.875,5.1875],"texture":"#3"}}},{"from":[-9.63425,7.25,9.06955],"to":[-7.43425,8.25,11.26955],"rotation":{"angle":-22.5,"axis":"y","origin":[-10.63425,4.25,11.16955]},"faces":{"north":{"uv":[5.75,4,5.875,4.0625],"texture":"#3"},"east":{"uv":[5.875,4,6,4.0625],"texture":"#3"},"south":{"uv":[3.875,5.9375,4,6],"texture":"#3"},"west":{"uv":[5.9375,3.9375,6.0625,4],"texture":"#3"},"up":{"uv":[5.25,6,5.125,5.875],"texture":"#3"},"down":{"uv":[6,5.1875,5.875,5.3125],"texture":"#3"}}},{"from":[-6.11596,2.5,8.20447],"to":[-3.61596,5.5,8.20447],"rotation":{"angle":-45,"axis":"y","origin":[-4.90412,5.875,7.41261]},"faces":{"north":{"uv":[5.75,3.25,5.9375,3.4375],"texture":"#3"},"east":{"uv":[0,0,0,0.1875],"texture":"#3"},"south":{"uv":[5.75,3.4375,5.9375,3.625],"texture":"#3"},"west":{"uv":[0,0,0,0.1875],"texture":"#3"},"up":{"uv":[0.1875,0,0,0],"texture":"#3"},"down":{"uv":[0.1875,0,0,0],"texture":"#3"}}},{"from":[-6.94229,2,5.12074],"to":[-2.94229,6,8.12074],"rotation":{"angle":-45,"axis":"y","origin":[-4.90412,5.875,7.41261]},"faces":{"north":{"uv":[2,4.4375,2.25,4.6875],"texture":"#3"},"east":{"uv":[3.875,5.6875,4.0625,5.9375],"texture":"#3"},"south":{"uv":[2.25,4.4375,2.5,4.6875],"texture":"#3"},"west":{"uv":[4.0625,5.6875,4.25,5.9375],"texture":"#3"},"up":{"uv":[4.5,5.875,4.25,5.6875],"texture":"#3"},"down":{"uv":[4.75,5.6875,4.5,5.875],"texture":"#3"}}},{"from":[-5.95751,6,6.04149],"to":[-3.95751,8,8.04149],"rotation":{"angle":-45,"axis":"y","origin":[-4.90412,5.875,7.41261]},"faces":{"north":{"uv":[4.625,5.875,4.75,6],"texture":"#3"},"east":{"uv":[4.75,5.875,4.875,6],"texture":"#3"},"south":{"uv":[4.875,5.875,5,6],"texture":"#3"},"west":{"uv":[5.875,4.9375,6,5.0625],"texture":"#3"},"up":{"uv":[5.125,6,5,5.875],"texture":"#3"},"down":{"uv":[6,5.0625,5.875,5.1875],"texture":"#3"}}},{"from":[-6.05751,7.25,5.94149],"to":[-3.85751,8.25,8.14149],"rotation":{"angle":-45,"axis":"y","origin":[-4.90412,5.875,7.41261]},"faces":{"north":{"uv":[5.75,4,5.875,4.0625],"texture":"#3"},"east":{"uv":[5.875,4,6,4.0625],"texture":"#3"},"south":{"uv":[3.875,5.9375,4,6],"texture":"#3"},"west":{"uv":[5.9375,3.9375,6.0625,4],"texture":"#3"},"up":{"uv":[5.25,6,5.125,5.875],"texture":"#3"},"down":{"uv":[6,5.1875,5.875,5.3125],"texture":"#3"}}},{"from":[2,11.575,6.375],"to":[5,14.575,11.375],"rotation":{"angle":0,"axis":"y","origin":[3.5,13.875,11]},"faces":{"north":{"uv":[5.8125,5.6875,6,5.875],"texture":"#3"},"east":{"uv":[2.875,5.6875,3.1875,5.875],"texture":"#3"},"south":{"uv":[2.875,5.875,3.0625,6.0625],"texture":"#3"},"west":{"uv":[3.1875,5.6875,3.5,5.875],"texture":"#3"},"up":{"uv":[3.6875,6,3.5,5.6875],"texture":"#3"},"down":{"uv":[3.875,5.6875,3.6875,6],"texture":"#3"}}},{"from":[2.5,12.075,11.375],"to":[4.5,14.075,13.375],"rotation":{"angle":0,"axis":"y","origin":[3.5,13.875,11]},"faces":{"north":{"uv":[5.875,5.875,6,6],"texture":"#3"},"east":{"uv":[5.9375,3.0625,6.0625,3.1875],"texture":"#3"},"south":{"uv":[5.9375,3.1875,6.0625,3.3125],"texture":"#3"},"west":{"uv":[5.9375,3.3125,6.0625,3.4375],"texture":"#3"},"up":{"uv":[6.0625,3.5625,5.9375,3.4375],"texture":"#3"},"down":{"uv":[6.0625,3.5625,5.9375,3.6875],"texture":"#3"}}},{"from":[2.4,11.975,12.625],"to":[4.6,14.175,13.625],"rotation":{"angle":0,"axis":"y","origin":[3.5,13.875,11]},"faces":{"north":{"uv":[5.9375,3.6875,6.0625,3.8125],"texture":"#3"},"east":{"uv":[2.6875,4.4375,2.75,4.5625],"texture":"#3"},"south":{"uv":[5.9375,3.8125,6.0625,3.9375],"texture":"#3"},"west":{"uv":[2.6875,4.5625,2.75,4.6875],"texture":"#3"},"up":{"uv":[6.125,0.1875,6,0.125],"texture":"#3"},"down":{"uv":[6.125,0.1875,6,0.25],"texture":"#3"}}},{"from":[6,11.575,6.375],"to":[9,14.575,11.375],"rotation":{"angle":0,"axis":"y","origin":[7.5,13.875,11]},"faces":{"north":{"uv":[5.8125,5.6875,6,5.875],"texture":"#3"},"east":{"uv":[2.875,5.6875,3.1875,5.875],"texture":"#3"},"south":{"uv":[2.875,5.875,3.0625,6.0625],"texture":"#3"},"west":{"uv":[3.1875,5.6875,3.5,5.875],"texture":"#3"},"up":{"uv":[3.6875,6,3.5,5.6875],"texture":"#3"},"down":{"uv":[3.875,5.6875,3.6875,6],"texture":"#3"}}},{"from":[6.5,12.075,11.375],"to":[8.5,14.075,13.375],"rotation":{"angle":0,"axis":"y","origin":[7.5,13.875,11]},"faces":{"north":{"uv":[5.875,5.875,6,6],"texture":"#3"},"east":{"uv":[5.9375,3.0625,6.0625,3.1875],"texture":"#3"},"south":{"uv":[5.9375,3.1875,6.0625,3.3125],"texture":"#3"},"west":{"uv":[5.9375,3.3125,6.0625,3.4375],"texture":"#3"},"up":{"uv":[6.0625,3.5625,5.9375,3.4375],"texture":"#3"},"down":{"uv":[6.0625,3.5625,5.9375,3.6875],"texture":"#3"}}},{"from":[6.4,11.975,12.625],"to":[8.6,14.175,13.625],"rotation":{"angle":0,"axis":"y","origin":[7.5,13.875,11]},"faces":{"north":{"uv":[5.9375,3.6875,6.0625,3.8125],"texture":"#3"},"east":{"uv":[2.6875,4.4375,2.75,4.5625],"texture":"#3"},"south":{"uv":[5.9375,3.8125,6.0625,3.9375],"texture":"#3"},"west":{"uv":[2.6875,4.5625,2.75,4.6875],"texture":"#3"},"up":{"uv":[6.125,0.1875,6,0.125],"texture":"#3"},"down":{"uv":[6.125,0.1875,6,0.25],"texture":"#3"}}},{"from":[4,14.575,6.375],"to":[7,17.575,11.375],"rotation":{"angle":0,"axis":"y","origin":[5.5,16.875,11]},"faces":{"north":{"uv":[5.8125,5.6875,6,5.875],"texture":"#3"},"east":{"uv":[2.875,5.6875,3.1875,5.875],"texture":"#3"},"south":{"uv":[2.875,5.875,3.0625,6.0625],"texture":"#3"},"west":{"uv":[3.1875,5.6875,3.5,5.875],"texture":"#3"},"up":{"uv":[3.6875,6,3.5,5.6875],"texture":"#3"},"down":{"uv":[3.875,5.6875,3.6875,6],"texture":"#3"}}},{"from":[4.5,15.075,11.375],"to":[6.5,17.075,13.375],"rotation":{"angle":0,"axis":"y","origin":[5.5,16.875,11]},"faces":{"north":{"uv":[5.875,5.875,6,6],"texture":"#3"},"east":{"uv":[5.9375,3.0625,6.0625,3.1875],"texture":"#3"},"south":{"uv":[5.9375,3.1875,6.0625,3.3125],"texture":"#3"},"west":{"uv":[5.9375,3.3125,6.0625,3.4375],"texture":"#3"},"up":{"uv":[6.0625,3.5625,5.9375,3.4375],"texture":"#3"},"down":{"uv":[6.0625,3.5625,5.9375,3.6875],"texture":"#3"}}},{"from":[4.4,14.975,12.625],"to":[6.6,17.175,13.625],"rotation":{"angle":0,"axis":"y","origin":[5.5,16.875,11]},"faces":{"north":{"uv":[5.9375,3.6875,6.0625,3.8125],"texture":"#3"},"east":{"uv":[2.6875,4.4375,2.75,4.5625],"texture":"#3"},"south":{"uv":[5.9375,3.8125,6.0625,3.9375],"texture":"#3"},"west":{"uv":[2.6875,4.5625,2.75,4.6875],"texture":"#3"},"up":{"uv":[6.125,0.1875,6,0.125],"texture":"#3"},"down":{"uv":[6.125,0.1875,6,0.25],"texture":"#3"}}},{"from":[23.11575,3,12.76955],"to":[25.61575,6,12.76955],"rotation":{"angle":0,"axis":"y","origin":[24.36575,4.625,11.96955]},"faces":{"north":{"uv":[5.625,5.6875,5.8125,5.875],"texture":"#3"},"east":{"uv":[0,0,0,0.1875],"texture":"#3"},"south":{"uv":[5.75,3.0625,5.9375,3.25],"texture":"#3"},"west":{"uv":[0,0,0,0.1875],"texture":"#3"},"up":{"uv":[0.1875,0,0,0],"texture":"#3"},"down":{"uv":[0.1875,0,0,0],"texture":"#3"}}},{"from":[22.86575,2,9.66955],"to":[25.86575,7,12.66955],"rotation":{"angle":0,"axis":"y","origin":[24.36575,4.625,11.96955]},"faces":{"north":{"uv":[2.5,4.4375,2.6875,4.75],"texture":"#3"},"east":{"uv":[2,4.6875,2.1875,5],"texture":"#3"},"south":{"uv":[2.1875,4.6875,2.375,5],"texture":"#3"},"west":{"uv":[2.375,4.75,2.5625,5.0625],"texture":"#3"},"up":{"uv":[5.4375,5.875,5.25,5.6875],"texture":"#3"},"down":{"uv":[5.625,5.6875,5.4375,5.875],"texture":"#3"}}},{"from":[23.36575,7,10.16955],"to":[25.36575,9,12.16955],"rotation":{"angle":0,"axis":"y","origin":[24.36575,4.625,11.96955]},"faces":{"north":{"uv":[5.625,4.9375,5.75,5.0625],"texture":"#3"},"east":{"uv":[5.75,4.9375,5.875,5.0625],"texture":"#3"},"south":{"uv":[3.0625,5.875,3.1875,6],"texture":"#3"},"west":{"uv":[3.1875,5.875,3.3125,6],"texture":"#3"},"up":{"uv":[3.4375,6,3.3125,5.875],"texture":"#3"},"down":{"uv":[4.375,5.875,4.25,6],"texture":"#3"}}},{"from":[23.26575,8.25,10.06955],"to":[25.46575,9.25,12.26955],"rotation":{"angle":0,"axis":"y","origin":[24.36575,4.625,11.96955]},"faces":{"north":{"uv":[2.375,4.6875,2.5,4.75],"texture":"#3"},"east":{"uv":[2,5,2.125,5.0625],"texture":"#3"},"south":{"uv":[2.125,5,2.25,5.0625],"texture":"#3"},"west":{"uv":[2.25,5,2.375,5.0625],"texture":"#3"},"up":{"uv":[4.5,6,4.375,5.875],"texture":"#3"},"down":{"uv":[4.625,5.875,4.5,6],"texture":"#3"}}},{"from":[22,11.575,6.375],"to":[25,14.575,11.375],"rotation":{"angle":0,"axis":"y","origin":[23.5,13.875,11]},"faces":{"north":{"uv":[5.8125,5.6875,6,5.875],"texture":"#3"},"east":{"uv":[2.875,5.6875,3.1875,5.875],"texture":"#3"},"south":{"uv":[2.875,5.875,3.0625,6.0625],"texture":"#3"},"west":{"uv":[3.1875,5.6875,3.5,5.875],"texture":"#3"},"up":{"uv":[3.6875,6,3.5,5.6875],"texture":"#3"},"down":{"uv":[3.875,5.6875,3.6875,6],"texture":"#3"}}},{"from":[22.5,12.075,11.375],"to":[24.5,14.075,13.375],"rotation":{"angle":0,"axis":"y","origin":[23.5,13.875,11]},"faces":{"north":{"uv":[5.875,5.875,6,6],"texture":"#3"},"east":{"uv":[5.9375,3.0625,6.0625,3.1875],"texture":"#3"},"south":{"uv":[5.9375,3.1875,6.0625,3.3125],"texture":"#3"},"west":{"uv":[5.9375,3.3125,6.0625,3.4375],"texture":"#3"},"up":{"uv":[6.0625,3.5625,5.9375,3.4375],"texture":"#3"},"down":{"uv":[6.0625,3.5625,5.9375,3.6875],"texture":"#3"}}},{"from":[22.4,11.975,12.625],"to":[24.6,14.175,13.625],"rotation":{"angle":0,"axis":"y","origin":[23.5,13.875,11]},"faces":{"north":{"uv":[5.9375,3.6875,6.0625,3.8125],"texture":"#3"},"east":{"uv":[2.6875,4.4375,2.75,4.5625],"texture":"#3"},"south":{"uv":[5.9375,3.8125,6.0625,3.9375],"texture":"#3"},"west":{"uv":[2.6875,4.5625,2.75,4.6875],"texture":"#3"},"up":{"uv":[6.125,0.1875,6,0.125],"texture":"#3"},"down":{"uv":[6.125,0.1875,6,0.25],"texture":"#3"}}},{"from":[26,11.575,6.375],"to":[29,14.575,11.375],"rotation":{"angle":0,"axis":"y","origin":[27.5,13.875,11]},"faces":{"north":{"uv":[5.8125,5.6875,6,5.875],"texture":"#3"},"east":{"uv":[2.875,5.6875,3.1875,5.875],"texture":"#3"},"south":{"uv":[2.875,5.875,3.0625,6.0625],"texture":"#3"},"west":{"uv":[3.1875,5.6875,3.5,5.875],"texture":"#3"},"up":{"uv":[3.6875,6,3.5,5.6875],"texture":"#3"},"down":{"uv":[3.875,5.6875,3.6875,6],"texture":"#3"}}},{"from":[26.5,12.075,11.375],"to":[28.5,14.075,13.375],"rotation":{"angle":0,"axis":"y","origin":[27.5,13.875,11]},"faces":{"north":{"uv":[5.875,5.875,6,6],"texture":"#3"},"east":{"uv":[5.9375,3.0625,6.0625,3.1875],"texture":"#3"},"south":{"uv":[5.9375,3.1875,6.0625,3.3125],"texture":"#3"},"west":{"uv":[5.9375,3.3125,6.0625,3.4375],"texture":"#3"},"up":{"uv":[6.0625,3.5625,5.9375,3.4375],"texture":"#3"},"down":{"uv":[6.0625,3.5625,5.9375,3.6875],"texture":"#3"}}},{"from":[26.4,11.975,12.625],"to":[28.6,14.175,13.625],"rotation":{"angle":0,"axis":"y","origin":[27.5,13.875,11]},"faces":{"north":{"uv":[5.9375,3.6875,6.0625,3.8125],"texture":"#3"},"east":{"uv":[2.6875,4.4375,2.75,4.5625],"texture":"#3"},"south":{"uv":[5.9375,3.8125,6.0625,3.9375],"texture":"#3"},"west":{"uv":[2.6875,4.5625,2.75,4.6875],"texture":"#3"},"up":{"uv":[6.125,0.1875,6,0.125],"texture":"#3"},"down":{"uv":[6.125,0.1875,6,0.25],"texture":"#3"}}},{"from":[24,14.575,6.375],"to":[27,17.575,11.375],"rotation":{"angle":0,"axis":"y","origin":[25.5,16.875,11]},"faces":{"north":{"uv":[5.8125,5.6875,6,5.875],"texture":"#3"},"east":{"uv":[2.875,5.6875,3.1875,5.875],"texture":"#3"},"south":{"uv":[2.875,5.875,3.0625,6.0625],"texture":"#3"},"west":{"uv":[3.1875,5.6875,3.5,5.875],"texture":"#3"},"up":{"uv":[3.6875,6,3.5,5.6875],"texture":"#3"},"down":{"uv":[3.875,5.6875,3.6875,6],"texture":"#3"}}},{"from":[24.5,15.075,11.375],"to":[26.5,17.075,13.375],"rotation":{"angle":0,"axis":"y","origin":[25.5,16.875,11]},"faces":{"north":{"uv":[5.875,5.875,6,6],"texture":"#3"},"east":{"uv":[5.9375,3.0625,6.0625,3.1875],"texture":"#3"},"south":{"uv":[5.9375,3.1875,6.0625,3.3125],"texture":"#3"},"west":{"uv":[5.9375,3.3125,6.0625,3.4375],"texture":"#3"},"up":{"uv":[6.0625,3.5625,5.9375,3.4375],"texture":"#3"},"down":{"uv":[6.0625,3.5625,5.9375,3.6875],"texture":"#3"}}},{"from":[24.4,14.975,12.625],"to":[26.6,17.175,13.625],"rotation":{"angle":0,"axis":"y","origin":[25.5,16.875,11]},"faces":{"north":{"uv":[5.9375,3.6875,6.0625,3.8125],"texture":"#3"},"east":{"uv":[2.6875,4.4375,2.75,4.5625],"texture":"#3"},"south":{"uv":[5.9375,3.8125,6.0625,3.9375],"texture":"#3"},"west":{"uv":[2.6875,4.5625,2.75,4.6875],"texture":"#3"},"up":{"uv":[6.125,0.1875,6,0.125],"texture":"#3"},"down":{"uv":[6.125,0.1875,6,0.25],"texture":"#3"}}},{"from":[18,11.575,6.375],"to":[21,14.575,11.375],"rotation":{"angle":0,"axis":"y","origin":[19.5,13.875,11]},"faces":{"north":{"uv":[5.8125,5.6875,6,5.875],"texture":"#3"},"east":{"uv":[2.875,5.6875,3.1875,5.875],"texture":"#3"},"south":{"uv":[2.875,5.875,3.0625,6.0625],"texture":"#3"},"west":{"uv":[3.1875,5.6875,3.5,5.875],"texture":"#3"},"up":{"uv":[3.6875,6,3.5,5.6875],"texture":"#3"},"down":{"uv":[3.875,5.6875,3.6875,6],"texture":"#3"}}},{"from":[18.5,12.075,11.375],"to":[20.5,14.075,13.375],"rotation":{"angle":0,"axis":"y","origin":[19.5,13.875,11]},"faces":{"north":{"uv":[5.875,5.875,6,6],"texture":"#3"},"east":{"uv":[5.9375,3.0625,6.0625,3.1875],"texture":"#3"},"south":{"uv":[5.9375,3.1875,6.0625,3.3125],"texture":"#3"},"west":{"uv":[5.9375,3.3125,6.0625,3.4375],"texture":"#3"},"up":{"uv":[6.0625,3.5625,5.9375,3.4375],"texture":"#3"},"down":{"uv":[6.0625,3.5625,5.9375,3.6875],"texture":"#3"}}},{"from":[18.4,11.975,12.625],"to":[20.6,14.175,13.625],"rotation":{"angle":0,"axis":"y","origin":[19.5,13.875,11]},"faces":{"north":{"uv":[5.9375,3.6875,6.0625,3.8125],"texture":"#3"},"east":{"uv":[2.6875,4.4375,2.75,4.5625],"texture":"#3"},"south":{"uv":[5.9375,3.8125,6.0625,3.9375],"texture":"#3"},"west":{"uv":[2.6875,4.5625,2.75,4.6875],"texture":"#3"},"up":{"uv":[6.125,0.1875,6,0.125],"texture":"#3"},"down":{"uv":[6.125,0.1875,6,0.25],"texture":"#3"}}},{"from":[20,14.575,6.375],"to":[23,17.575,11.375],"rotation":{"angle":0,"axis":"y","origin":[21.5,16.875,11]},"faces":{"north":{"uv":[5.8125,5.6875,6,5.875],"texture":"#3"},"east":{"uv":[2.875,5.6875,3.1875,5.875],"texture":"#3"},"south":{"uv":[2.875,5.875,3.0625,6.0625],"texture":"#3"},"west":{"uv":[3.1875,5.6875,3.5,5.875],"texture":"#3"},"up":{"uv":[3.6875,6,3.5,5.6875],"texture":"#3"},"down":{"uv":[3.875,5.6875,3.6875,6],"texture":"#3"}}},{"from":[20.5,15.075,11.375],"to":[22.5,17.075,13.375],"rotation":{"angle":0,"axis":"y","origin":[21.5,16.875,11]},"faces":{"north":{"uv":[5.875,5.875,6,6],"texture":"#3"},"east":{"uv":[5.9375,3.0625,6.0625,3.1875],"texture":"#3"},"south":{"uv":[5.9375,3.1875,6.0625,3.3125],"texture":"#3"},"west":{"uv":[5.9375,3.3125,6.0625,3.4375],"texture":"#3"},"up":{"uv":[6.0625,3.5625,5.9375,3.4375],"texture":"#3"},"down":{"uv":[6.0625,3.5625,5.9375,3.6875],"texture":"#3"}}},{"from":[20.4,14.975,12.625],"to":[22.6,17.175,13.625],"rotation":{"angle":0,"axis":"y","origin":[21.5,16.875,11]},"faces":{"north":{"uv":[5.9375,3.6875,6.0625,3.8125],"texture":"#3"},"east":{"uv":[2.6875,4.4375,2.75,4.5625],"texture":"#3"},"south":{"uv":[5.9375,3.8125,6.0625,3.9375],"texture":"#3"},"west":{"uv":[2.6875,4.5625,2.75,4.6875],"texture":"#3"},"up":{"uv":[6.125,0.1875,6,0.125],"texture":"#3"},"down":{"uv":[6.125,0.1875,6,0.25],"texture":"#3"}}},{"from":[26.11575,3,6.76955],"to":[28.61575,6,6.76955],"rotation":{"angle":22.5,"axis":"y","origin":[27.36575,4.625,5.96955]},"faces":{"north":{"uv":[5.75,3.625,5.9375,3.8125],"texture":"#3"},"east":{"uv":[0,0,0,0.1875],"texture":"#3"},"south":{"uv":[5.75,3.8125,5.9375,4],"texture":"#3"},"west":{"uv":[0,0,0,0.1875],"texture":"#3"},"up":{"uv":[0.1875,0,0,0],"texture":"#3"},"down":{"uv":[0.1875,0,0,0],"texture":"#3"}}}],"gui_light":"front","display":{"thirdperson_righthand":{"rotation":[49,0,0],"translation":[-1,0,-0.5],"scale":[0.18,0.18,0.18]},"thirdperson_lefthand":{"rotation":[49,0,0],"translation":[-1,0,-0.5],"scale":[0.18,0.18,0.18]},"firstperson_righthand":{"rotation":[0,-52,0],"translation":[-1,4.75,1.75],"scale":[0.19,0.19,0.19]},"firstperson_lefthand":{"rotation":[0,-52,0],"translation":[-1,4.75,1.75],"scale":[0.19,0.19,0.19]},"ground":{"translation":[0,2.25,0],"scale":[0.2,0.2,0.2]},"gui":{"rotation":[11.75,0,0],"scale":[0.32,0.32,0.32]},"head":{"scale":[0,0,0]},"fixed":{"rotation":[-90,0,0],"translation":[0,0,-16],"scale":[2,2,2]}},"mcmodels":"8e0e5cf7a822f85d549f98a891afe0a2"}