{
	"credit": "by w11shes",
	"texture_size": [64, 64],
	"textures": {
		"0": "elitecreatures:minotaur_assortment/crossbow",
		"particle": "elitecreatures:minotaur_assortment/crossbow"
	},
	"elements": [
		{
			"from": [6, 0, -1],
			"to": [10, 4, 18],
			"rotation": {"angle": 0, "axis": "y", "origin": [0, 1, 0]},
			"faces": {
				"north": {"uv": [1.5, 5.75, 2.5, 6.75], "texture": "#0"},
				"east": {"uv": [4.75, 0, 0, 1], "texture": "#0"},
				"west": {"uv": [0, 0, 4.75, 1], "texture": "#0"},
				"up": {"uv": [1, 5.75, 0, 1], "texture": "#0"},
				"down": {"uv": [2, 1, 1, 5.75], "texture": "#0"}
			}
		},
		{
			"from": [5.98, 0, 18],
			"to": [10.02, 4, 23],
			"rotation": {"angle": 45, "axis": "x", "origin": [11, 4, 18]},
			"faces": {
				"east": {"uv": [6.25, 1.25, 5, 2.25], "texture": "#0"},
				"west": {"uv": [5, 1.25, 6.25, 2.25], "texture": "#0"},
				"up": {"uv": [6, 3.5, 5, 2.25], "texture": "#0"},
				"down": {"uv": [6, 3.5, 5, 4.75], "texture": "#0"}
			}
		},
		{
			"from": [5, -1, 23],
			"to": [11, 5, 26],
			"rotation": {"angle": 45, "axis": "x", "origin": [11, 4, 18]},
			"faces": {
				"north": {"uv": [2, 2.75, 3.5, 4.25], "texture": "#0"},
				"east": {"uv": [5, 4.75, 5.75, 6.25], "texture": "#0"},
				"south": {"uv": [3.5, 1, 5, 2.5], "texture": "#0"},
				"west": {"uv": [5, 4.75, 5.75, 6.25], "texture": "#0"},
				"up": {"uv": [4.75, 6.25, 3.25, 5.5], "texture": "#0"},
				"down": {"uv": [1.5, 5.75, 0, 6.5], "texture": "#0"}
			}
		},
		{
			"from": [-4.07612, 2, 0.61732],
			"to": [3.92388, 4, 2.61732],
			"rotation": {"angle": 22.5, "axis": "y", "origin": [6.92388, 1, 0.61732]},
			"faces": {
				"north": {"uv": [5.75, 4.75, 7.75, 5.25], "texture": "#0"},
				"south": {"uv": [5.75, 5.25, 7.75, 5.75], "texture": "#0"},
				"up": {"uv": [7.75, 6.25, 5.75, 5.75], "texture": "#0"},
				"down": {"uv": [8, 2.25, 6, 2.75], "texture": "#0"}
			}
		},
		{
			"from": [-4.07612, 3.96, 2.61732],
			"to": [-1.07612, 4, 4.61732],
			"rotation": {"angle": 22.5, "axis": "y", "origin": [6.92388, 1, 0.61732]},
			"faces": {
				"up": {"uv": [2.25, 7.25, 1.5, 6.75], "texture": "#0"},
				"down": {"uv": [2.25, 6.75, 1.5, 7.25], "texture": "#0"}
			}
		},
		{
			"from": [-6.47135, 1, 5.66413],
			"to": [-2.47135, 5, 9.66413],
			"rotation": {"angle": -22.5, "axis": "y", "origin": [2.52865, -1, 7.66413]},
			"faces": {
				"north": {"uv": [6, 2.75, 7, 3.75], "texture": "#0"},
				"east": {"uv": [6, 3.75, 7, 4.75], "texture": "#0"},
				"south": {"uv": [6, 2.75, 7, 3.75], "texture": "#0"},
				"west": {"uv": [6.25, 0, 7.25, 1], "texture": "#0"},
				"up": {"uv": [7.25, 2, 6.25, 1], "texture": "#0"},
				"down": {"uv": [7.25, 2, 6.25, 1], "texture": "#0"}
			}
		},
		{
			"from": [-11.47135, 3, 3.66413],
			"to": [-6.47135, 3.05, 9.66413],
			"rotation": {"angle": -22.5, "axis": "y", "origin": [2.52865, -1, 7.66413]},
			"faces": {
				"up": {"uv": [3.25, 5.75, 2, 4.25], "texture": "#0"},
				"down": {"uv": [3.25, 4.25, 2, 5.75], "texture": "#0"}
			}
		},
		{
			"from": [5, 1, 0],
			"to": [8, 6, 5],
			"rotation": {"angle": 22.5, "axis": "z", "origin": [5, 0, 2]},
			"faces": {
				"north": {"uv": [2.5, 5.75, 3.25, 7], "texture": "#0"},
				"east": {"uv": [5, 0, 6.25, 1.25], "texture": "#0"},
				"south": {"uv": [2.5, 5.75, 3.25, 7], "texture": "#0"},
				"west": {"uv": [5, 0, 6.25, 1.25], "texture": "#0"},
				"up": {"uv": [4, 7.5, 3.25, 6.25], "texture": "#0"},
				"down": {"uv": [4.75, 6.25, 4, 7.5], "texture": "#0"}
			}
		},
		{
			"from": [5, 0.4, -6],
			"to": [11, 2.4, 0],
			"rotation": {"angle": 22.5, "axis": "x", "origin": [7, 0.4, -1]},
			"faces": {
				"north": {"uv": [4.75, 6.25, 6.25, 6.75], "texture": "#0"},
				"east": {"uv": [1.5, 6.5, 0, 7], "texture": "#0"},
				"south": {"uv": [6.25, 6.25, 7.75, 6.75], "texture": "#0"},
				"west": {"uv": [0, 6.5, 1.5, 7], "texture": "#0"},
				"up": {"uv": [5, 4, 3.5, 2.5], "texture": "#0"},
				"down": {"uv": [5, 4, 3.5, 5.5], "texture": "#0"}
			}
		},
		{
			"from": [10, 2.4, -1],
			"to": [6, 0.4, -5],
			"rotation": {"angle": 22.5, "axis": "x", "origin": [7, 0.4, -1]},
			"faces": {
				"east": {"uv": [0.25, 7, 1.25, 6.5], "texture": "#0"},
				"south": {"uv": [5, 6.75, 6, 6.25], "texture": "#0"},
				"west": {"uv": [1.25, 7, 0.25, 6.5], "texture": "#0"}
			}
		},
		{
			"from": [0, 4, 6.8],
			"to": [16, 4.05, 7.8],
			"faces": {
				"up": {"uv": [10.25, 2.25, 6.25, 2], "texture": "#0"},
				"down": {"uv": [10.25, 2.25, 6.25, 2], "texture": "#0"}
			}
		},
		{
			"from": [-4.2, 2.62, 3.2],
			"to": [1.8, 9.62, 3.25],
			"rotation": {"angle": -45, "axis": "y", "origin": [5, 2.5, 3]},
			"faces": {
				"north": {"uv": [2, 1, 3.5, 2.75], "texture": "#0"},
				"south": {"uv": [3.5, 1, 2, 2.75], "texture": "#0"}
			}
		},
		{
			"from": [-0.2, 2.6, 2.2],
			"to": [3.8, 4.6, 4.2],
			"rotation": {"angle": -45, "axis": "y", "origin": [5, 2.5, 3]},
			"faces": {
				"north": {"uv": [0, 7, 1, 7.5], "texture": "#0"},
				"south": {"uv": [1, 7, 0, 7.5], "texture": "#0"},
				"west": {"uv": [1.5, 7, 1, 7.5], "texture": "#0"},
				"up": {"uv": [2, 7.5, 1, 8], "texture": "#0"},
				"down": {"uv": [1, 7.5, 0, 8], "texture": "#0"}
			}
		},
		{
			"from": [12.2, 2.6, 2.2],
			"to": [16.2, 4.6, 4.2],
			"rotation": {"angle": 45, "axis": "y", "origin": [11, 2.5, 3]},
			"faces": {
				"north": {"uv": [1, 7, 0, 7.5], "texture": "#0"},
				"east": {"uv": [1, 7, 1.5, 7.5], "texture": "#0"},
				"south": {"uv": [0, 7, 1, 7.5], "texture": "#0"},
				"up": {"uv": [1, 7.5, 2, 8], "texture": "#0"},
				"down": {"uv": [0, 7.5, 1, 8], "texture": "#0"}
			}
		},
		{
			"from": [14.2, 2.62, 3.2],
			"to": [20.2, 9.62, 3.25],
			"rotation": {"angle": 45, "axis": "y", "origin": [11, 2.5, 3]},
			"faces": {
				"north": {"uv": [3.5, 1, 2, 2.75], "texture": "#0"},
				"south": {"uv": [2, 1, 3.5, 2.75], "texture": "#0"}
			}
		},
		{
			"from": [8, 1, 0],
			"to": [11, 6, 5],
			"rotation": {"angle": -22.5, "axis": "z", "origin": [11, 0, 2]},
			"faces": {
				"north": {"uv": [3.25, 5.75, 2.5, 7], "texture": "#0"},
				"east": {"uv": [6.25, 0, 5, 1.25], "texture": "#0"},
				"south": {"uv": [3.25, 5.75, 2.5, 7], "texture": "#0"},
				"west": {"uv": [6.25, 0, 5, 1.25], "texture": "#0"},
				"up": {"uv": [3.25, 7.5, 4, 6.25], "texture": "#0"},
				"down": {"uv": [4, 6.25, 4.75, 7.5], "texture": "#0"}
			}
		},
		{
			"from": [12.07612, 2, 0.61732],
			"to": [20.07612, 4, 2.61732],
			"rotation": {"angle": -22.5, "axis": "y", "origin": [9.07612, 1, 0.61732]},
			"faces": {
				"north": {"uv": [7.75, 4.75, 5.75, 5.25], "texture": "#0"},
				"south": {"uv": [7.75, 5.25, 5.75, 5.75], "texture": "#0"},
				"up": {"uv": [5.75, 6.25, 7.75, 5.75], "texture": "#0"},
				"down": {"uv": [6, 2.25, 8, 2.75], "texture": "#0"}
			}
		},
		{
			"from": [18.47135, 1, 5.66413],
			"to": [22.47135, 5, 9.66413],
			"rotation": {"angle": 22.5, "axis": "y", "origin": [13.47135, -1, 7.66413]},
			"faces": {
				"north": {"uv": [7, 2.75, 6, 3.75], "texture": "#0"},
				"east": {"uv": [7.25, 0, 6.25, 1], "texture": "#0"},
				"south": {"uv": [7, 2.75, 6, 3.75], "texture": "#0"},
				"west": {"uv": [7, 3.75, 6, 4.75], "texture": "#0"},
				"up": {"uv": [6.25, 2, 7.25, 1], "texture": "#0"},
				"down": {"uv": [6.25, 2, 7.25, 1], "texture": "#0"}
			}
		},
		{
			"from": [22.47135, 3, 3.66413],
			"to": [27.47135, 3.05, 9.66413],
			"rotation": {"angle": 22.5, "axis": "y", "origin": [13.47135, -1, 7.66413]},
			"faces": {
				"up": {"uv": [2, 5.75, 3.25, 4.25], "texture": "#0"},
				"down": {"uv": [2, 4.25, 3.25, 5.75], "texture": "#0"}
			}
		},
		{
			"from": [17.07612, 3.96, 2.61732],
			"to": [20.07612, 4, 4.61732],
			"rotation": {"angle": -22.5, "axis": "y", "origin": [9.07612, 1, 0.61732]},
			"faces": {
				"up": {"uv": [1.5, 7.25, 2.25, 6.75], "texture": "#0"},
				"down": {"uv": [1.5, 6.75, 2.25, 7.25], "texture": "#0"}
			}
		},
		{
			"from": [7, 0, 6],
			"to": [9, 2, 15],
			"rotation": {"angle": 22.5, "axis": "x", "origin": [8, 0, 6]},
			"faces": {
				"east": {"uv": [9.5, 0, 7.25, 0.5], "texture": "#0"},
				"south": {"uv": [9.5, 0, 10, 0.5], "texture": "#0"},
				"west": {"uv": [7.25, 0, 9.5, 0.5], "texture": "#0"},
				"up": {"uv": [7.25, 0.5, 9.5, 1], "rotation": 90, "texture": "#0"},
				"down": {"uv": [7.25, 1, 9.5, 1.5], "rotation": 90, "texture": "#0"}
			}
		}
	],
	"gui_light": "front",
	"display": {
		"thirdperson_righthand": {
			"translation": [0, 5.25, -1.25],
			"scale": [0.6, 0.6, 0.6]
		},
		"thirdperson_lefthand": {
			"translation": [0, 5.25, -1.25],
			"scale": [0.6, 0.6, 0.6]
		},
		"firstperson_righthand": {
			"translation": [-2.25, 6.5, 3],
			"scale": [0.6, 0.6, 0.6]
		},
		"firstperson_lefthand": {
			"translation": [-2.25, 6.5, 3],
			"scale": [0.6, 0.6, 0.6]
		},
		"ground": {
			"translation": [0, 1.25, 0],
			"scale": [0.45, 0.45, 0.45]
		},
		"gui": {
			"rotation": [37, 142, 0],
			"translation": [0.5, 2.5, 0],
			"scale": [0.6, 0.6, 0.6]
		},
		"head": {
			"translation": [0, 10, -4.75],
			"scale": [0.6, 0.6, 0.6]
		},
		"fixed": {
			"rotation": [-90, 0, 0],
			"translation": [0, -1.5, -13.5],
			"scale": [1.2, 1.2, 1.2]
		}
	}
}