{
	"credit": "by w11shes",
	"texture_size": [32, 32],
	"textures": {
		"0": "elitecreatures:minotaur_assortment/shovel",
		"particle": "elitecreatures:minotaur_assortment/shovel"
	},
	"elements": [
		{
			"from": [6.08579, -11, 6.41421],
			"to": [10.08579, -7, 10.41421],
			"rotation": {"angle": -22.5, "axis": "x", "origin": [8.08579, -7, 7]},
			"faces": {
				"north": {"uv": [4.5, 4, 6.5, 6], "texture": "#0"},
				"east": {"uv": [4.5, 4, 6.5, 6], "texture": "#0"},
				"south": {"uv": [4.5, 4, 6.5, 6], "texture": "#0"},
				"west": {"uv": [4.5, 4, 6.5, 6], "texture": "#0"},
				"up": {"uv": [2, 8.5, 0, 6.5], "rotation": 90, "texture": "#0"},
				"down": {"uv": [8, 0, 6, 2], "rotation": 270, "texture": "#0"}
			}
		},
		{
			"from": [8.03579, -16, 6.41421],
			"to": [8.08579, -11, 12.41421],
			"rotation": {"angle": -22.5, "axis": "x", "origin": [8.08579, -7, 7]},
			"faces": {
				"east": {"uv": [0, 4, 3, 6.5], "texture": "#0"},
				"west": {"uv": [3, 4, 0, 6.5], "texture": "#0"}
			}
		},
		{
			"from": [7.53579, -14, 6.41421],
			"to": [8.58579, -11, 9.41421],
			"rotation": {"angle": -22.5, "axis": "x", "origin": [7.58579, -7, 7]},
			"faces": {
				"north": {"uv": [2.5, 4, 3, 5.5], "texture": "#0"},
				"east": {"uv": [1.5, 4, 3, 5.5], "texture": "#0"},
				"south": {"uv": [1.5, 4, 2, 5.5], "texture": "#0"},
				"west": {"uv": [3, 4, 1.5, 5.5], "texture": "#0"},
				"down": {"uv": [3, 5, 1.5, 5.5], "rotation": 270, "texture": "#0"}
			}
		},
		{
			"from": [7.08579, -7, 7.41421],
			"to": [9.08579, 7, 9.41421],
			"rotation": {"angle": 45, "axis": "y", "origin": [8.08579, 0.5, 8.41421]},
			"faces": {
				"north": {"uv": [9, 0, 8, 7], "texture": "#0"},
				"east": {"uv": [8, 0, 9, 7], "texture": "#0"},
				"south": {"uv": [9, 0, 8, 7], "texture": "#0"},
				"west": {"uv": [8, 0, 9, 7], "texture": "#0"}
			}
		},
		{
			"from": [6.58579, 7, 6.91421],
			"to": [9.58579, 15, 9.91421],
			"rotation": {"angle": 0, "axis": "y", "origin": [8.08579, 3.5, 8.41421]},
			"faces": {
				"north": {"uv": [4.5, 0, 6, 4], "texture": "#0"},
				"east": {"uv": [4.5, 0, 6, 4], "texture": "#0"},
				"south": {"uv": [4.5, 0, 6, 4], "texture": "#0"},
				"west": {"uv": [4.5, 0, 6, 4], "texture": "#0"},
				"up": {"uv": [6, 7.5, 4.5, 6], "rotation": 90, "texture": "#0"},
				"down": {"uv": [7.5, 6, 6, 7.5], "rotation": 270, "texture": "#0"}
			}
		},
		{
			"from": [8.03579, 12.5, 4.91421],
			"to": [8.08579, 20.5, 12.91421],
			"rotation": {"angle": -45, "axis": "x", "origin": [8.06079, 16, 8.41421]},
			"faces": {
				"east": {"uv": [0, 0, 4, 4], "texture": "#0"},
				"west": {"uv": [4, 0, 0, 4], "texture": "#0"}
			}
		},
		{
			"from": [7.53579, 12.5, 4.91421],
			"to": [8.58579, 18.5, 10.91421],
			"rotation": {"angle": -45, "axis": "x", "origin": [7.56079, 16, 8.41421]},
			"faces": {
				"north": {"uv": [3.5, 1, 4, 4], "texture": "#0"},
				"east": {"uv": [1, 1, 4, 4], "texture": "#0"},
				"south": {"uv": [1, 1, 1.5, 4], "texture": "#0"},
				"west": {"uv": [4, 1, 1, 4], "texture": "#0"},
				"up": {"uv": [4, 1, 1, 1.5], "rotation": 90, "texture": "#0"},
				"down": {"uv": [4, 3.5, 1, 4], "rotation": 270, "texture": "#0"}
			}
		},
		{
			"from": [7.58579, 8, 3.41421],
			"to": [8.58579, 11, 7.41421],
			"rotation": {"angle": 22.5, "axis": "x", "origin": [8.08579, 8, 6.91421]},
			"faces": {
				"north": {"uv": [7.5, 2, 8, 3.5], "texture": "#0"},
				"east": {"uv": [6, 2, 8, 3.5], "texture": "#0"},
				"west": {"uv": [8, 2, 6, 3.5], "texture": "#0"},
				"up": {"uv": [8, 2, 6, 2.5], "rotation": 90, "texture": "#0"},
				"down": {"uv": [6, 3, 8, 3.5], "rotation": 270, "texture": "#0"}
			}
		},
		{
			"from": [8.03579, 8, 0.41421],
			"to": [8.08579, 13, 3.41421],
			"rotation": {"angle": 22.5, "axis": "x", "origin": [8.08579, 8, 6.91421]},
			"faces": {
				"east": {"uv": [2, 6.5, 3.5, 9], "texture": "#0"},
				"west": {"uv": [3.5, 6.5, 2, 9], "texture": "#0"}
			}
		},
		{
			"from": [8.03579, 8, 13.41421],
			"to": [8.08579, 13, 16.41421],
			"rotation": {"angle": -22.5, "axis": "x", "origin": [8.08579, 8, 9.91421]},
			"faces": {
				"east": {"uv": [3.5, 6.5, 2, 9], "texture": "#0"},
				"west": {"uv": [2, 6.5, 3.5, 9], "texture": "#0"}
			}
		},
		{
			"from": [7.58579, 8, 9.41421],
			"to": [8.58579, 11, 13.41421],
			"rotation": {"angle": -22.5, "axis": "x", "origin": [8.08579, 8, 9.91421]},
			"faces": {
				"east": {"uv": [8, 2, 6, 3.5], "texture": "#0"},
				"south": {"uv": [8, 2, 7.5, 3.5], "texture": "#0"},
				"west": {"uv": [6, 2, 8, 3.5], "texture": "#0"},
				"up": {"uv": [6, 2, 8, 2.5], "rotation": 90, "texture": "#0"},
				"down": {"uv": [8, 3, 6, 3.5], "rotation": 270, "texture": "#0"}
			}
		}
	],
	"gui_light": "front",
	"display": {
		"thirdperson_righthand": {
			"translation": [-0.25, 3.25, 0.25],
			"scale": [0.6, 0.6, 0.6]
		},
		"thirdperson_lefthand": {
			"translation": [-0.25, 3.25, 0.25],
			"scale": [0.6, 0.6, 0.6]
		},
		"firstperson_righthand": {
			"rotation": [14, 22, 0],
			"translation": [0.75, 2.5, -1.75],
			"scale": [0.54883, 0.54883, 0.54883]
		},
		"firstperson_lefthand": {
			"rotation": [14, 22, 0],
			"translation": [0.75, 2.5, -1.75],
			"scale": [0.54883, 0.54883, 0.54883]
		},
		"ground": {
			"rotation": [94, 85, 0],
			"translation": [0, 0.25, -0.75],
			"scale": [0.5, 0.5, 0.5]
		},
		"gui": {
			"rotation": [-90, 45, 88],
			"translation": [0, 0.25, 0],
			"scale": [0.48, 0.48, 0.48]
		},
		"head": {
			"rotation": [90, -171, 90],
			"translation": [-2.25, 9.25, 0.25],
			"scale": [0.7, 0.7, 0.7]
		},
		"fixed": {
			"rotation": [0, 90, 0],
			"translation": [0, 0.25, -1.25],
			"scale": [1.2, 1.2, 1.2]
		}
	}
}