{
	"credit": "Made with Blockbench",
	"texture_size": [128, 128],
	"textures": {
		"0": "elitecreatures:krampus_animated/krampus_texture",
		"1": "elitecreatures:krampus_animated/krampus_animation",
		"2": "elitecreatures:krampus_animated/krampus_animation2",
		"particle": "elitecreatures:krampus_animated/krampus_texture"
	},
	"elements": [
		{
			"from": [0, 0, 0],
			"to": [16, 12, 16],
			"rotation": {"angle": 0, "axis": "y", "origin": [7, 0, 9]},
			"faces": {
				"north": {"uv": [5.125, 9.25, 3.125, 10.75], "texture": "#0"},
				"east": {"uv": [7.375, 10.75, 9.375, 12.25], "texture": "#0"},
				"south": {"uv": [9.375, 9.25, 7.375, 10.75], "texture": "#0"},
				"west": {"uv": [9.375, 10.75, 7.375, 12.25], "texture": "#0"},
				"up": {"uv": [3.125, 14.75, 5.125, 12.75], "texture": "#0"},
				"down": {"uv": [3.125, 12.75, 5.125, 10.75], "texture": "#0"}
			}
		},
		{
			"from": [-1.5, 13.5, -1],
			"to": [1.5, 14.5, 2],
			"rotation": {"angle": 0, "axis": "y", "origin": [0, 15.125, 0.5]},
			"faces": {
				"north": {"uv": [2.3125, 2.8125, 1.9375, 2.9375], "texture": "#0"},
				"east": {"uv": [2.3125, 2.6875, 1.9375, 2.8125], "texture": "#0"},
				"south": {"uv": [1.9375, 2.9375, 2.3125, 3.0625], "texture": "#0"},
				"west": {"uv": [1.9375, 2.6875, 2.3125, 2.8125], "texture": "#0"},
				"up": {"uv": [3.0625, 1.5625, 3.4375, 1.9375], "texture": "#0"},
				"down": {"uv": [3.4375, 1.5625, 3.8125, 1.9375], "texture": "#0"}
			}
		},
		{
			"from": [0, 14.5, -1.5],
			"to": [0, 18, 2.5],
			"rotation": {"angle": 45, "axis": "y", "origin": [0, 15.125, 0.5]},
			"faces": {
				"north": {"uv": [0, 0, 0, 0.4375], "texture": "#missing"},
				"east": {"uv": [5.0625, 0.875, 4.5625, 1.3125], "texture": "#0"},
				"south": {"uv": [0, 0, 0, 0.4375], "texture": "#missing"},
				"west": {"uv": [4.5625, 0.875, 5.0625, 1.3125], "texture": "#0"},
				"up": {"uv": [0, 0, 0, 0.5], "texture": "#missing"},
				"down": {"uv": [0, 0, 0, 0.5], "texture": "#missing"}
			}
		},
		{
			"from": [0, 14.5, -1.5],
			"to": [0, 18, 2.5],
			"rotation": {"angle": -45, "axis": "y", "origin": [0, 15.125, 0.5]},
			"faces": {
				"north": {"uv": [0, 0, 0, 0.4375], "texture": "#missing"},
				"east": {"uv": [5.0625, 0.875, 4.5625, 1.3125], "texture": "#0"},
				"south": {"uv": [0, 0, 0, 0.4375], "texture": "#missing"},
				"west": {"uv": [4.5625, 0.875, 5.0625, 1.3125], "texture": "#0"},
				"up": {"uv": [0, 0, 0, 0.5], "texture": "#missing"},
				"down": {"uv": [0, 0, 0, 0.5], "texture": "#missing"}
			}
		},
		{
			"from": [-1, 11, -1],
			"to": [17, 17, 17],
			"rotation": {"angle": 22.5, "axis": "x", "origin": [7, 12, 17]},
			"faces": {
				"north": {"uv": [7.375, 9.25, 5.125, 10], "texture": "#0"},
				"east": {"uv": [7.375, 13, 9.625, 13.75], "texture": "#0"},
				"south": {"uv": [9.625, 12.25, 7.375, 13], "texture": "#0"},
				"west": {"uv": [9.625, 13, 7.375, 13.75], "texture": "#0"},
				"up": {"uv": [5.125, 12.25, 7.375, 10], "texture": "#0"},
				"down": {"uv": [5.125, 14.5, 7.375, 12.25], "texture": "#0"}
			}
		},
		{
			"from": [5.5, 17, 5.5],
			"to": [10.5, 20, 10.5],
			"rotation": {"angle": 22.5, "axis": "x", "origin": [6.5, 12, 17]},
			"faces": {
				"north": {"uv": [2.125, 12.375, 1.5, 12.75], "texture": "#0"},
				"east": {"uv": [2.125, 13.125, 1.5, 13.5], "texture": "#0"},
				"south": {"uv": [2.125, 12.75, 1.5, 13.125], "texture": "#0"},
				"west": {"uv": [1.5, 13.125, 2.125, 13.5], "texture": "#0"},
				"up": {"uv": [1.5, 12.375, 2.125, 11.75], "texture": "#0"},
				"down": {"uv": [1.5, 12.375, 2.125, 11.75], "texture": "#0"}
			}
		},
		{
			"from": [9.5, 19, 7],
			"to": [15.5, 24.5, 9],
			"rotation": {"angle": 22.5, "axis": "x", "origin": [6.5, 12, 17]},
			"faces": {
				"north": {"uv": [3.125, 11.5, 2.375, 12.1875], "texture": "#0"},
				"east": {"uv": [3.125, 12.1875, 2.875, 12.875], "texture": "#0"},
				"south": {"uv": [3.125, 11.5, 2.375, 12.1875], "texture": "#0"},
				"west": {"uv": [3.125, 12.875, 2.875, 13.5625], "texture": "#0"},
				"up": {"uv": [2.125, 12.4375, 2.875, 12.1875], "texture": "#0"},
				"down": {"uv": [2.125, 12.4375, 2.875, 12.1875], "texture": "#0"}
			}
		},
		{
			"from": [0.5, 19, 7],
			"to": [6.5, 24.5, 9],
			"rotation": {"angle": 22.5, "axis": "x", "origin": [9.5, 12, 17]},
			"faces": {
				"north": {"uv": [2.375, 11.5, 3.125, 12.1875], "texture": "#0"},
				"east": {"uv": [2.875, 12.875, 3.125, 13.5625], "texture": "#0"},
				"south": {"uv": [2.375, 11.5, 3.125, 12.1875], "texture": "#0"},
				"west": {"uv": [2.875, 12.1875, 3.125, 12.875], "texture": "#0"},
				"up": {"uv": [2.875, 12.4375, 2.125, 12.1875], "texture": "#0"},
				"down": {"uv": [2.875, 12.4375, 2.125, 12.1875], "texture": "#0"}
			}
		},
		{
			"from": [6.2, 11, -2.2],
			"to": [6.2, 15, 1.8],
			"rotation": {"angle": 22.5, "axis": "y", "origin": [6.2, 13, -0.2]},
			"faces": {
				"north": {"uv": [0, 0, 0, 12], "texture": "#missing"},
				"east": {"uv": [5.125, 0, 5.625, 0.5], "rotation": 270, "texture": "#0"},
				"south": {"uv": [0, 0, 0, 12], "rotation": 180, "texture": "#missing"},
				"west": {"uv": [5.625, 0, 5.125, 0.5], "rotation": 90, "texture": "#0"},
				"up": {"uv": [0, 0, 0, 12], "rotation": 180, "texture": "#missing"},
				"down": {"uv": [0, 0, 0, 12], "texture": "#missing"}
			}
		},
		{
			"from": [10.2, 11, -2.2],
			"to": [10.2, 15, 1.8],
			"rotation": {"angle": -22.5, "axis": "y", "origin": [10.2, 13, -0.2]},
			"faces": {
				"north": {"uv": [0, 0, 0, 12], "texture": "#missing"},
				"east": {"uv": [5.625, 0.5, 5.125, 0], "rotation": 90, "texture": "#0"},
				"south": {"uv": [0, 0, 0, 12], "rotation": 180, "texture": "#missing"},
				"west": {"uv": [5.125, 0.5, 5.625, 0], "rotation": 270, "texture": "#0"},
				"up": {"uv": [0, 0, 0, 12], "rotation": 180, "texture": "#missing"},
				"down": {"uv": [0, 0, 0, 12], "texture": "#missing"}
			}
		},
		{
			"from": [1.1, 13, 1.1],
			"to": [6.1, 17, 1.1],
			"rotation": {"angle": 22.5, "axis": "y", "origin": [5.1, 14, 1.1]},
			"faces": {
				"north": {"uv": [3.875, 0.8125, 4.5, 1.3125], "texture": "#0"},
				"east": {"uv": [0, 0, 0, 0.5], "texture": "#missing"},
				"south": {"uv": [4.5, 0.8125, 3.875, 1.3125], "texture": "#0"},
				"west": {"uv": [0, 0, 0, 0.5], "texture": "#missing"},
				"up": {"uv": [0, 0, 0, 0.625], "rotation": 90, "texture": "#missing"},
				"down": {"uv": [0, 0, 0, 0.625], "rotation": 270, "texture": "#missing"}
			}
		},
		{
			"from": [4.05, 17.24329, -1.25502],
			"to": [5.55, 22.24329, 1.24498],
			"rotation": {"angle": 22.5, "axis": "y", "origin": [4.70745, 22.22164, -0.64485]},
			"faces": {
				"north": {"uv": [1.125, 1, 0.9375, 1.625], "texture": "#0"},
				"east": {"uv": [0.625, 1, 0.9375, 1.625], "texture": "#0"},
				"south": {"uv": [1.25, 1, 1.4375, 1.625], "texture": "#0"},
				"west": {"uv": [0.9375, 1, 0.625, 1.625], "texture": "#0"},
				"up": {"uv": [1.8125, 0.3125, 1.625, 0], "rotation": 180, "texture": "#0"},
				"down": {"uv": [1.8125, 0.3125, 1.625, 0], "rotation": 180, "texture": "#0"}
			}
		},
		{
			"from": [4.86679, 21.7, -3.27139],
			"to": [4.86679, 27.7, 0.72861],
			"rotation": {"angle": 45, "axis": "y", "origin": [4.70745, 22.22164, -0.64485]},
			"faces": {
				"north": {"uv": [0.9375, 1, 1.25, 1.625], "texture": "#0"},
				"east": {"uv": [4.5625, 0, 5.0625, 0.75], "texture": "#0"},
				"south": {"uv": [1.25, 1, 1.5625, 1.625], "texture": "#0"},
				"west": {"uv": [5.0625, 0, 4.5625, 0.75], "texture": "#0"},
				"up": {"uv": [1.9375, 0.3125, 1.625, 0], "rotation": 180, "texture": "#0"},
				"down": {"uv": [1.9375, 0.3125, 1.625, 0], "rotation": 180, "texture": "#0"}
			}
		},
		{
			"from": [4.3, 16.14759, -0.45783],
			"to": [6.3, 19.14759, 4.54217],
			"rotation": {"angle": 22.5, "axis": "x", "origin": [6.38425, 20.23744, -0.68905]},
			"faces": {
				"north": {"uv": [6.375, 6.3125, 6.75, 6.5625], "rotation": 90, "texture": "#0"},
				"east": {"uv": [0.625, 0, 1, 0.625], "rotation": 90, "texture": "#0"},
				"south": {"uv": [2.625, 7.1875, 3, 7.4375], "rotation": 90, "texture": "#0"},
				"west": {"uv": [0.625, 0.625, 1, 0], "rotation": 90, "texture": "#0"},
				"up": {"uv": [1.625, 0.375, 1, 0.625], "rotation": 270, "texture": "#0"},
				"down": {"uv": [1.625, 0.25, 1, 0], "rotation": 270, "texture": "#0"}
			}
		},
		{
			"from": [6.1, 12.5, 0],
			"to": [11.1, 17.5, 0],
			"rotation": {"angle": -45, "axis": "z", "origin": [8.1, 15.5, 2]},
			"faces": {
				"north": {"uv": [0, 0, 10, 10], "texture": "#2"},
				"east": {"uv": [0, 0, 0, 10], "texture": "#missing"},
				"south": {"uv": [0, 0, 10, 10], "texture": "#2"},
				"west": {"uv": [0, 0, 0, 10], "texture": "#missing"},
				"up": {"uv": [0, 10, 0, 0], "rotation": 90, "texture": "#missing"},
				"down": {"uv": [0, 0, 0, 10], "rotation": 270, "texture": "#missing"}
			}
		},
		{
			"from": [6.1, 12.5, 0.1],
			"to": [11.1, 17.5, 4.1],
			"rotation": {"angle": -45, "axis": "z", "origin": [8.1, 15.5, 2.1]},
			"faces": {
				"north": {"uv": [0, 0, 0.625, 0.625], "rotation": 90, "texture": "#0"},
				"east": {"uv": [0, 0.625, 0.625, 1.125], "rotation": 90, "texture": "#0"},
				"south": {"uv": [5.5625, 8.6875, 6.1875, 8.0625], "rotation": 90, "texture": "#0"},
				"west": {"uv": [0, 1.125, 0.625, 1.625], "rotation": 90, "texture": "#0"},
				"up": {"uv": [0.625, 1.125, 0, 1.625], "rotation": 180, "texture": "#0"},
				"down": {"uv": [0, 0.625, 0.625, 1.125], "texture": "#0"}
			}
		},
		{
			"from": [4.6, 11.5, 4.1],
			"to": [11.6, 16.5, 14.1],
			"rotation": {"angle": 0, "axis": "y", "origin": [8.1, 14.99289, 9.1]},
			"faces": {
				"north": {"uv": [0.625, 14.75, 0, 15.625], "rotation": 90, "texture": "#0"},
				"east": {"uv": [0.625, 14.75, 0, 16], "rotation": 90, "texture": "#0"},
				"south": {"uv": [0.625, 14.75, 0, 15.625], "rotation": 90, "texture": "#0"},
				"west": {"uv": [0.625, 14.75, 0, 16], "rotation": 90, "texture": "#0"},
				"up": {"uv": [0, 0.625, 0.625, 1.125], "texture": "#0"},
				"down": {"uv": [0, 1.125, 0.625, 1.625], "texture": "#0"}
			}
		},
		{
			"from": [5, 17, -2.5],
			"to": [11, 28, -2.5],
			"rotation": {"angle": 0, "axis": "y", "origin": [8, 22, -2.5]},
			"faces": {
				"north": {"uv": [0, 0, 6, 11], "texture": "#1"},
				"east": {"uv": [0, 0, 0, 8], "texture": "#missing"},
				"south": {"uv": [6, 0, 0, 11], "texture": "#1"},
				"west": {"uv": [0, 0, 0, 8], "texture": "#missing"},
				"up": {"uv": [0, 6, 0, 0], "rotation": 90, "texture": "#missing"},
				"down": {"uv": [0, 0, 0, 6], "rotation": 270, "texture": "#missing"}
			}
		},
		{
			"from": [9.7, 16.14759, -0.45783],
			"to": [11.7, 19.14759, 4.54217],
			"rotation": {"angle": 22.5, "axis": "x", "origin": [9.61575, 20.23744, -0.68905]},
			"faces": {
				"north": {"uv": [6.375, 6.5625, 6.75, 6.3125], "rotation": 90, "texture": "#0"},
				"east": {"uv": [0.625, 0, 1, 0.625], "rotation": 90, "texture": "#0"},
				"south": {"uv": [2.625, 7.4375, 3, 7.1875], "rotation": 90, "texture": "#0"},
				"west": {"uv": [0.625, 0.625, 1, 0], "rotation": 90, "texture": "#0"},
				"up": {"uv": [1.625, 0.625, 1, 0.375], "rotation": 270, "texture": "#0"},
				"down": {"uv": [1.625, 0, 1, 0.25], "rotation": 270, "texture": "#0"}
			}
		},
		{
			"from": [9.9, 13, 1.1],
			"to": [14.9, 17, 1.1],
			"rotation": {"angle": -22.5, "axis": "y", "origin": [10.9, 14, 1.1]},
			"faces": {
				"north": {"uv": [4.5, 0.8125, 3.875, 1.3125], "texture": "#0"},
				"east": {"uv": [0, 0, 0, 0.5], "texture": "#missing"},
				"south": {"uv": [3.875, 0.8125, 4.5, 1.3125], "texture": "#0"},
				"west": {"uv": [0, 0, 0, 0.5], "texture": "#missing"},
				"up": {"uv": [0, 0.625, 0, 0], "rotation": 90, "texture": "#missing"},
				"down": {"uv": [0, 0.625, 0, 0], "rotation": 270, "texture": "#missing"}
			}
		},
		{
			"from": [10.45, 17.24329, -1.25502],
			"to": [11.95, 22.24329, 1.24498],
			"rotation": {"angle": -22.5, "axis": "y", "origin": [11.29255, 22.22164, -0.64485]},
			"faces": {
				"north": {"uv": [0.9375, 1, 1.125, 1.625], "texture": "#0"},
				"east": {"uv": [0.625, 1, 0.9375, 1.625], "texture": "#0"},
				"south": {"uv": [1.4375, 1, 1.25, 1.625], "texture": "#0"},
				"west": {"uv": [0.9375, 1, 0.625, 1.625], "texture": "#0"},
				"up": {"uv": [1.625, 0.3125, 1.8125, 0], "rotation": 180, "texture": "#0"},
				"down": {"uv": [1.625, 0.3125, 1.8125, 0], "rotation": 180, "texture": "#0"}
			}
		},
		{
			"from": [11.13321, 21.7, -3.27139],
			"to": [11.13321, 27.7, 0.72861],
			"rotation": {"angle": -45, "axis": "y", "origin": [11.29255, 22.22164, -0.64485]},
			"faces": {
				"north": {"uv": [1.25, 1, 0.9375, 1.625], "texture": "#0"},
				"east": {"uv": [4.5625, 0, 5.0625, 0.75], "texture": "#0"},
				"south": {"uv": [1.5625, 1, 1.25, 1.625], "texture": "#0"},
				"west": {"uv": [5.0625, 0, 4.5625, 0.75], "texture": "#0"},
				"up": {"uv": [1.625, 0.3125, 1.9375, 0], "rotation": 180, "texture": "#0"},
				"down": {"uv": [1.625, 0.3125, 1.9375, 0], "rotation": 180, "texture": "#0"}
			}
		}
	],
	"gui_light": "front",
	"display": {
		"thirdperson_righthand": {
			"rotation": [60.75, 0, 0],
			"translation": [0, 2.5, 0],
			"scale": [0.42773, 0.42773, 0.42773]
		},
		"thirdperson_lefthand": {
			"rotation": [60.75, 0, 0],
			"translation": [0, 2.5, 0],
			"scale": [0.42773, 0.42773, 0.42773]
		},
		"firstperson_righthand": {
			"rotation": [-180, 41.75, -180],
			"translation": [12.25, -8, -18.5],
			"scale": [0.80469, 0.80469, 0.80469]
		},
		"firstperson_lefthand": {
			"rotation": [-180, 41.75, -180],
			"translation": [12.25, -8, -18.5],
			"scale": [0.80469, 0.80469, 0.80469]
		},
		"ground": {
			"translation": [0, 0.25, 0],
			"scale": [0.54492, 0.54492, 0.54492]
		},
		"gui": {
			"rotation": [16, 159, 0],
			"translation": [0, -2.5, 0],
			"scale": [0.5, 0.5, 0.5]
		},
		"head": {
			"translation": [0, -32.5, -0.75],
			"scale": [1.2, 1.2, 1.2]
		},
		"fixed": {
			"rotation": [-90, 0, 0],
			"translation": [0, 0, -13.75],
			"scale": [1.8, 1.8, 1.8]
		}
	}
}