{
	"credit": "Made with Blockbench",
	"texture_size": [128, 128],
	"textures": {
		"0": "elitecreatures:krampus_animated/krampus_texture",
		"particle": "elitecreatures:krampus_animated/krampus_texture"
	},
	"elements": [
		{
			"from": [7, -1.45, 9.9],
			"to": [9.1, 2.45, 12],
			"rotation": {"angle": -45, "axis": "y", "origin": [8, -0.75, 10.9]},
			"faces": {
				"north": {"uv": [4.6875, 6.125, 4.4375, 5.625], "texture": "#0"},
				"east": {"uv": [4.4375, 6.125, 4.6875, 5.625], "texture": "#0"},
				"south": {"uv": [4.6875, 6.125, 4.4375, 5.625], "texture": "#0"},
				"west": {"uv": [4.6875, 6.125, 4.4375, 5.625], "texture": "#0"},
				"up": {"uv": [4.9375, 5.875, 4.6875, 5.625], "texture": "#0"},
				"down": {"uv": [4.9375, 5.875, 4.6875, 5.625], "texture": "#0"}
			}
		},
		{
			"from": [7, -1.45, 4],
			"to": [9.1, 2.45, 6.1],
			"rotation": {"angle": 45, "axis": "y", "origin": [8, -0.75, 5.1]},
			"faces": {
				"north": {"uv": [4.4375, 6.125, 4.6875, 5.625], "texture": "#0"},
				"east": {"uv": [4.6875, 6.125, 4.4375, 5.625], "texture": "#0"},
				"south": {"uv": [4.4375, 6.125, 4.6875, 5.625], "texture": "#0"},
				"west": {"uv": [4.4375, 6.125, 4.6875, 5.625], "texture": "#0"},
				"up": {"uv": [4.9375, 5.625, 4.6875, 5.875], "texture": "#0"},
				"down": {"uv": [4.9375, 5.625, 4.6875, 5.875], "texture": "#0"}
			}
		},
		{
			"from": [6.5, -1.5, 5],
			"to": [9.5, 2.5, 11],
			"rotation": {"angle": 0, "axis": "y", "origin": [8, -8.11142, 8.5625]},
			"faces": {
				"north": {"uv": [5.25, 2.125, 5.625, 1.625], "texture": "#0"},
				"east": {"uv": [5.25, 2.125, 4.5, 1.625], "texture": "#0"},
				"south": {"uv": [5.25, 2.125, 5.625, 1.625], "texture": "#0"},
				"west": {"uv": [4.5, 2.125, 5.25, 1.625], "texture": "#0"},
				"up": {"uv": [5.8125, 3.8125, 6.1875, 3.0625], "texture": "#0"},
				"down": {"uv": [5.4375, 3.8125, 5.8125, 3.0625], "texture": "#0"}
			}
		},
		{
			"from": [7, -12, 7],
			"to": [9, -3, 9],
			"rotation": {"angle": 45, "axis": "y", "origin": [8, -8, 8]},
			"faces": {
				"north": {"uv": [3.3125, 0, 3.0625, 1.125], "texture": "#0"},
				"east": {"uv": [3.0625, 0, 3.3125, 1.125], "texture": "#0"},
				"south": {"uv": [3.3125, 0, 3.0625, 1.125], "texture": "#0"},
				"west": {"uv": [3.0625, 0, 3.3125, 1.125], "texture": "#0"},
				"up": {"uv": [4.125, 0, 3.875, 0.25], "texture": "#0"},
				"down": {"uv": [4.125, 0, 3.875, 0.25], "texture": "#0"}
			}
		},
		{
			"from": [6.75, -4, 6.75],
			"to": [9.25, -1.5, 9.25],
			"rotation": {"angle": 45, "axis": "y", "origin": [8, -7.5, 8]},
			"faces": {
				"north": {"uv": [2.8125, 2.5625, 2.5, 2.25], "texture": "#0"},
				"east": {"uv": [2.5, 2.5625, 2.8125, 2.25], "texture": "#0"},
				"south": {"uv": [2.8125, 2.5625, 2.5, 2.25], "texture": "#0"},
				"west": {"uv": [2.5, 2.5625, 2.8125, 2.25], "texture": "#0"},
				"up": {"uv": [2.8125, 2.875, 2.5, 2.5625], "texture": "#0"},
				"down": {"uv": [2.8125, 2.875, 2.5, 2.5625], "texture": "#0"}
			}
		},
		{
			"from": [7.5, -3.47402, 4.13102],
			"to": [8.5, -2.47402, 6.63102],
			"rotation": {"angle": -22.5, "axis": "x", "origin": [8, -3.37455, 6.06851]},
			"faces": {
				"north": {"uv": [1.9375, 0.625, 1.8125, 0.75], "rotation": 90, "texture": "#0"},
				"east": {"uv": [1.9375, 0.3125, 1.8125, 0.625], "rotation": 90, "texture": "#0"},
				"south": {"uv": [1.9375, 0.625, 1.8125, 0.75], "rotation": 90, "texture": "#0"},
				"west": {"uv": [1.9375, 0.625, 1.8125, 0.3125], "rotation": 90, "texture": "#0"},
				"up": {"uv": [3.0625, 1.5625, 3.375, 1.4375], "rotation": 90, "texture": "#0"},
				"down": {"uv": [3.0625, 1.5625, 3.375, 1.4375], "rotation": 90, "texture": "#0"}
			}
		},
		{
			"from": [7.25, -4.17163, 5.58785],
			"to": [8.75, -2.17163, 8.08785],
			"rotation": {"angle": 22.5, "axis": "x", "origin": [8, -3.37455, 6.06851]},
			"faces": {
				"north": {"uv": [1.375, 1, 1.5625, 0.75], "texture": "#0"},
				"east": {"uv": [3.4375, 1.5, 3.75, 1.25], "texture": "#0"},
				"south": {"uv": [1.375, 1, 1.5625, 0.75], "texture": "#0"},
				"west": {"uv": [3.75, 1.5, 3.4375, 1.25], "texture": "#0"},
				"up": {"uv": [3.4375, 1.4375, 3.0625, 1.25], "rotation": 90, "texture": "#0"},
				"down": {"uv": [3.4375, 1.4375, 3.0625, 1.25], "rotation": 90, "texture": "#0"}
			}
		},
		{
			"from": [7.5, -3.47402, 9.36898],
			"to": [8.5, -2.47402, 11.86898],
			"rotation": {"angle": 22.5, "axis": "x", "origin": [8, -3.37455, 9.93149]},
			"faces": {
				"north": {"uv": [1.9375, 0.75, 1.8125, 0.625], "rotation": 90, "texture": "#0"},
				"east": {"uv": [1.9375, 0.625, 1.8125, 0.3125], "rotation": 90, "texture": "#0"},
				"south": {"uv": [1.9375, 0.75, 1.8125, 0.625], "rotation": 90, "texture": "#0"},
				"west": {"uv": [1.9375, 0.3125, 1.8125, 0.625], "rotation": 90, "texture": "#0"},
				"up": {"uv": [3.375, 1.5625, 3.0625, 1.4375], "rotation": 90, "texture": "#0"},
				"down": {"uv": [3.375, 1.5625, 3.0625, 1.4375], "rotation": 90, "texture": "#0"}
			}
		},
		{
			"from": [7.25, -4.17163, 7.91215],
			"to": [8.75, -2.17163, 10.41215],
			"rotation": {"angle": -22.5, "axis": "x", "origin": [8, -3.37455, 9.93149]},
			"faces": {
				"north": {"uv": [1.5625, 1, 1.375, 0.75], "texture": "#0"},
				"east": {"uv": [3.75, 1.5, 3.4375, 1.25], "texture": "#0"},
				"south": {"uv": [1.5625, 1, 1.375, 0.75], "texture": "#0"},
				"west": {"uv": [3.4375, 1.5, 3.75, 1.25], "texture": "#0"},
				"up": {"uv": [3.0625, 1.4375, 3.4375, 1.25], "rotation": 90, "texture": "#0"},
				"down": {"uv": [3.0625, 1.4375, 3.4375, 1.25], "rotation": 90, "texture": "#0"}
			}
		},
		{
			"from": [6.25, -14, 6.5],
			"to": [10.25, -11, 10.5],
			"rotation": {"angle": -22.5, "axis": "x", "origin": [8.25, -12.5, 8.5]},
			"faces": {
				"north": {"uv": [3.8125, 0.75, 3.3125, 0.375], "texture": "#0"},
				"east": {"uv": [3.8125, 0.375, 3.3125, 0], "texture": "#0"},
				"south": {"uv": [3.8125, 0.75, 3.3125, 0.375], "texture": "#0"},
				"west": {"uv": [3.8125, 0.375, 3.3125, 0], "texture": "#0"},
				"up": {"uv": [3.8125, 1.25, 3.3125, 0.75], "texture": "#0"},
				"down": {"uv": [3.8125, 1.25, 3.3125, 0.75], "texture": "#0"}
			}
		},
		{
			"from": [8.25, -12, 10],
			"to": [8.25, -7.5, 16],
			"rotation": {"angle": 45, "axis": "x", "origin": [8.25, -10, 4.5]},
			"faces": {
				"north": {"uv": [3.8125, 1.25, 3.3125, 0.75], "rotation": 180, "texture": "#0"},
				"east": {"uv": [4.4375, 0, 3.875, 0.75], "rotation": 270, "texture": "#0"},
				"south": {"uv": [3.8125, 1.25, 3.3125, 0.75], "texture": "#0"},
				"west": {"uv": [4.4375, 0.75, 3.875, 0], "rotation": 270, "texture": "#0"},
				"up": {"uv": [3.8125, 0.75, 3.3125, 0.375], "texture": "#0"},
				"down": {"uv": [3.8125, 0.75, 3.3125, 0.375], "rotation": 180, "texture": "#0"}
			}
		},
		{
			"from": [8.3, -4, 10],
			"to": [12.3, 0, 10],
			"rotation": {"angle": -22.5, "axis": "y", "origin": [10.3, -2, 10]},
			"faces": {
				"north": {"uv": [5.125, 0.5, 5.625, 0], "rotation": 270, "texture": "#0"},
				"east": {"uv": [0, 0, 0, 12], "texture": "#missing"},
				"south": {"uv": [5.625, 0.5, 5.125, 0], "rotation": 90, "texture": "#0"},
				"west": {"uv": [0, 0, 0, 12], "rotation": 180, "texture": "#missing"},
				"up": {"uv": [0, 12, 0, 0], "rotation": 90, "texture": "#missing"},
				"down": {"uv": [0, 12, 0, 0], "rotation": 90, "texture": "#missing"}
			}
		},
		{
			"from": [3.7, -4, 10],
			"to": [7.7, 0, 10],
			"rotation": {"angle": 22.5, "axis": "y", "origin": [5.7, -2, 10]},
			"faces": {
				"north": {"uv": [5.125, 0, 5.625, 0.5], "rotation": 270, "texture": "#0"},
				"east": {"uv": [0, 0, 0, 12], "rotation": 180, "texture": "#missing"},
				"south": {"uv": [5.625, 0, 5.125, 0.5], "rotation": 90, "texture": "#0"},
				"west": {"uv": [0, 0, 0, 12], "texture": "#missing"},
				"up": {"uv": [0, 0, 0, 12], "rotation": 90, "texture": "#missing"},
				"down": {"uv": [0, 0, 0, 12], "rotation": 90, "texture": "#missing"}
			}
		},
		{
			"from": [8.3, -4, 6],
			"to": [12.3, 0, 6],
			"rotation": {"angle": 22.5, "axis": "y", "origin": [10.3, -2, 6]},
			"faces": {
				"north": {"uv": [5.625, 0, 5.125, 0.5], "rotation": 90, "texture": "#0"},
				"east": {"uv": [0, 0, 0, 12], "texture": "#missing"},
				"south": {"uv": [5.125, 0, 5.625, 0.5], "rotation": 270, "texture": "#0"},
				"west": {"uv": [0, 0, 0, 12], "rotation": 180, "texture": "#missing"},
				"up": {"uv": [0, 12, 0, 0], "rotation": 90, "texture": "#missing"},
				"down": {"uv": [0, 12, 0, 0], "rotation": 90, "texture": "#missing"}
			}
		},
		{
			"from": [3.7, -4, 6],
			"to": [7.7, 0, 6],
			"rotation": {"angle": -22.5, "axis": "y", "origin": [5.7, -2, 6]},
			"faces": {
				"north": {"uv": [5.625, 0.5, 5.125, 0], "rotation": 90, "texture": "#0"},
				"east": {"uv": [0, 0, 0, 12], "rotation": 180, "texture": "#missing"},
				"south": {"uv": [5.125, 0.5, 5.625, 0], "rotation": 270, "texture": "#0"},
				"west": {"uv": [0, 0, 0, 12], "texture": "#missing"},
				"up": {"uv": [0, 0, 0, 12], "rotation": 90, "texture": "#missing"},
				"down": {"uv": [0, 0, 0, 12], "rotation": 90, "texture": "#missing"}
			}
		},
		{
			"from": [7, 14.5, 6.5],
			"to": [9, 17, 9.5],
			"rotation": {"angle": 0, "axis": "y", "origin": [0, -2.5, 0.2]},
			"faces": {
				"north": {"uv": [5.375, 8.8125, 5.625, 9.125], "texture": "#0"},
				"east": {"uv": [5.625, 8.6875, 6, 9], "texture": "#0"},
				"south": {"uv": [5.375, 8.8125, 5.625, 9.125], "texture": "#0"},
				"west": {"uv": [5.625, 8.6875, 6, 9], "texture": "#0"},
				"up": {"uv": [5.125, 8.8125, 5.375, 9.1875], "texture": "#0"},
				"down": {"uv": [5.125, 8.8125, 5.375, 9.1875], "texture": "#0"}
			}
		},
		{
			"from": [7.25, 2.5, 6.75],
			"to": [8.75, 14.5, 9.25],
			"rotation": {"angle": 0, "axis": "y", "origin": [0.2, -2.5, 0.4]},
			"faces": {
				"north": {"uv": [6.5625, 6.9375, 6.75, 8.4375], "texture": "#0"},
				"east": {"uv": [7.0625, 6.9375, 6.75, 8.4375], "texture": "#0"},
				"south": {"uv": [6.375, 6.9375, 6.5625, 8.4375], "texture": "#0"},
				"west": {"uv": [6.75, 6.9375, 7.0625, 8.4375], "texture": "#0"},
				"up": {"uv": [6.75, 6.9375, 6.9375, 7.25], "texture": "#0"},
				"down": {"uv": [6.75, 6.9375, 6.9375, 7.25], "texture": "#0"}
			}
		},
		{
			"from": [7.5, 10.5, 3],
			"to": [8.5, 14, 7],
			"rotation": {"angle": 0, "axis": "y", "origin": [-0.2, -4, 0.1]},
			"faces": {
				"north": {"uv": [6.25, 8.4375, 6.375, 8.875], "texture": "#0"},
				"east": {"uv": [6.875, 8.4375, 6.375, 8.875], "texture": "#0"},
				"south": {"uv": [6.25, 8.4375, 6.375, 8.875], "texture": "#0"},
				"west": {"uv": [6.375, 8.4375, 6.875, 8.875], "texture": "#0"},
				"up": {"uv": [6.25, 7.9375, 6.375, 8.4375], "texture": "#0"},
				"down": {"uv": [6.25, 7.4375, 6.375, 7.9375], "texture": "#0"}
			}
		},
		{
			"from": [7.5, 7.5, 3],
			"to": [8.5, 9.5, 7],
			"rotation": {"angle": 0, "axis": "y", "origin": [-0.2, -9.5, 0.1]},
			"faces": {
				"north": {"uv": [6.25, 7.6875, 6.125, 7.9375], "texture": "#0"},
				"east": {"uv": [6.25, 8.875, 6.75, 9.125], "texture": "#0"},
				"south": {"uv": [6.25, 7.6875, 6.125, 7.9375], "texture": "#0"},
				"west": {"uv": [6.75, 8.875, 6.25, 9.125], "texture": "#0"},
				"up": {"uv": [6.25, 8.6875, 6.125, 9.1875], "texture": "#0"},
				"down": {"uv": [6.125, 8.6875, 6, 9.1875], "texture": "#0"}
			}
		}
	],
	"gui_light": "front",
	"display": {
		"thirdperson_righthand": {
			"translation": [0, 2.5, 0.75],
			"scale": [0.35, 0.35, 0.35]
		},
		"thirdperson_lefthand": {
			"translation": [0, 2.5, 0.75],
			"scale": [0.35, 0.35, 0.35]
		},
		"firstperson_righthand": {
			"rotation": [-54, 0, 0],
			"translation": [5, 1.75, -4.25],
			"scale": [0.41836, 0.41836, 0.41836]
		},
		"firstperson_lefthand": {
			"rotation": [-54, 0, 0],
			"translation": [5, 1.75, -4.25],
			"scale": [0.41836, 0.41836, 0.41836]
		},
		"ground": {
			"rotation": [0, 0, 88],
			"translation": [-2, 0.75, 0.25],
			"scale": [0.6, 0.6, 0.6]
		},
		"gui": {
			"rotation": [-90, 90, -90],
			"translation": [0.25, -3.25, -1.5],
			"scale": [0.42828, 0.42828, 0.42828]
		},
		"head": {
			"rotation": [-180, 0, 0],
			"translation": [0, 15.5, 1.75],
			"scale": [0.6, 0.6, 0.6]
		},
		"fixed": {
			"rotation": [-90, -90, -90],
			"translation": [0, 9.25, -2],
			"scale": [1.2, 1.2, 1.2]
		}
	}
}