{"credit":"Made with Blockbench","textures":{"0":"teleportation_hub:teleportation_hub/lava_animation_3","particle":"teleportation_hub:teleportation_hub/lava_animation_3"},"elements":[{"from":[0,23,0],"to":[32,32,0],"faces":{"north":{"uv":[0,11.5,16,16],"texture":"#0"},"east":{"uv":[0,0,0,16],"texture":"#missing"},"south":{"uv":[0,11.5,16,16],"texture":"#0"},"west":{"uv":[0,0,0,16],"texture":"#missing"},"up":{"uv":[0,0,16,0],"texture":"#missing"},"down":{"uv":[0,0,16,0],"texture":"#missing"}}}],"gui_light":"front","display":{"gui":{"translation":[-14,-44.5,0]}}}