{"sources":[{"type":"single","resource":"cubejobs:items/smelter"},{"type":"single","resource":"elitecreatures:krampus_animated/krampus_texture"},{"type":"single","resource":"modelengine:entity/dark_element_pet"},{"type":"single","resource":"cubejobs:items/fisherman"},{"type":"single","resource":"workshop_six:medieval_tavern_furniture/tavern_keg_station"},{"type":"single","resource":"workshop_six:medieval_tavern_furniture/tavern_shelf"},{"type":"single","resource":"rainforestset:rainforestset/rainforest_chest"},{"type":"single","resource":"minerals_pack:amethyst_block"},{"type":"single","resource":"modelengine:entity/forzen_element_pet_attack_vfx"},{"type":"single","resource":"rpg_essentials_1:rpg_essentials_1_texture/bar_emerald"},{"type":"single","resource":"elitecreatures:gamer_girl_animated/hoetex"},{"type":"single","resource":"azureset:wings"},{"type":"single","resource":"azureset:trident"},{"type":"single","resource":"arcanistset:crossbow_1"},{"type":"single","resource":"workshop_six:medieval_tavern_furniture/tavern_long_table"},{"type":"single","resource":"elitecreatures:minotaur_assortment/axe"},{"type":"single","resource":"cubejobs:items/miner"},{"type":"single","resource":"azureset:helmet"},{"type":"single","resource":"arcanistset:scythe"},{"type":"single","resource":"rainforestset:rainforestset/rainforest_sword"},{"type":"single","resource":"elitecreatures:gamer_girl_animated/quivertex"},{"type":"single","resource":"azureset:bow"},{"type":"single","resource":"rpg_essentials_1:rpg_essentials_1_texture/key_magma"},{"type":"single","resource":"elitecreatures:minotaur_assortment/armor/minotaurassortment_armor_1_icon"},{"type":"single","resource":"azureset:shield"},{"type":"single","resource":"rpg_essentials_1:rpg_essentials_1_texture/bar_gold"},{"type":"single","resource":"azureset:crossbow_firework"},{"type":"single","resource":"modelengine:entity/forest_element_pet_skill"},{"type":"single","resource":"azureset:chest"},{"type":"single","resource":"arcanistset:spear"},{"type":"single","resource":"arcanistset:axe"},{"type":"single","resource":"teleportation_hub:teleportation_hub/cloud_animation_2"},{"type":"single","resource":"modelengine:entity/forzen_element_pet_skill"},{"type":"single","resource":"modelengine:entity/forzen_element_pet_attack"},{"type":"single","resource":"workshop_six:medieval_tavern_furniture/tavern_keg"},{"type":"single","resource":"modelengine:entity/forzen_element_pet_skill2"},{"type":"single","resource":"arcanistset:crossbow"},{"type":"single","resource":"azureset:crossbow"},{"type":"single","resource":"arcanistset:fishing_rod_cast"},{"type":"single","resource":"workshop_six:medieval_tavern_furniture/tavern_pint_glass"},{"type":"single","resource":"elitecreatures:wukong_animated/armor/wukong_chestplate_icon"},{"type":"single","resource":"rainforestset:rainforestset/rainforest_wings"},{"type":"single","resource":"cubejobs:items/hunter"},{"type":"single","resource":"workshop_six:medieval_tavern_furniture/tavern_stool"},{"type":"single","resource":"elitecreatures:sakura/sakura_animation_01"},{"type":"single","resource":"elitecreatures:minotaur_assortment/staff"},{"type":"single","resource":"elitecreatures:wukong_animated/wukong_animation_02"},{"type":"single","resource":"teleportation_hub:teleportation_hub/minecart_animation"},{"type":"single","resource":"elitecreatures:wukong_animated/wukong_animation_03"},{"type":"single","resource":"minerals_pack:amethyst"},{"type":"single","resource":"elitecreatures:krampus_animated/krampus_animation2"},{"type":"single","resource":"arcanistset:crossbow_2"},{"type":"single","resource":"elitecreatures:gamer_girl_animated/keytex"},{"type":"single","resource":"elitecreatures:wukong_animated/wukong_animation_01"},{"type":"single","resource":"arcanistset:hammer"},{"type":"single","resource":"elitecreatures:gamer_girl_animated/shieldtex"},{"type":"single","resource":"teleportation_hub:teleportation_hub/nether_icon"},{"type":"single","resource":"modelengine:entity/dark_element_pet_attack_vfx"},{"type":"single","resource":"elitecreatures:steamsparks_animated_weapon_set/cog_01"},{"type":"single","resource":"rpg_essentials_1:rpg_essentials_1_texture/twig"},{"type":"single","resource":"elitecreatures:gamer_girl_animated/balloontex"},{"type":"single","resource":"workshop_six:medieval_tavern_furniture/tavern_bottles"},{"type":"single","resource":"arcanistset:pickaxe"},{"type":"single","resource":"cubejobs:items/enchanter"},{"type":"single","resource":"elitecreatures:steamsparks_animated_weapon_set/texture"},{"type":"single","resource":"rpg_essentials_1:rpg_essentials_1_texture/rune_wind"},{"type":"single","resource":"elitecreatures:gamer_girl_animated/chesttex"},{"type":"single","resource":"modelengine:entity/forest_element_pet_attack_vfx"},{"type":"single","resource":"azureset:greatsword"},{"type":"single","resource":"elitecreatures:minotaur_assortment/pickaxe"},{"type":"single","resource":"teleportation_hub:teleportation_hub/resource_icon"},{"type":"single","resource":"azureset:fishing_rod"},{"type":"single","resource":"azureset:hammer"},{"type":"single","resource":"teleportation_hub:teleportation_hub/right_arrow"},{"type":"single","resource":"rpg_essentials_1:rpg_essentials_1_texture/key_forest"},{"type":"single","resource":"microphone"},{"type":"single","resource":"arcanistset:animations/animations_1"},{"type":"single","resource":"arcanistset:animations/animations_2"},{"type":"single","resource":"arcanistset:animations/animations_3"},{"type":"single","resource":"arcanistset:animations/animations_4"},{"type":"single","resource":"elitecreatures:gamer_girl_animated/axetex"},{"type":"single","resource":"rpg_essentials_1:rpg_essentials_1_texture/coin"},{"type":"single","resource":"azureset:scythe"},{"type":"single","resource":"rainforestset:rainforestset/rainforest_hoe"},{"type":"single","resource":"teleportation_hub:teleportation_hub/left_arrow"},{"type":"single","resource":"azureset:key"},{"type":"single","resource":"arcanistset:trident"},{"type":"single","resource":"elitecreatures:minotaur_assortment/sword"},{"type":"single","resource":"azureset:armor/azure_chestplate_icon"},{"type":"single","resource":"teleportation_hub:teleportation_hub/lava_animation"},{"type":"single","resource":"teleportation_hub:teleportation_hub/star_animation_top_left"},{"type":"single","resource":"teleportation_hub:teleportation_hub/end_icon"},{"type":"single","resource":"elitecreatures:minotaur_assortment/battle_axe"},{"type":"single","resource":"rpg_essentials_1:rpg_essentials_1_texture/rune_ice"},{"type":"single","resource":"elitecreatures:gamer_girl_animated/crossbowtex"},{"type":"single","resource":"azureset:hoe"},{"type":"single","resource":"rainforestset:rainforestset/rainforest_key"},{"type":"single","resource":"elitecreatures:minotaur_assortment/shield"},{"type":"single","resource":"cubejobs:items/farmer"},{"type":"single","resource":"teleportation_hub:teleportation_hub/lava_animation_3"},{"type":"single","resource":"modelengine:entity/dark_element_pet_skill2"},{"type":"single","resource":"teleportation_hub:teleportation_hub/lava_animation_4"},{"type":"single","resource":"teleportation_hub:teleportation_hub/lava_animation_2"},{"type":"single","resource":"rpg_essentials_1:rpg_essentials_1_texture/rune_shadow"},{"type":"single","resource":"teleportation_hub:teleportation_hub/lava_animation_5"},{"type":"single","resource":"elitecreatures:minotaur_assortment/helmet"},{"type":"single","resource":"rpg_essentials_1:rpg_essentials_1_texture/bar_iron"},{"type":"single","resource":"elitecreatures:minotaur_assortment/chest"},{"type":"single","resource":"azureset:armor/azure_leggings_icon"},{"type":"single","resource":"arcanistset:greatsword"},{"type":"single","resource":"cubejobs:items/left_arrow"},{"type":"single","resource":"elitecreatures:steamsparks_animated_weapon_set/lightning_1"},{"type":"single","resource":"workshop_six:medieval_tavern_furniture/tavern_bottle_stack"},{"type":"single","resource":"elitecreatures:archdemon_animated/archdemon_texture"},{"type":"single","resource":"elitecreatures:minotaur_assortment/hammer"},{"type":"single","resource":"elitecreatures:steamsparks_animated_weapon_set/smoke_1"},{"type":"single","resource":"modelengine:entity/dark_element_pet_skill"},{"type":"single","resource":"azureset:staff"},{"type":"single","resource":"azureset:animations/animations_3"},{"type":"single","resource":"elitecreatures:wukong_animated/wukong_texture_01"},{"type":"single","resource":"azureset:animations/animations_1"},{"type":"single","resource":"azureset:animations/animations_2"},{"type":"single","resource":"elitecreatures:gamer_girl_animated/square"},{"type":"single","resource":"teleportation_hub:teleportation_hub/waterfall_animation"},{"type":"single","resource":"cubejobs:items/builder"},{"type":"single","resource":"elitecreatures:minotaur_assortment/crossbow"},{"type":"single","resource":"rpg_essentials_1:rpg_essentials_1_texture/bar_dragonite"},{"type":"single","resource":"cubejobs:items/blacksmith"},{"type":"single","resource":"rpg_essentials_1:rpg_essentials_1_texture/key_light"},{"type":"single","resource":"rainforestset:rainforestset/rainforest_fishing_rod"},{"type":"single","resource":"cubejobs:items/right_arrow"},{"type":"single","resource":"teleportation_hub:teleportation_hub/rtp_lock"},{"type":"single","resource":"elitecreatures:minotaur_assortment/staff_flame"},{"type":"single","resource":"elitecreatures:heavenly_emperor_animated/heavenly_emperor_texture"},{"type":"single","resource":"rainforestset:rainforestset/rainforest_sword2"},{"type":"single","resource":"elitecreatures:minotaur_assortment/armor/minotaurassortment_armor_2_icon"},{"type":"single","resource":"elitecreatures:gamer_girl_animated/hammertex"},{"type":"single","resource":"rpg_essentials_1:rpg_essentials_1_texture/key_ice"},{"type":"single","resource":"elitecreatures:gamer_girl_animated/sickletex"},{"type":"single","resource":"cubejobs:items/crafter"},{"type":"single","resource":"elitecreatures:gamer_girl_animated/bowtex"},{"type":"single","resource":"rainforestset:rainforestset/rainforest_axe1"},{"type":"single","resource":"teleportation_hub:teleportation_hub/sun_animation"},{"type":"single","resource":"rainforestset:rainforestset/rainforest_axe2"},{"type":"single","resource":"modelengine:entity/forzen_element_pet_skill2_vfx"},{"type":"single","resource":"rpg_essentials_1:rpg_essentials_1_texture/rune_aqua"},{"type":"single","resource":"rainforestset:rainforestset/rainforest_hat1"},{"type":"single","resource":"rpg_essentials_1:rpg_essentials_1_texture/rune_nature"},{"type":"single","resource":"modelengine:entity/forest_element_pet"},{"type":"single","resource":"teleportation_hub:teleportation_hub/rtp_pin"},{"type":"single","resource":"arcanistset:staff"},{"type":"single","resource":"cubejobs:items/alchemist"},{"type":"single","resource":"rpg_essentials_1:rpg_essentials_1_texture/key_aqua"},{"type":"single","resource":"workshop_six:medieval_tavern_furniture/tavern_bench"},{"type":"single","resource":"elitecreatures:wukong_animated/wukong_texture_spear"},{"type":"single","resource":"rpg_essentials_1:rpg_essentials_1_texture/bar_sapphire"},{"type":"single","resource":"rpg_essentials_1:rpg_essentials_1_texture/key_bone"},{"type":"single","resource":"elitecreatures:gamer_girl_animated/swordtex"},{"type":"single","resource":"teleportation_hub:teleportation_hub/void_waterfall_animation"},{"type":"single","resource":"elitecreatures:gamer_girl_animated/boxs"},{"type":"single","resource":"elitecreatures:gamer_girl_animated/stafftex"},{"type":"single","resource":"rpg_essentials_1:rpg_essentials_1_texture/bar_topaz"},{"type":"single","resource":"elitecreatures:gamer_girl_animated/helmettex"},{"type":"single","resource":"elitecreatures:steamsparks_animated_weapon_set/boost_1"},{"type":"single","resource":"elitecreatures:minotaur_assortment/key"},{"type":"single","resource":"elitecreatures:steamsparks_animated_weapon_set/boost_2"},{"type":"single","resource":"teleportation_hub:teleportation_hub/overworld_icon"},{"type":"single","resource":"rainforestset:rainforestset/rainforest_shovel"},{"type":"single","resource":"teleportation_hub:teleportation_hub/star_animation_bottom_left"},{"type":"single","resource":"rpg_essentials_1:rpg_essentials_1_texture/bar_diamond"},{"type":"single","resource":"teleportation_hub:teleportation_hub/sunset_cloud_animation"},{"type":"single","resource":"elitecreatures:sakura/sakura_animation_02-export"},{"type":"single","resource":"elitecreatures:sakura/sakura_texture"},{"type":"single","resource":"elitecreatures:minotaur_assortment/totem"},{"type":"single","resource":"arcanistset:shovel"},{"type":"single","resource":"elitecreatures:gamer_girl_animated/pickaxetex"},{"type":"single","resource":"elitecreatures:heavenly_emperor_animated/heavenly_emperor_animation1"},{"type":"single","resource":"elitecreatures:minotaur_assortment/hoe"},{"type":"single","resource":"elitecreatures:heavenly_emperor_animated/heavenly_emperor_animation2"},{"type":"single","resource":"cubejobs:misc/air"},{"type":"single","resource":"elitecreatures:wukong_animated/armor/wukong_boots_icon"},{"type":"single","resource":"arcanistset:bow"},{"type":"single","resource":"elitecreatures:krampus_animated/krampus_animation"},{"type":"single","resource":"azureset:crossbow_2"},{"type":"single","resource":"elitecreatures:minotaur_assortment/shovel"},{"type":"single","resource":"elitecreatures:gamer_girl_animated/wingtex"},{"type":"single","resource":"azureset:crossbow_1"},{"type":"single","resource":"arcanistset:fishing_rod"},{"type":"single","resource":"rpg_essentials_1:rpg_essentials_1_texture/key_wooden"},{"type":"single","resource":"elitecreatures:wukong_animated/armor/wukong_helmet_icon"},{"type":"single","resource":"rpg_essentials_1:rpg_essentials_1_texture/rune_light"},{"type":"single","resource":"workshop_six:medieval_tavern_furniture/tavern_cabinet"},{"type":"single","resource":"azureset:fishing_rod_cast"},{"type":"single","resource":"workshop_six:medieval_tavern_furniture/tavern_bar_counter"},{"type":"single","resource":"cubeworld:custom/misc_blocks/amethyst_ore"},{"type":"single","resource":"rpg_essentials_1:rpg_essentials_1_texture/rune_fire"},{"type":"single","resource":"arcanistset:helmet"},{"type":"single","resource":"modelengine:entity/dark_element_pet_attack_1"},{"type":"single","resource":"arcanistset:shield"},{"type":"single","resource":"azureset:pickaxe"},{"type":"single","resource":"arcanistset:backpack"},{"type":"single","resource":"modelengine:entity/forzen_element_pet"},{"type":"single","resource":"elitecreatures:archdemon_animated/archdemon_animation3"},{"type":"single","resource":"teleportation_hub:teleportation_hub/shining_effect"},{"type":"single","resource":"elitecreatures:archdemon_animated/archdemon_animation1"},{"type":"single","resource":"rainforestset:rainforestset/rainforest_pickaxe"},{"type":"single","resource":"rpg_essentials_1:rpg_essentials_1_texture/rune_undead"},{"type":"single","resource":"elitecreatures:archdemon_animated/archdemon_animation2"},{"type":"single","resource":"teleportation_hub:teleportation_hub/star_animation_bottom_right"},{"type":"single","resource":"azureset:armor/azure_helmet_icon"},{"type":"single","resource":"cubejobs:items/digger"},{"type":"single","resource":"teleportation_hub:teleportation_hub/star_animation_top_right"},{"type":"single","resource":"azureset:bow_2"},{"type":"single","resource":"azureset:bow_1"},{"type":"single","resource":"arcanistset:bow_1"},{"type":"single","resource":"arcanistset:bow_2"},{"type":"single","resource":"rpg_essentials_1:rpg_essentials_1_texture/bar_ruby"},{"type":"single","resource":"arcanistset:hoe"},{"type":"single","resource":"rpg_essentials_1:rpg_essentials_1_texture/bar_copper"},{"type":"single","resource":"azureset:armor/azure_boots_icon"},{"type":"single","resource":"rpg_essentials_1:rpg_essentials_1_texture/key_wind"},{"type":"single","resource":"rpg_essentials_1:rpg_essentials_1_texture/key_shadow"},{"type":"single","resource":"modelengine:entity/forest_element_pet_attack"},{"type":"single","resource":"arcanistset:sword"},{"type":"single","resource":"elitecreatures:wukong_animated/armor/wukong_leggings_icon"},{"type":"single","resource":"elitecreatures:minotaur_assortment/bow"},{"type":"single","resource":"elitecreatures:gamer_girl_animated/shoveltex"},{"type":"single","resource":"azureset:sword"},{"type":"single","resource":"rainforestset:rainforestset/rainforest_bow1"},{"type":"single","resource":"rainforestset:rainforestset/rainforest_bow2"},{"type":"single","resource":"elitecreatures:steamsparks_animated_weapon_set/texture_chest"},{"type":"single","resource":"arcanistset:wings"},{"type":"single","resource":"cubejobs:items/lumberjack"},{"type":"single","resource":"cubejobs:items/assassin"},{"type":"single","resource":"elitecreatures:gamer_girl_animated/speartex"},{"type":"single","resource":"azureset:shovel"},{"type":"single","resource":"arcanistset:key"},{"type":"single","resource":"teleportation_hub:teleportation_hub/cloud_animation_bottom"},{"type":"single","resource":"azureset:axe"},{"type":"single","resource":"elitecreatures:minotaur_assortment/fishing_rod"},{"type":"single","resource":"rpg_essentials_1:rpg_essentials_1_texture/rock"},{"type":"single","resource":"rpg_essentials_1:rpg_essentials_1_texture/key_golden"},{"type":"single","resource":"azureset:spear"},{"type":"single","resource":"arcanistset:chest"},{"type":"single","resource":"rainforestset:rainforestset/rainforest_bow3"},{"type":"single","resource":"rainforestset:rainforestset/rainforest_bow4"}]}