{
	"credit": "Made with Blockbench",
	"texture_size": [128, 128],
	"textures": {
		"0": "elitecreatures:archdemon_animated/archdemon_texture",
		"2": "elitecreatures:archdemon_animated/archdemon_animation1",
		"4": "elitecreatures:archdemon_animated/archdemon_animation3",
		"particle": "elitecreatures:archdemon_animated/archdemon_texture"
	},
	"elements": [
		{
			"from": [12.039, 7.00491, 2.60263],
			"to": [17.039, 17.00491, 2.60263],
			"rotation": {"angle": 0, "axis": "y", "origin": [13.2189, 9.51943, 2.72763]},
			"faces": {
				"north": {"uv": [6.0625, 0, 6.6875, 1.25], "rotation": 180, "texture": "#0"},
				"east": {"uv": [0, 0, 0, 9], "rotation": 180, "texture": "#missing"},
				"south": {"uv": [6.6875, 0, 6.0625, 1.25], "rotation": 180, "texture": "#0"},
				"west": {"uv": [0, 0, 0, 9], "rotation": 180, "texture": "#missing"},
				"up": {"uv": [0, 0, 0, 4], "rotation": 90, "texture": "#missing"},
				"down": {"uv": [0, 0, 0, 4], "rotation": 270, "texture": "#missing"}
			}
		},
		{
			"from": [14.41098, 6.0907, 2.35263],
			"to": [16.41098, 9.5907, 3.35263],
			"rotation": {"angle": 0, "axis": "y", "origin": [14.66739, 8.03148, 2.82763]},
			"faces": {
				"north": {"uv": [5.6875, 0, 5.9375, 0.4375], "texture": "#0"},
				"east": {"uv": [5.9375, 0, 6.0625, 0.4375], "texture": "#0"},
				"south": {"uv": [5.6875, 0.4375, 5.9375, 0], "rotation": 180, "texture": "#0"},
				"west": {"uv": [5.9375, 0, 6.0625, 0.4375], "rotation": 180, "texture": "#0"},
				"up": {"uv": [5.6875, 0.4375, 5.8125, 0.6875], "rotation": 90, "texture": "#0"},
				"down": {"uv": [5.6875, 0.4375, 5.8125, 0.6875], "rotation": 90, "texture": "#0"}
			}
		},
		{
			"from": [15.05627, 3.6173, 1.85263],
			"to": [17.55627, 7.6173, 3.85263],
			"rotation": {"angle": -45, "axis": "z", "origin": [15.16739, 8.23148, 2.82763]},
			"faces": {
				"north": {"uv": [5.125, 0.375, 5.4375, 0.875], "texture": "#0"},
				"east": {"uv": [5.4375, 0.375, 5.6875, 0.875], "texture": "#0"},
				"south": {"uv": [5.125, 0.875, 5.4375, 0.375], "rotation": 180, "texture": "#0"},
				"west": {"uv": [5.4375, 0.375, 5.6875, 0.875], "rotation": 180, "texture": "#0"},
				"up": {"uv": [5.125, 0.875, 5.375, 1.1875], "rotation": 90, "texture": "#0"},
				"down": {"uv": [5.125, 0.875, 5.375, 1.1875], "rotation": 90, "texture": "#0"}
			}
		},
		{
			"from": [7.16147, 2.33581, 1.60263],
			"to": [12.16147, 5.33581, 4.10263],
			"rotation": {"angle": 22.5, "axis": "z", "origin": [10.83069, 6.75452, 2.72763]},
			"faces": {
				"north": {"uv": [4.4375, 0.5625, 4.8125, 1.125], "rotation": 270, "texture": "#0"},
				"east": {"uv": [5.3125, 0, 5.625, 0.375], "rotation": 180, "texture": "#0"},
				"south": {"uv": [4.4375, 0.5625, 4.8125, 1.125], "rotation": 90, "texture": "#0"},
				"west": {"uv": [5.3125, 0, 5.625, 0.375], "texture": "#0"},
				"up": {"uv": [4.8125, 0.5625, 5.125, 1.125], "rotation": 90, "texture": "#0"},
				"down": {"uv": [4.8125, 0.5625, 5.125, 1.125], "rotation": 90, "texture": "#0"}
			}
		},
		{
			"from": [3.83853, 2.33581, 1.60263],
			"to": [8.83853, 5.33581, 4.10263],
			"rotation": {"angle": -22.5, "axis": "z", "origin": [5.16931, 6.75452, 2.72763]},
			"faces": {
				"north": {"uv": [4.4375, 1.125, 4.8125, 0.5625], "rotation": 270, "texture": "#0"},
				"east": {"uv": [5.625, 0, 5.3125, 0.375], "texture": "#0"},
				"south": {"uv": [4.4375, 1.125, 4.8125, 0.5625], "rotation": 90, "texture": "#0"},
				"west": {"uv": [5.625, 0, 5.3125, 0.375], "rotation": 180, "texture": "#0"},
				"up": {"uv": [4.8125, 1.125, 5.125, 0.5625], "rotation": 90, "texture": "#0"},
				"down": {"uv": [4.8125, 1.125, 5.125, 0.5625], "rotation": 90, "texture": "#0"}
			}
		},
		{
			"from": [3.75, -3.1, 3.9],
			"to": [12.25, -1.6, 3.9],
			"rotation": {"angle": 0, "axis": "y", "origin": [6.5, -1.85, 5.75]},
			"faces": {
				"north": {"uv": [8.1875, 0, 9.25, 0.1875], "texture": "#0"},
				"east": {"uv": [3.25, 2.3125, 3.25, 2.5], "rotation": 180, "texture": "#0"},
				"south": {"uv": [8.1875, 0, 9.25, 0.1875], "texture": "#0"},
				"west": {"uv": [3.25, 2.3125, 3.25, 2.5], "texture": "#0"},
				"up": {"uv": [3.9375, 2.875, 3.9375, 3.8125], "rotation": 90, "texture": "#0"},
				"down": {"uv": [3.25, 2.875, 3.25, 3.8125], "rotation": 270, "texture": "#0"}
			}
		},
		{
			"from": [-1.55627, 3.6173, 1.85263],
			"to": [0.94373, 7.6173, 3.85263],
			"rotation": {"angle": 45, "axis": "z", "origin": [0.83261, 8.23148, 2.82763]},
			"faces": {
				"north": {"uv": [5.4375, 0.375, 5.125, 0.875], "texture": "#0"},
				"east": {"uv": [5.6875, 0.375, 5.4375, 0.875], "rotation": 180, "texture": "#0"},
				"south": {"uv": [5.4375, 0.875, 5.125, 0.375], "rotation": 180, "texture": "#0"},
				"west": {"uv": [5.6875, 0.375, 5.4375, 0.875], "texture": "#0"},
				"up": {"uv": [5.125, 1.1875, 5.375, 0.875], "rotation": 90, "texture": "#0"},
				"down": {"uv": [5.125, 1.1875, 5.375, 0.875], "rotation": 90, "texture": "#0"}
			}
		},
		{
			"from": [6.25, 0.75, 1],
			"to": [9.75, 4.25, 5],
			"rotation": {"angle": 45, "axis": "z", "origin": [8, 2.5, 3]},
			"faces": {
				"north": {"uv": [4.5, 3.5, 4.9375, 3.9375], "rotation": 180, "texture": "#0"},
				"east": {"uv": [4.9375, 3.5, 5.4375, 3.9375], "rotation": 180, "texture": "#0"},
				"south": {"uv": [4.5, 3.9375, 4.9375, 3.5], "rotation": 180, "texture": "#0"},
				"west": {"uv": [5.0625, 3.5, 5.5625, 3.0625], "rotation": 180, "texture": "#0"},
				"up": {"uv": [4.9375, 3.5, 5.4375, 3.9375], "rotation": 90, "texture": "#0"},
				"down": {"uv": [5.0625, 3.0625, 5.5625, 3.5], "rotation": 90, "texture": "#0"}
			}
		},
		{
			"from": [-0.41098, 6.0907, 2.35263],
			"to": [1.58902, 9.5907, 3.35263],
			"rotation": {"angle": 0, "axis": "y", "origin": [1.33261, 8.03148, 2.82763]},
			"faces": {
				"north": {"uv": [5.9375, 0, 5.6875, 0.4375], "texture": "#0"},
				"east": {"uv": [6.0625, 0, 5.9375, 0.4375], "rotation": 180, "texture": "#0"},
				"south": {"uv": [5.9375, 0.4375, 5.6875, 0], "rotation": 180, "texture": "#0"},
				"west": {"uv": [6.0625, 0, 5.9375, 0.4375], "texture": "#0"},
				"up": {"uv": [5.6875, 0.6875, 5.8125, 0.4375], "rotation": 90, "texture": "#0"},
				"down": {"uv": [5.6875, 0.6875, 5.8125, 0.4375], "rotation": 90, "texture": "#0"}
			}
		},
		{
			"from": [-1.039, 7.00491, 2.60263],
			"to": [3.961, 17.00491, 2.60263],
			"rotation": {"angle": 0, "axis": "y", "origin": [2.7811, 9.51943, 2.72763]},
			"faces": {
				"north": {"uv": [6.6875, 0, 6.0625, 1.25], "rotation": 180, "texture": "#0"},
				"east": {"uv": [0, 0, 0, 9], "rotation": 180, "texture": "#missing"},
				"south": {"uv": [6.0625, 0, 6.6875, 1.25], "rotation": 180, "texture": "#0"},
				"west": {"uv": [0, 0, 0, 9], "rotation": 180, "texture": "#missing"},
				"up": {"uv": [0, 4, 0, 0], "rotation": 90, "texture": "#missing"},
				"down": {"uv": [0, 4, 0, 0], "rotation": 270, "texture": "#missing"}
			}
		},
		{
			"from": [-8.2, 4.5, 6],
			"to": [1.8, 13.5, 6],
			"rotation": {"angle": 45, "axis": "y", "origin": [-3.2, 9, 6]},
			"faces": {
				"north": {"uv": [0, 5.5, 10, 14.5], "texture": "#2"},
				"east": {"uv": [0, 0, 0, 14], "texture": "#missing"},
				"south": {"uv": [10, 5.5, 0, 14.5], "texture": "#2"},
				"west": {"uv": [0, 0, 0, 14], "texture": "#missing"},
				"up": {"uv": [0, 0, 0, 10], "rotation": 270, "texture": "#missing"},
				"down": {"uv": [0, 10, 0, 0], "rotation": 90, "texture": "#missing"}
			}
		},
		{
			"from": [14.2, 4.5, 6],
			"to": [24.2, 13.5, 6],
			"rotation": {"angle": -45, "axis": "y", "origin": [19.2, 9, 6]},
			"faces": {
				"north": {"uv": [10, 5.5, 0, 14.5], "texture": "#2"},
				"east": {"uv": [0, 0, 0, 14], "texture": "#missing"},
				"south": {"uv": [0, 5.5, 10, 14.5], "texture": "#2"},
				"west": {"uv": [0, 0, 0, 14], "texture": "#missing"},
				"up": {"uv": [0, 10, 0, 0], "rotation": 270, "texture": "#missing"},
				"down": {"uv": [0, 0, 0, 10], "rotation": 90, "texture": "#missing"}
			}
		},
		{
			"from": [3, -2, 3.5],
			"to": [13, 2, 13.5],
			"rotation": {"angle": 0, "axis": "y", "origin": [0.5, -3, -2]},
			"faces": {
				"north": {"uv": [3.5, 8.5625, 2.25, 9.0625], "texture": "#0"},
				"east": {"uv": [3.5, 8.5625, 4.75, 9.0625], "texture": "#0"},
				"south": {"uv": [3.5, 9.125, 2.25, 9.625], "texture": "#0"},
				"west": {"uv": [4.75, 8.5625, 3.5, 9.0625], "texture": "#0"},
				"up": {"uv": [1.4375, 11.5625, 2.6875, 12.8125], "texture": "#0"},
				"down": {"uv": [1.4375, 11.5625, 2.6875, 12.8125], "texture": "#0"}
			}
		},
		{
			"from": [5, -1.5, 2.5],
			"to": [7.5, 0, 4.5],
			"rotation": {"angle": 45, "axis": "z", "origin": [7, 0.25, 3]},
			"faces": {
				"north": {"uv": [2.6875, 10.625, 3, 10.8125], "texture": "#0"},
				"east": {"uv": [6.875, 8.75, 7.125, 8.9375], "texture": "#0"},
				"south": {"uv": [2.6875, 10.625, 3, 10.8125], "texture": "#0"},
				"west": {"uv": [2.9375, 10.8125, 2.6875, 11], "texture": "#0"},
				"up": {"uv": [3, 11, 2.6875, 11.25], "texture": "#0"},
				"down": {"uv": [3, 11, 2.6875, 11.25], "texture": "#0"}
			}
		},
		{
			"from": [8.5, -1.5, 2.5],
			"to": [11, 0, 4.5],
			"rotation": {"angle": -45, "axis": "z", "origin": [9, 0.25, 3]},
			"faces": {
				"north": {"uv": [3, 10.625, 2.6875, 10.8125], "texture": "#0"},
				"east": {"uv": [2.6875, 10.8125, 2.9375, 11], "texture": "#0"},
				"south": {"uv": [3, 10.625, 2.6875, 10.8125], "texture": "#0"},
				"west": {"uv": [7.125, 8.75, 6.875, 8.9375], "texture": "#0"},
				"up": {"uv": [2.6875, 11, 3, 11.25], "texture": "#0"},
				"down": {"uv": [2.6875, 11, 3, 11.25], "texture": "#0"}
			}
		},
		{
			"from": [3, 2, 2.5],
			"to": [13, 5.5, 13.5],
			"rotation": {"angle": 0, "axis": "y", "origin": [0.5, -3, -2]},
			"faces": {
				"north": {"uv": [2.25, 9.3125, 1, 9.75], "texture": "#0"},
				"east": {"uv": [0.875, 9.75, 2.25, 10.1875], "texture": "#0"},
				"south": {"uv": [3.5, 9.6875, 2.25, 10.125], "texture": "#0"},
				"west": {"uv": [2.25, 9.75, 0.875, 10.1875], "texture": "#0"},
				"up": {"uv": [1.4375, 10.1875, 2.6875, 11.5625], "texture": "#0"},
				"down": {"uv": [1.4375, 10.1875, 2.6875, 11.5625], "texture": "#0"}
			}
		},
		{
			"from": [7, -0.5, 2.5],
			"to": [9, 3.5, 5.5],
			"rotation": {"angle": -22.5, "axis": "x", "origin": [8, -0.5, 5.5]},
			"faces": {
				"north": {"uv": [2.6875, 10.125, 2.9375, 10.625], "rotation": 180, "texture": "#0"},
				"east": {"uv": [3.5, 10.5, 3, 10.125], "rotation": 90, "texture": "#0"},
				"south": {"uv": [2.6875, 10.125, 2.9375, 10.625], "rotation": 180, "texture": "#0"},
				"west": {"uv": [3.5, 10.125, 3, 10.5], "rotation": 90, "texture": "#0"},
				"up": {"uv": [3.5, 10.5, 3.25, 10.875], "rotation": 180, "texture": "#0"},
				"down": {"uv": [3.5, 10.5, 3.25, 10.875], "rotation": 180, "texture": "#0"}
			}
		},
		{
			"from": [2.5, -6, 2.5],
			"to": [13.5, -1, 13.5],
			"rotation": {"angle": -22.5, "axis": "x", "origin": [7.5, -3, 8]},
			"faces": {
				"north": {"uv": [4.875, 9.75, 3.5, 10.375], "texture": "#0"},
				"east": {"uv": [3.5, 9.125, 4.875, 9.75], "texture": "#0"},
				"south": {"uv": [4.875, 10.375, 3.5, 11], "texture": "#0"},
				"west": {"uv": [4.875, 9.125, 3.5, 9.75], "texture": "#0"},
				"up": {"uv": [3.5, 12.375, 4.875, 13.75], "texture": "#0"},
				"down": {"uv": [3.5, 11, 4.875, 12.375], "texture": "#0"}
			}
		},
		{
			"from": [6.15, 0.75, 0.9],
			"to": [9.65, 4.25, 0.9],
			"rotation": {"angle": -45, "axis": "z", "origin": [7.9, 2.5, 0.9]},
			"faces": {
				"north": {"uv": [0, 0, 7, 7], "rotation": 90, "texture": "#4"},
				"east": {"uv": [0, 0, 0, 7], "rotation": 180, "texture": "#missing"},
				"south": {"uv": [0, 0, 7, 7], "rotation": 90, "texture": "#4"},
				"west": {"uv": [0, 7, 0, 0], "texture": "#missing"},
				"up": {"uv": [0, 0, 0, 7], "rotation": 270, "texture": "#missing"},
				"down": {"uv": [0, 0, 0, 7], "rotation": 270, "texture": "#missing"}
			}
		},
		{
			"from": [5.75, 3.3, 6.3],
			"to": [10.25, 8.3, 10.3],
			"rotation": {"angle": -45, "axis": "x", "origin": [8.5, 6.25, 6.05]},
			"faces": {
				"north": {"uv": [2.75, 1.75, 3.375, 2.3125], "rotation": 90, "texture": "#0"},
				"east": {"uv": [2.625, 1.25, 3.25, 1.75], "rotation": 90, "texture": "#0"},
				"south": {"uv": [3.375, 1.75, 4, 2.3125], "rotation": 90, "texture": "#0"},
				"west": {"uv": [2.625, 1.25, 3.25, 1.75], "rotation": 90, "texture": "#0"},
				"up": {"uv": [3.25, 1.25, 3.8125, 1.75], "rotation": 180, "texture": "#0"},
				"down": {"uv": [3.8125, 1.25, 4.375, 1.75], "rotation": 180, "texture": "#0"}
			}
		},
		{
			"from": [5.75, 8.3, 6],
			"to": [10.25, 8.3, 7.5],
			"rotation": {"angle": -45, "axis": "x", "origin": [6.5, 6.45, 7.25]},
			"faces": {
				"north": {"uv": [3.25, 2.875, 3.25, 3.4375], "rotation": 90, "texture": "#0"},
				"east": {"uv": [3.25, 2.3125, 3.25, 2.5], "rotation": 90, "texture": "#0"},
				"south": {"uv": [3.9375, 2.875, 3.9375, 3.4375], "rotation": 90, "texture": "#0"},
				"west": {"uv": [3.25, 2.3125, 3.25, 2.5], "rotation": 90, "texture": "#0"},
				"up": {"uv": [8.4375, 0.1875, 9, 0], "rotation": 180, "texture": "#0"},
				"down": {"uv": [8.4375, 0, 9, 0.1875], "rotation": 180, "texture": "#0"}
			}
		},
		{
			"from": [6.25, 4, 4.6],
			"to": [9.75, 6, 8.1],
			"rotation": {"angle": 22.5, "axis": "x", "origin": [7.8, 6.75, 6.05]},
			"faces": {
				"north": {"uv": [4.4375, 1.1875, 4, 0.9375], "texture": "#0"},
				"east": {"uv": [4, 1.1875, 3.5625, 0.9375], "texture": "#0"},
				"south": {"uv": [4.4375, 0.9375, 4, 0.6875], "texture": "#0"},
				"west": {"uv": [4, 1.1875, 3.5625, 0.9375], "texture": "#0"},
				"up": {"uv": [4.625, 0.4375, 5.0625, 0], "texture": "#0"},
				"down": {"uv": [4.625, 0.4375, 5.0625, 0], "texture": "#0"}
			}
		},
		{
			"from": [4.75, 5.5, 3],
			"to": [11.25, 10.5, 3],
			"rotation": {"angle": 0, "axis": "y", "origin": [6.8, 5.5, 1]},
			"faces": {
				"north": {"uv": [8.375, 0.9375, 9.1875, 1.5625], "texture": "#0"},
				"east": {"uv": [0, 0, 0, 0.5], "texture": "#missing"},
				"south": {"uv": [8.375, 0.9375, 9.1875, 1.5625], "texture": "#0"},
				"west": {"uv": [0, 0, 0, 0.5], "texture": "#missing"},
				"up": {"uv": [0, 0, 1.25, 0], "texture": "#missing"},
				"down": {"uv": [0, 0, 1.25, 0], "texture": "#missing"}
			}
		},
		{
			"from": [11.25, 5.5, 3],
			"to": [13.75, 10.5, 3],
			"rotation": {"angle": -45, "axis": "y", "origin": [11.25, 8, 3]},
			"faces": {
				"north": {"uv": [8.0625, 0.9375, 8.375, 1.5625], "texture": "#0"},
				"east": {"uv": [0, 0, 0, 0.5], "texture": "#missing"},
				"south": {"uv": [8.375, 0.9375, 8.0625, 1.5625], "texture": "#0"},
				"west": {"uv": [0, 0, 0, 0.5], "texture": "#missing"},
				"up": {"uv": [0, 0, 1.25, 0], "texture": "#missing"},
				"down": {"uv": [0, 0, 1.25, 0], "texture": "#missing"}
			}
		},
		{
			"from": [2.25, 5.5, 3],
			"to": [4.75, 10.5, 3],
			"rotation": {"angle": 45, "axis": "y", "origin": [4.75, 8, 3]},
			"faces": {
				"north": {"uv": [8.375, 0.9375, 8.0625, 1.5625], "texture": "#0"},
				"east": {"uv": [0, 0, 0, 0.5], "texture": "#missing"},
				"south": {"uv": [8.0625, 0.9375, 8.375, 1.5625], "texture": "#0"},
				"west": {"uv": [0, 0, 0, 0.5], "texture": "#missing"},
				"up": {"uv": [1.25, 0, 0, 0], "texture": "#missing"},
				"down": {"uv": [1.25, 0, 0, 0], "texture": "#missing"}
			}
		}
	],
	"gui_light": "front",
	"display": {
		"thirdperson_righthand": {
			"rotation": [42.76, 10.93, -4.97],
			"translation": [0, 4.75, 1],
			"scale": [0.6, 0.6, 0.6]
		},
		"thirdperson_lefthand": {
			"rotation": [42.76, 10.93, -4.97],
			"translation": [0, 4.75, 1],
			"scale": [0.6, 0.6, 0.6]
		},
		"firstperson_righthand": {
			"rotation": [-2, 103, 0],
			"translation": [20, 8.75, -23.25],
			"scale": [1.73633, 1.73633, 1.73633]
		},
		"firstperson_lefthand": {
			"rotation": [-2, 103, 0],
			"translation": [20, 8.75, -23.25],
			"scale": [1.73633, 1.73633, 1.73633]
		},
		"ground": {
			"translation": [0, 5.75, 0],
			"scale": [0.54688, 0.54688, 0.54688]
		},
		"gui": {
			"rotation": [20, 140, 0],
			"translation": [0, 5, 0],
			"scale": [0.73477, 0.73477, 0.73477]
		},
		"head": {
			"translation": [0, 13.75, -1],
			"scale": [1.57914, 1.73539, 1.61234]
		},
		"fixed": {
			"translation": [0, 11.75, -9.5],
			"scale": [1.61133, 1.61133, 1.61133]
		}
	}
}