{
	"credit": "by w11shes",
	"texture_size": [64, 64],
	"textures": {
		"0": "elitecreatures:minotaur_assortment/totem",
		"particle": "elitecreatures:minotaur_assortment/totem"
	},
	"elements": [
		{
			"from": [5.58518, -15.94291, 4.82732],
			"to": [8.58518, 0.55709, 7.82732],
			"rotation": {"angle": 45, "axis": "y", "origin": [8, -6.88583, 5.4125]},
			"faces": {
				"north": {"uv": [1.5, 0, 0, 8.25], "texture": "#0"},
				"east": {"uv": [0, 0, 1.5, 8.25], "texture": "#0"},
				"south": {"uv": [1.5, 0, 3, 8.25], "texture": "#0"},
				"west": {"uv": [3, 0, 1.5, 8.25], "texture": "#0"},
				"up": {"uv": [6.5, 3.5, 5, 2], "texture": "#0"},
				"down": {"uv": [6.5, 3.5, 5, 5], "texture": "#0"}
			}
		},
		{
			"from": [5.08518, -14.44291, 4.32732],
			"to": [9.08518, -12.94291, 8.32732],
			"rotation": {"angle": 45, "axis": "y", "origin": [8, -6.88583, 5.4125]},
			"faces": {
				"north": {"uv": [4.5, 6.5, 6.5, 7.25], "texture": "#0"},
				"east": {"uv": [4.5, 6.5, 6.5, 7.25], "texture": "#0"},
				"south": {"uv": [4.5, 6.5, 6.5, 7.25], "texture": "#0"},
				"west": {"uv": [4.5, 6.5, 6.5, 7.25], "texture": "#0"},
				"up": {"uv": [5, 2, 3, 0], "texture": "#0"},
				"down": {"uv": [5, 2, 3, 4], "texture": "#0"}
			}
		},
		{
			"from": [5.08518, -10.94291, 4.32732],
			"to": [9.08518, -9.44291, 8.32732],
			"rotation": {"angle": 45, "axis": "y", "origin": [8, -6.88583, 5.4125]},
			"faces": {
				"north": {"uv": [6.5, 4.75, 8.5, 5.5], "texture": "#0"},
				"east": {"uv": [6.5, 4.75, 8.5, 5.5], "texture": "#0"},
				"south": {"uv": [6.5, 4.75, 8.5, 5.5], "texture": "#0"},
				"west": {"uv": [6.5, 4.75, 8.5, 5.5], "texture": "#0"},
				"up": {"uv": [5, 6, 3, 4], "texture": "#0"},
				"down": {"uv": [7, 0, 5, 2], "texture": "#0"}
			}
		},
		{
			"from": [5.65, -2.44291, 5.45625],
			"to": [7.15, 0.05709, 7.95625],
			"rotation": {"angle": 0, "axis": "y", "origin": [8, -6.88583, 5.4125]},
			"faces": {
				"north": {"uv": [4.5, 7.25, 5.25, 8.5], "texture": "#0"},
				"south": {"uv": [5.25, 7.25, 4.5, 8.5], "texture": "#0"},
				"west": {"uv": [6.5, 3.5, 7.75, 4.75], "texture": "#0"},
				"up": {"uv": [6, 8.5, 5.25, 7.25], "texture": "#0"},
				"down": {"uv": [6, 8.5, 5.25, 9.75], "texture": "#0"}
			}
		},
		{
			"from": [3.15, -1.94291, 5.95625],
			"to": [5.65, -0.44291, 7.45625],
			"rotation": {"angle": 0, "axis": "y", "origin": [8, -6.88583, 5.4125]},
			"faces": {
				"north": {"uv": [4, 8.5, 5.25, 9.25], "texture": "#0"},
				"south": {"uv": [5.25, 8.5, 4, 9.25], "texture": "#0"},
				"west": {"uv": [6.5, 7.5, 7.25, 8.25], "texture": "#0"},
				"up": {"uv": [5.25, 10, 4, 9.25], "texture": "#0"},
				"down": {"uv": [4.5, 7.5, 3.25, 8.25], "texture": "#0"}
			}
		},
		{
			"from": [-0.87239, -4.17518, 6.70625],
			"to": [1.62761, -1.17518, 6.70625],
			"rotation": {"angle": -22.5, "axis": "z", "origin": [8, -6.88583, 5.4125]},
			"faces": {
				"north": {"uv": [6.5, 2, 7.75, 3.5], "texture": "#0"},
				"south": {"uv": [7.75, 2, 6.5, 3.5], "texture": "#0"}
			}
		},
		{
			"from": [8.85, -2.44291, 5.45625],
			"to": [10.35, 0.05709, 7.95625],
			"rotation": {"angle": 0, "axis": "y", "origin": [8, -6.88583, 5.4125]},
			"faces": {
				"north": {"uv": [5.25, 7.25, 4.5, 8.5], "texture": "#0"},
				"east": {"uv": [7.75, 3.5, 6.5, 4.75], "texture": "#0"},
				"south": {"uv": [4.5, 7.25, 5.25, 8.5], "texture": "#0"},
				"up": {"uv": [5.25, 8.5, 6, 7.25], "texture": "#0"},
				"down": {"uv": [5.25, 8.5, 6, 9.75], "texture": "#0"}
			}
		},
		{
			"from": [10.35, -1.94291, 5.95625],
			"to": [12.85, -0.44291, 7.45625],
			"rotation": {"angle": 0, "axis": "y", "origin": [8, -6.88583, 5.4125]},
			"faces": {
				"north": {"uv": [5.25, 8.5, 4, 9.25], "texture": "#0"},
				"east": {"uv": [7.25, 7.5, 6.5, 8.25], "texture": "#0"},
				"south": {"uv": [4, 8.5, 5.25, 9.25], "texture": "#0"},
				"up": {"uv": [4, 10, 5.25, 9.25], "texture": "#0"},
				"down": {"uv": [3.25, 7.5, 4.5, 8.25], "texture": "#0"}
			}
		},
		{
			"from": [14.37239, -4.17518, 6.70625],
			"to": [16.87239, -1.17518, 6.70625],
			"rotation": {"angle": 22.5, "axis": "z", "origin": [8, -6.88583, 5.4125]},
			"faces": {
				"north": {"uv": [7.75, 2, 6.5, 3.5], "texture": "#0"},
				"south": {"uv": [6.5, 2, 7.75, 3.5], "texture": "#0"}
			}
		},
		{
			"from": [7, -5.94291, 3.60625],
			"to": [9, -3.94291, 5.60625],
			"rotation": {"angle": 0, "axis": "y", "origin": [8, -6.88583, 5.4125]},
			"faces": {
				"north": {"uv": [6.5, 5.5, 7.5, 6.5], "texture": "#0"},
				"east": {"uv": [7.5, 6.5, 6.5, 7.5], "texture": "#0"},
				"west": {"uv": [6.5, 6.5, 7.5, 7.5], "texture": "#0"},
				"up": {"uv": [8, 1, 7, 0], "texture": "#0"},
				"down": {"uv": [8, 1, 7, 2], "texture": "#0"}
			}
		},
		{
			"from": [6.5, -7.94291, 3.60625],
			"to": [9.5, -4.94291, 4.60625],
			"rotation": {"angle": 0, "axis": "y", "origin": [8, -6.88583, 5.4125]},
			"faces": {
				"north": {"uv": [5, 5, 6.5, 6.5], "texture": "#0"},
				"east": {"uv": [6.5, 7.25, 6, 8.75], "texture": "#0"},
				"south": {"uv": [3, 6, 4.5, 7.5], "texture": "#0"},
				"west": {"uv": [6, 7.25, 6.5, 8.75], "texture": "#0"},
				"up": {"uv": [9, 6, 7.5, 5.5], "texture": "#0"},
				"down": {"uv": [9, 6, 7.5, 6.5], "texture": "#0"}
			}
		},
		{
			"from": [9, -5.44291, 4.60625],
			"to": [7, -7.44291, 3.60625],
			"rotation": {"angle": 0, "axis": "y", "origin": [8, -6.88583, 5.4125]},
			"faces": {
				"east": {"uv": [6, 8.5, 6.5, 7.5], "texture": "#0"},
				"west": {"uv": [6.5, 8.5, 6, 7.5], "texture": "#0"},
				"up": {"uv": [7.75, 6, 8.75, 6.5], "texture": "#0"}
			}
		},
		{
			"from": [3.625, -2.94291, 5.95625],
			"to": [3.65, -1.94291, 7.45625],
			"rotation": {"angle": 0, "axis": "y", "origin": [8, -6.88583, 5.4125]},
			"faces": {
				"east": {"uv": [8, 0, 8.75, 0.5], "texture": "#0"},
				"west": {"uv": [8, 0, 8.75, 0.5], "texture": "#0"}
			}
		},
		{
			"from": [2.875, -3.94291, 6.70625],
			"to": [4.375, -2.44291, 6.73125],
			"rotation": {"angle": 0, "axis": "y", "origin": [8, -6.88583, 5.4125]},
			"faces": {
				"north": {"uv": [8, 0.5, 8.75, 1.25], "texture": "#0"},
				"south": {"uv": [8, 0.5, 8.75, 1.25], "texture": "#0"}
			}
		},
		{
			"from": [12.35, -2.94291, 5.95625],
			"to": [12.375, -1.94291, 7.45625],
			"rotation": {"angle": 0, "axis": "y", "origin": [8, -6.88583, 5.4125]},
			"faces": {
				"east": {"uv": [8.75, 0, 8, 0.5], "texture": "#0"},
				"west": {"uv": [8.75, 0, 8, 0.5], "texture": "#0"}
			}
		},
		{
			"from": [11.625, -3.94291, 6.70625],
			"to": [13.125, -2.44291, 6.73125],
			"rotation": {"angle": 0, "axis": "y", "origin": [8, -6.88583, 5.4125]},
			"faces": {
				"north": {"uv": [8.75, 0.5, 8, 1.25], "texture": "#0"},
				"south": {"uv": [8.75, 0.5, 8, 1.25], "texture": "#0"}
			}
		}
	],
	"gui_light": "front",
	"display": {
		"thirdperson_righthand": {
			"rotation": [39.5, 0, 0],
			"scale": [0.49, 0.49, 0.49]
		},
		"thirdperson_lefthand": {
			"rotation": [67.5, 180, 0],
			"translation": [-5.25, -9.5, 5.75],
			"scale": [0.7, 0.7, 0.7]
		},
		"firstperson_righthand": {
			"rotation": [0, 132, 0],
			"translation": [15.25, -9, -21.75]
		},
		"firstperson_lefthand": {
			"rotation": [0, 132, 0],
			"translation": [15.25, -9, -21.75],
			"scale": [0, 0, 0]
		},
		"ground": {
			"rotation": [82, 0, 0],
			"translation": [0, 0, -4.25],
			"scale": [0.61523, 0.61523, 0.61523]
		},
		"gui": {
			"rotation": [2, 163, 0],
			"translation": [0, -3.25, 0],
			"scale": [0.49609, 0.49609, 0.49609]
		},
		"head": {
			"rotation": [0, 180, 0],
			"translation": [0, -66, 5.25],
			"scale": [2.4, 2.4, 2.4]
		},
		"fixed": {
			"translation": [0, -6, -3.25]
		}
	}
}