{
	"credit": "Made with Blockbench",
	"texture_size": [32, 32],
	"textures": {
		"0": "rainforestset:rainforestset/rainforest_key",
		"particle": "rainforestset:rainforestset/rainforest_key"
	},
	"elements": [
		{
			"from": [7.35188, -1.38611, 13.54833],
			"to": [8.65188, -0.08611, 14.84833],
			"rotation": {"angle": 45, "axis": "x", "origin": [8.00188, 5.46222, 8]},
			"faces": {
				"north": {"uv": [0, 0, 0.0625, 0.5], "texture": "#0"},
				"east": {"uv": [0.5, 0, 0, 0.5], "texture": "#0"},
				"south": {"uv": [0.425, 0, 0.4875, 0.5], "texture": "#0"},
				"west": {"uv": [0, 0, 0.5, 0.5], "texture": "#0"},
				"up": {"uv": [0, 0, 0.0625, 0.5], "texture": "#0"},
				"down": {"uv": [0.425, 0, 0.4875, 0.5], "rotation": 180, "texture": "#0"}
			}
		},
		{
			"from": [7.35188, 3.43798, 7.35],
			"to": [8.65188, 4.73798, 8.65],
			"rotation": {"angle": 0, "axis": "y", "origin": [8.00188, 7.67222, 8]},
			"faces": {
				"north": {"uv": [4.625, 0.875, 5.125, 1.375], "texture": "#0"},
				"east": {"uv": [4.625, 0.875, 5.125, 1.375], "texture": "#0"},
				"south": {"uv": [4.625, 0.875, 5.125, 1.375], "texture": "#0"},
				"west": {"uv": [4.625, 0.875, 5.125, 1.375], "texture": "#0"},
				"up": {"uv": [0, 0, 1, 1], "texture": "#missing"},
				"down": {"uv": [4.625, 1.3625, 5.125, 1.3125], "rotation": 90, "texture": "#0"}
			}
		},
		{
			"from": [7.02688, 5.08202, 8.6402],
			"to": [8.97688, 7.03202, 10.5902],
			"rotation": {"angle": 45, "axis": "x", "origin": [8.00188, 7.67222, 8]},
			"faces": {
				"north": {"uv": [5.2625, 0, 5.375, 0.75], "texture": "#0"},
				"east": {"uv": [5.375, 0, 4.625, 0.75], "texture": "#0"},
				"south": {"uv": [4.625, 0, 4.7375, 0.75], "texture": "#0"},
				"west": {"uv": [4.625, 0, 5.375, 0.75], "texture": "#0"},
				"up": {"uv": [5.2625, 0, 5.375, 0.75], "texture": "#0"},
				"down": {"uv": [4.625, 0, 4.7375, 0.75], "texture": "#0"}
			}
		},
		{
			"from": [7.35188, 8.73354, -0.71],
			"to": [8.65188, 10.03354, 0.59],
			"rotation": {"angle": -45, "axis": "x", "origin": [8.00188, 11.59354, 8]},
			"faces": {
				"north": {"uv": [0.5, 1.0375, 0, 1.1], "rotation": 90, "texture": "#0"},
				"east": {"uv": [0.5, 1.125, 0, 0.625], "rotation": 90, "texture": "#0"},
				"south": {"uv": [0.5, 0.625, 0, 0.65], "rotation": 90, "texture": "#0"},
				"west": {"uv": [0.5, 0.625, 0, 1.125], "rotation": 90, "texture": "#0"},
				"up": {"uv": [0.4, 1.125, 0.4875, 0.625], "texture": "#0"},
				"down": {"uv": [0, 1.125, 0.1125, 0.625], "rotation": 180, "texture": "#0"}
			}
		},
		{
			"from": [7.60668, 5.77592, 3.72091],
			"to": [8.39708, 6.56632, 5.99331],
			"rotation": {"angle": -45, "axis": "x", "origin": [8.00188, 5.44832, 5.94391]},
			"faces": {
				"north": {"uv": [0.8, 0.4, 1.2, 0], "texture": "#missing"},
				"east": {"uv": [3.474, 0.304, 2.6, 0], "texture": "#0"},
				"south": {"uv": [0.8, 0.4, 1.2, 0], "texture": "#missing"},
				"west": {"uv": [2.6, 0.304, 3.474, 0], "texture": "#0"},
				"up": {"uv": [3.47275, 0.1875, 2.6, 0.30212], "rotation": 270, "texture": "#0"},
				"down": {"uv": [3.47275, 0, 2.6, 0.11462], "rotation": 90, "texture": "#0"}
			}
		},
		{
			"from": [7.48188, -1.37202, 7.48],
			"to": [8.52188, 3.56798, 8.52],
			"rotation": {"angle": 0, "axis": "y", "origin": [8.00188, 7.67222, 8]},
			"faces": {
				"north": {"uv": [4.625, 1.575, 4.7125, 2.875], "texture": "#0"},
				"east": {"uv": [5, 1.575, 4.625, 2.875], "texture": "#0"},
				"south": {"uv": [4.9, 1.575, 5, 2.875], "texture": "#0"},
				"west": {"uv": [4.625, 1.575, 5, 2.875], "texture": "#0"},
				"up": {"uv": [0, 0, 0.4, 0.4], "texture": "#missing"},
				"down": {"uv": [4.625, 1.3625, 5.125, 1.3125], "rotation": 90, "texture": "#0"}
			}
		},
		{
			"from": [7.48188, 4.18745, 3.90687],
			"to": [8.52188, 5.22745, 6.89687],
			"rotation": {"angle": 22.5, "axis": "x", "origin": [8.00188, 2.82778, 8]},
			"faces": {
				"north": {"uv": [3.475, 0.4, 3.55, 0], "texture": "#0"},
				"east": {"uv": [4.625, 0.4, 3.475, 0], "texture": "#0"},
				"south": {"uv": [0.8, 0.4, 1.2, 0], "texture": "#missing"},
				"west": {"uv": [3.475, 0.4, 4.625, 0], "texture": "#0"},
				"up": {"uv": [4.625, 0.2875, 3.475, 0.35312], "rotation": 270, "texture": "#0"},
				"down": {"uv": [4.625, 0, 3.475, 0.075], "rotation": 90, "texture": "#0"}
			}
		},
		{
			"from": [7.48188, 4.18745, 9.10313],
			"to": [8.52188, 5.22745, 12.09313],
			"rotation": {"angle": -22.5, "axis": "x", "origin": [8.00188, 2.82778, 8]},
			"faces": {
				"north": {"uv": [1.2, 0.4, 0.8, 0], "texture": "#missing"},
				"east": {"uv": [3.475, 0.4, 4.625, 0], "texture": "#0"},
				"south": {"uv": [3.55, 0.4, 3.475, 0], "texture": "#0"},
				"west": {"uv": [4.625, 0.4, 3.475, 0], "texture": "#0"},
				"up": {"uv": [3.475, 0.2875, 4.625, 0.35312], "rotation": 270, "texture": "#0"},
				"down": {"uv": [3.475, 0, 4.625, 0.075], "rotation": 90, "texture": "#0"}
			}
		},
		{
			"from": [7.60668, 5.77592, 10.00669],
			"to": [8.39708, 6.56632, 12.27909],
			"rotation": {"angle": 45, "axis": "x", "origin": [8.00188, 5.44832, 10.05609]},
			"faces": {
				"north": {"uv": [1.2, 0.4, 0.8, 0], "texture": "#missing"},
				"east": {"uv": [2.6, 0.304, 3.474, 0], "texture": "#0"},
				"south": {"uv": [1.2, 0.4, 0.8, 0], "texture": "#missing"},
				"west": {"uv": [3.474, 0.304, 2.6, 0], "texture": "#0"},
				"up": {"uv": [2.6, 0.1875, 3.47275, 0.30212], "rotation": 270, "texture": "#0"},
				"down": {"uv": [2.6, 0, 3.47275, 0.11462], "rotation": 90, "texture": "#0"}
			}
		},
		{
			"from": [7.35188, 8.73354, 15.41],
			"to": [8.65188, 10.03354, 16.71],
			"rotation": {"angle": 45, "axis": "x", "origin": [8.00188, 11.59354, 8]},
			"faces": {
				"north": {"uv": [0.5, 0.65, 0, 0.625], "rotation": 90, "texture": "#0"},
				"east": {"uv": [0.5, 0.625, 0, 1.125], "rotation": 90, "texture": "#0"},
				"south": {"uv": [0.5, 1.1, 0, 1.0375], "rotation": 90, "texture": "#0"},
				"west": {"uv": [0.5, 1.125, 0, 0.625], "rotation": 90, "texture": "#0"},
				"up": {"uv": [0.4, 0.625, 0.4875, 1.125], "texture": "#0"},
				"down": {"uv": [0, 0.625, 0.1125, 1.125], "rotation": 180, "texture": "#0"}
			}
		},
		{
			"from": [7.35188, -2.39354, 7.35],
			"to": [8.65188, -1.09354, 8.65],
			"rotation": {"angle": 0, "axis": "y", "origin": [8.00188, 6.37222, 8]},
			"faces": {
				"north": {"uv": [4.625, 1.375, 5.125, 0.875], "texture": "#0"},
				"east": {"uv": [4.625, 1.375, 5.125, 0.875], "texture": "#0"},
				"south": {"uv": [4.625, 1.375, 5.125, 0.875], "texture": "#0"},
				"west": {"uv": [4.625, 1.375, 5.125, 0.875], "texture": "#0"},
				"up": {"uv": [5.125, 1.3625, 4.625, 1.3125], "rotation": 90, "texture": "#0"},
				"down": {"uv": [5.125, 0.875, 4.625, 0.9625], "rotation": 90, "texture": "#0"}
			}
		},
		{
			"from": [7.52926, 6.24695, 7.52576],
			"to": [8.47774, 9.79751, 8.47424],
			"rotation": {"angle": 0, "axis": "y", "origin": [8.0035, 7.96826, 8]},
			"faces": {
				"north": {"uv": [4.625, 1.625, 4.7125, 2.875], "texture": "#0"},
				"east": {"uv": [5, 1.625, 4.625, 2.875], "texture": "#0"},
				"south": {"uv": [4.9, 1.625, 5, 2.875], "texture": "#0"},
				"west": {"uv": [4.625, 1.625, 5, 2.875], "texture": "#0"},
				"up": {"uv": [4.625, 1.625, 4.9875, 1.7], "rotation": 90, "texture": "#0"},
				"down": {"uv": [4.625, 1.3625, 5.125, 1.3125], "rotation": 90, "texture": "#0"}
			}
		},
		{
			"from": [7.57668, 9.75065, 7.57318],
			"to": [8.43032, 12.94616, 8.42682],
			"rotation": {"angle": 0, "axis": "y", "origin": [8.0035, 5.07378, 8]},
			"faces": {
				"north": {"uv": [4.625, 2.875, 4.7125, 1.625], "texture": "#0"},
				"east": {"uv": [5, 2.875, 4.625, 1.625], "texture": "#0"},
				"south": {"uv": [4.9, 2.875, 5, 1.625], "texture": "#0"},
				"west": {"uv": [4.625, 2.875, 5, 1.625], "texture": "#0"},
				"up": {"uv": [5, 2.775, 4.625, 2.875], "rotation": 270, "texture": "#0"},
				"down": {"uv": [4.9875, 1.625, 4.625, 1.7], "rotation": 90, "texture": "#0"}
			}
		},
		{
			"from": [7.66205, 12.8702, 7.65855],
			"to": [8.34495, 15.42661, 8.34145],
			"rotation": {"angle": 0, "axis": "y", "origin": [8.0035, 6.88871, 8]},
			"faces": {
				"north": {"uv": [4.625, 2.875, 4.7125, 1.625], "texture": "#0"},
				"east": {"uv": [5, 2.875, 4.625, 1.625], "texture": "#0"},
				"south": {"uv": [4.9, 2.875, 5, 1.625], "texture": "#0"},
				"west": {"uv": [4.625, 2.875, 5, 1.625], "texture": "#0"},
				"up": {"uv": [5, 2.775, 4.625, 2.875], "rotation": 270, "texture": "#0"},
				"down": {"uv": [4.9875, 1.625, 4.625, 1.7], "rotation": 90, "texture": "#0"}
			}
		},
		{
			"from": [7.67635, 14.47303, 8.01056],
			"to": [8.29165, 15.14605, 11.46482],
			"rotation": {"angle": 0, "axis": "y", "origin": [7.99843, 10.63335, 8.23997]},
			"faces": {
				"north": {"uv": [4.625, 1.625, 4.9875, 1.7], "rotation": 270, "texture": "#0"},
				"east": {"uv": [4.625, 2.875, 5, 1.625], "rotation": 270, "texture": "#0"},
				"south": {"uv": [4.625, 2.775, 5, 2.875], "rotation": 270, "texture": "#0"},
				"west": {"uv": [5, 2.875, 4.625, 1.625], "rotation": 90, "texture": "#0"},
				"up": {"uv": [5, 2.875, 4.9, 1.625], "rotation": 180, "texture": "#0"},
				"down": {"uv": [4.7125, 2.875, 4.625, 1.625], "texture": "#0"}
			}
		},
		{
			"from": [7.67635, 11.47303, 8.01056],
			"to": [8.29165, 12.14605, 11.46482],
			"rotation": {"angle": 0, "axis": "y", "origin": [7.99843, 10.63335, 8.23997]},
			"faces": {
				"north": {"uv": [4.625, 1.625, 4.9875, 1.7], "rotation": 270, "texture": "#0"},
				"east": {"uv": [4.625, 2.875, 5, 1.625], "rotation": 270, "texture": "#0"},
				"south": {"uv": [4.625, 2.775, 5, 2.875], "rotation": 270, "texture": "#0"},
				"west": {"uv": [5, 2.875, 4.625, 1.625], "rotation": 90, "texture": "#0"},
				"up": {"uv": [5, 2.875, 4.9, 1.625], "rotation": 180, "texture": "#0"},
				"down": {"uv": [4.7125, 2.875, 4.625, 1.625], "texture": "#0"}
			}
		}
	],
	"gui_light": "front",
	"display": {
		"thirdperson_righthand": {
			"translation": [0, 3.75, 1.25],
			"scale": [0.72, 0.72, 0.72]
		},
		"thirdperson_lefthand": {
			"translation": [0, 3.75, 1.25],
			"scale": [0.72, 0.72, 0.72]
		},
		"firstperson_righthand": {
			"rotation": [92.52, -13.25, 176.18],
			"translation": [1.25, 2.75, -1],
			"scale": [0.58, 0.58, 0.58]
		},
		"firstperson_lefthand": {
			"rotation": [92.52, -13.25, 176.18],
			"translation": [1.25, 2.75, -1],
			"scale": [0.58, 0.58, 0.58]
		},
		"ground": {
			"rotation": [0, 0, 35],
			"translation": [0, 2, 0],
			"scale": [0.43, 0.43, 0.43]
		},
		"gui": {
			"rotation": [83, 43, -78],
			"translation": [0.75, 1.75, 0],
			"scale": [0.76758, 0.76758, 0.76758]
		},
		"fixed": {
			"rotation": [0, -85.5, 0],
			"translation": [0, 2.25, -2.75],
			"scale": [1.36719, 1.36719, 1.36719]
		}
	},
	"groups": [
		{
			"name": "key",
			"origin": [8, 1.25711, 8],
			"color": 0,
			"nbt": "{}",
			"armAnimationEnabled": false,
			"children": [
				0,
				1,
				2,
				3,
				4,
				5,
				6,
				7,
				8,
				9,
				10,
				{
					"name": "group",
					"origin": [7.984, 10.08637, 9.23497],
					"color": 0,
					"nbt": "{}",
					"armAnimationEnabled": false,
					"children": [11, 12, 13, 14, 15]
				}
			]
		}
	]
}