{
	"credit": "by w11shes",
	"texture_size": [32, 32],
	"textures": {
		"0": "elitecreatures:minotaur_assortment/bow",
		"particle": "elitecreatures:minotaur_assortment/bow"
	},
	"elements": [
		{
			"from": [7, 4, 5],
			"to": [9, 12, 7],
			"faces": {
				"north": {"uv": [3, 5.5, 4, 9.5], "texture": "#0"},
				"east": {"uv": [4, 5.5, 5, 9.5], "texture": "#0"},
				"south": {"uv": [5.5, 5.5, 6.5, 9.5], "texture": "#0"},
				"west": {"uv": [5, 5.5, 4, 9.5], "texture": "#0"}
			}
		},
		{
			"from": [6.98, 14, 5],
			"to": [9.02, 20, 8],
			"rotation": {"angle": 22.5, "axis": "x", "origin": [8, 14, 5]},
			"faces": {
				"north": {"uv": [8.5, 6.5, 9.5, 9.5], "texture": "#0"},
				"east": {"uv": [3.5, 0, 5, 3], "texture": "#0"},
				"south": {"uv": [0, 9, 1, 12], "texture": "#0"},
				"west": {"uv": [5, 0, 3.5, 3], "texture": "#0"},
				"up": {"uv": [8, 11, 7, 9.5], "texture": "#0"}
			}
		},
		{
			"from": [8, 19, 0],
			"to": [8.05, 24, 6],
			"rotation": {"angle": -22.5, "axis": "x", "origin": [8, 14, 5]},
			"faces": {
				"east": {"uv": [10.5, 1, 13.5, 3.5], "texture": "#0"},
				"west": {"uv": [13.5, 1, 10.5, 3.5], "texture": "#0"}
			}
		},
		{
			"from": [6.5, 13, 4],
			"to": [9.5, 19, 7],
			"rotation": {"angle": -22.5, "axis": "x", "origin": [8, 14, 5]},
			"faces": {
				"north": {"uv": [0, 6, 1.5, 9], "texture": "#0"},
				"east": {"uv": [5.5, 0.5, 7, 3.5], "texture": "#0"},
				"south": {"uv": [1.5, 6, 3, 9], "texture": "#0"},
				"west": {"uv": [7, 0.5, 5.5, 3.5], "texture": "#0"},
				"up": {"uv": [7, 11, 5.5, 9.5], "texture": "#0"}
			}
		},
		{
			"from": [5.5, 12, 4],
			"to": [10.5, 15, 9],
			"rotation": {"angle": 22.5, "axis": "x", "origin": [8, 14, 5]},
			"faces": {
				"north": {"uv": [7, 2, 9.5, 3.5], "texture": "#0"},
				"east": {"uv": [8, 3.5, 10.5, 5], "texture": "#0"},
				"south": {"uv": [8.5, 5, 11, 6.5], "texture": "#0"},
				"west": {"uv": [8, 3.5, 10.5, 5], "texture": "#0"},
				"up": {"uv": [2.5, 5.5, 0, 3], "texture": "#0"},
				"down": {"uv": [5, 3, 2.5, 5.5], "texture": "#0"}
			}
		},
		{
			"from": [7, 17.16059, 7.21998],
			"to": [9, 19.16059, 14.21998],
			"rotation": {"angle": 0, "axis": "y", "origin": [7.02, -4.33941, -0.03002]},
			"faces": {
				"east": {"uv": [9, 0, 12.5, 1], "texture": "#0"},
				"west": {"uv": [12.5, 0, 9, 1], "texture": "#0"},
				"up": {"uv": [2, 12.5, 1, 9], "texture": "#0"},
				"down": {"uv": [3, 9, 2, 12.5], "texture": "#0"}
			}
		},
		{
			"from": [7, -3.16059, 7.21998],
			"to": [9, -1.16059, 14.21998],
			"rotation": {"angle": 0, "axis": "y", "origin": [7.02, 20.33941, -0.03002]},
			"faces": {
				"east": {"uv": [9, 1, 12.5, 0], "texture": "#0"},
				"west": {"uv": [12.5, 1, 9, 0], "texture": "#0"},
				"up": {"uv": [3, 12.5, 2, 9], "texture": "#0"},
				"down": {"uv": [2, 9, 1, 12.5], "texture": "#0"}
			}
		},
		{
			"from": [6.98, 25.11458, 8.23258],
			"to": [9.02, 30.11458, 10.23258],
			"rotation": {"angle": 22.5, "axis": "x", "origin": [3.02, 11.11458, -7.76742]},
			"faces": {
				"north": {"uv": [9.5, 1, 10.5, 3.5], "texture": "#0"},
				"east": {"uv": [3, 9.5, 4, 12], "texture": "#0"},
				"south": {"uv": [4, 9.5, 5, 12], "texture": "#0"},
				"west": {"uv": [4, 9.5, 3, 12], "texture": "#0"}
			}
		},
		{
			"from": [8.02, 27.11458, 10.23258],
			"to": [8.07, 30.11458, 12.23258],
			"rotation": {"angle": 22.5, "axis": "x", "origin": [3.02, 11.11458, -7.76742]},
			"faces": {
				"east": {"uv": [8, 9.5, 9, 11], "texture": "#0"},
				"west": {"uv": [9, 9.5, 8, 11], "texture": "#0"}
			}
		},
		{
			"from": [6, 21.77999, 13.1334],
			"to": [10, 25.77999, 17.1334],
			"rotation": {"angle": 0, "axis": "y", "origin": [2.02, 11.27999, -8.8666]},
			"faces": {
				"north": {"uv": [6.5, 5.5, 8.5, 7.5], "texture": "#0"},
				"east": {"uv": [6.5, 5.5, 8.5, 7.5], "texture": "#0"},
				"south": {"uv": [6.5, 5.5, 8.5, 7.5], "texture": "#0"},
				"west": {"uv": [6.5, 5.5, 8.5, 7.5], "texture": "#0"},
				"up": {"uv": [9, 2, 7, 0], "texture": "#0"},
				"down": {"uv": [8.5, 7.5, 6.5, 9.5], "texture": "#0"}
			}
		},
		{
			"from": [8, 25.77999, 10.1334],
			"to": [8.05, 31.77999, 17.1334],
			"rotation": {"angle": 0, "axis": "y", "origin": [2.02, 11.27999, -8.8666]},
			"faces": {
				"east": {"uv": [0, 12.5, 3.5, 15.5], "texture": "#0"},
				"west": {"uv": [3.5, 12.5, 0, 15.5], "texture": "#0"}
			}
		},
		{
			"from": [8, -8, 0],
			"to": [8.05, -3, 6],
			"rotation": {"angle": 22.5, "axis": "x", "origin": [8, 2, 5]},
			"faces": {
				"east": {"uv": [10.5, 3.5, 13.5, 1], "texture": "#0"},
				"west": {"uv": [13.5, 3.5, 10.5, 1], "texture": "#0"}
			}
		},
		{
			"from": [6.5, -3, 4],
			"to": [9.5, 3, 7],
			"rotation": {"angle": 22.5, "axis": "x", "origin": [8, 2, 5]},
			"faces": {
				"north": {"uv": [0, 9, 1.5, 6], "texture": "#0"},
				"east": {"uv": [5.5, 3.5, 7, 0.5], "texture": "#0"},
				"south": {"uv": [1.5, 9, 3, 6], "texture": "#0"},
				"west": {"uv": [7, 3.5, 5.5, 0.5], "texture": "#0"},
				"down": {"uv": [7, 9.5, 5.5, 11], "texture": "#0"}
			}
		},
		{
			"from": [5.5, 1, 4],
			"to": [10.5, 4, 9],
			"rotation": {"angle": -22.5, "axis": "x", "origin": [8, 2, 5]},
			"faces": {
				"north": {"uv": [7, 3.5, 9.5, 2], "texture": "#0"},
				"east": {"uv": [8, 5, 10.5, 3.5], "texture": "#0"},
				"south": {"uv": [8.5, 6.5, 11, 5], "texture": "#0"},
				"west": {"uv": [8, 5, 10.5, 3.5], "texture": "#0"},
				"up": {"uv": [5, 5.5, 2.5, 3], "texture": "#0"},
				"down": {"uv": [2.5, 3, 0, 5.5], "texture": "#0"}
			}
		},
		{
			"from": [6.98, -4, 5],
			"to": [9.02, 2, 8],
			"rotation": {"angle": -22.5, "axis": "x", "origin": [8, 2, 5]},
			"faces": {
				"north": {"uv": [8.5, 9.5, 9.5, 6.5], "texture": "#0"},
				"east": {"uv": [3.5, 3, 5, 0], "texture": "#0"},
				"south": {"uv": [0, 12, 1, 9], "texture": "#0"},
				"west": {"uv": [5, 3, 3.5, 0], "texture": "#0"},
				"down": {"uv": [8, 9.5, 7, 11], "texture": "#0"}
			}
		},
		{
			"from": [6.98, -14.11458, 8.23258],
			"to": [9.02, -9.11458, 10.23258],
			"rotation": {"angle": -22.5, "axis": "x", "origin": [3.02, 4.88542, -7.76742]},
			"faces": {
				"north": {"uv": [9.5, 3.5, 10.5, 1], "texture": "#0"},
				"east": {"uv": [3, 12, 4, 9.5], "texture": "#0"},
				"south": {"uv": [4, 12, 5, 9.5], "texture": "#0"},
				"west": {"uv": [4, 12, 3, 9.5], "texture": "#0"}
			}
		},
		{
			"from": [8.02, -14.11458, 10.23258],
			"to": [8.07, -11.11458, 12.23258],
			"rotation": {"angle": -22.5, "axis": "x", "origin": [3.02, 4.88542, -7.76742]},
			"faces": {
				"east": {"uv": [8, 11, 9, 9.5], "texture": "#0"},
				"west": {"uv": [9, 11, 8, 9.5], "texture": "#0"}
			}
		},
		{
			"from": [7, -9.77999, 13.1334],
			"to": [11, -5.77999, 17.1334],
			"rotation": {"angle": 0, "axis": "y", "origin": [2.02, 4.72001, -8.8666]},
			"faces": {
				"north": {"uv": [6.5, 7.5, 8.5, 5.5], "texture": "#0"},
				"east": {"uv": [6.5, 7.5, 8.5, 5.5], "texture": "#0"},
				"south": {"uv": [6.5, 7.5, 8.5, 5.5], "texture": "#0"},
				"west": {"uv": [6.5, 7.5, 8.5, 5.5], "texture": "#0"},
				"up": {"uv": [8.5, 9.5, 6.5, 7.5], "texture": "#0"},
				"down": {"uv": [9, 0, 7, 2], "texture": "#0"}
			}
		},
		{
			"from": [9, -15.77999, 10.1334],
			"to": [9.05, -9.77999, 17.1334],
			"rotation": {"angle": 0, "axis": "y", "origin": [3.02, 4.72001, -8.8666]},
			"faces": {
				"east": {"uv": [0, 3, 3.5, 0], "texture": "#0"},
				"west": {"uv": [3.5, 3, 0, 0], "texture": "#0"}
			}
		},
		{
			"from": [8, -3, 16.1],
			"to": [8.05, 19, 17.1],
			"faces": {
				"east": {"uv": [5, 0, 5.5, 11], "texture": "#0"},
				"west": {"uv": [5, 0, 5.5, 11], "texture": "#0"}
			}
		},
		{
			"from": [7.5, 25.77999, 14.1334],
			"to": [8.5, 29.77999, 17.1334],
			"faces": {
				"north": {"uv": [1, 13.5, 1.5, 15.5], "texture": "#0"},
				"east": {"uv": [0, 13.5, 1.5, 15.5], "texture": "#0"},
				"south": {"uv": [0, 13.5, 0.5, 15.5], "texture": "#0"},
				"west": {"uv": [1.5, 13.5, 0, 15.5], "texture": "#0"},
				"up": {"uv": [1.5, 13.5, 0, 14], "rotation": 90, "texture": "#0"}
			}
		},
		{
			"from": [8.5, -13.77999, 14.1334],
			"to": [9.5, -9.77999, 17.1334],
			"rotation": {"angle": 0, "axis": "y", "origin": [1, 16, 0]},
			"faces": {
				"north": {"uv": [1, 3, 1.5, 1], "texture": "#0"},
				"east": {"uv": [0, 3, 1.5, 1], "texture": "#0"},
				"south": {"uv": [0, 3, 0.5, 1], "texture": "#0"},
				"west": {"uv": [1.5, 3, 0, 1], "texture": "#0"},
				"down": {"uv": [0, 1, 1.5, 1.5], "rotation": 90, "texture": "#0"}
			}
		}
	],
	"gui_light": "front",
	"display": {
		"thirdperson_righthand": {
			"translation": [-1, -1.75, 1],
			"scale": [0.6, 0.6, 0.6]
		},
		"thirdperson_lefthand": {
			"translation": [-1, -1.75, 1],
			"scale": [0.6, 0.6, 0.6]
		},
		"firstperson_righthand": {
			"rotation": [6.01, 24.86, -0.85],
			"translation": [5.25, -0.75, -6.5],
			"scale": [0.54883, 0.54883, 0.54883]
		},
		"firstperson_lefthand": {
			"rotation": [6.01, 24.86, -0.85],
			"translation": [5.25, -0.75, -6.5],
			"scale": [0.54883, 0.54883, 0.54883]
		},
		"ground": {
			"rotation": [94, 85, 0],
			"translation": [0, 0.75, -0.5],
			"scale": [0.5, 0.5, 0.5]
		},
		"gui": {
			"rotation": [90, 45, 90],
			"translation": [-1.5, 1.5, 0],
			"scale": [0.44, 0.44, 0.44]
		},
		"head": {
			"rotation": [91, -1, 90],
			"translation": [1.25, 8.5, 0.25],
			"scale": [0.7, 0.7, 0.7]
		},
		"fixed": {
			"rotation": [0, 90, 0],
			"translation": [3.75, -0.75, -3.5]
		}
	}
}