{"parent":"minecraft:item/handheld","textures":{"layer0":"minecraft:item/netherite_sword"},"overrides":[{"predicate":{"custom_model_data":10001},"model":"azureset:hammer"},{"predicate":{"custom_model_data":10001},"model":"azureset:staff"},{"predicate":{"custom_model_data":10002},"model":"azureset:scythe"},{"predicate":{"custom_model_data":10003},"model":"azureset:spear"},{"predicate":{"custom_model_data":10005},"model":"azureset:sword"},{"predicate":{"custom_model_data":10006},"model":"azureset:trident"},{"predicate":{"custom_model_data":10007},"model":"elitecreatures:wukong_animated/dagger"},{"predicate":{"custom_model_data":10010},"model":"elitecreatures:krampus_animated/dagger"},{"predicate":{"custom_model_data":10018},"model":"elitecreatures:sakura/dagger"},{"predicate":{"custom_model_data":10026},"model":"elitecreatures:archdemon_animated/sword"},{"predicate":{"custom_model_data":10033},"model":"elitecreatures:steamsparks_animated_weapon_set/blade"},{"predicate":{"custom_model_data":10034},"model":"elitecreatures:heavenly_emperor_animated/dagger"},{"predicate":{"custom_model_data":10035},"model":"elitecreatures:minotaur_assortment/sword"},{"predicate":{"custom_model_data":10036},"model":"rainforestset:rainforestset/rainforest_hoe"},{"predicate":{"custom_model_data":10037},"model":"arcanistset:hoe"},{"predicate":{"custom_model_data":10038},"model":"elitecreatures:gamer_girl_animated/staff"},{"predicate":{"custom_model_data":10039},"model":"item/netherite_sword"}]}