{
	"credit": "Made with Blockbench",
	"texture_size": [256, 256],
	"textures": {
		"3": "rainforestset:rainforestset/rainforest_fishing_rod"
	},
	"elements": [
		{
			"from": [7.35188, -1.38611, 13.54833],
			"to": [8.65188, -0.08611, 14.84833],
			"rotation": {"angle": 45, "axis": "x", "origin": [8.00188, 5.46222, 8]},
			"faces": {
				"north": {"uv": [0, 8, 0.03125, 8.25], "texture": "#3"},
				"east": {"uv": [0.25, 8, 0, 8.25], "texture": "#3"},
				"south": {"uv": [0.2125, 8, 0.24375, 8.25], "texture": "#3"},
				"west": {"uv": [0, 8, 0.25, 8.25], "texture": "#3"},
				"up": {"uv": [0, 8, 0.03125, 8.25], "texture": "#3"},
				"down": {"uv": [0.2125, 8, 0.24375, 8.25], "rotation": 180, "texture": "#3"}
			}
		},
		{
			"from": [7.35188, 2.43798, 7.35],
			"to": [8.65188, 3.73798, 8.65],
			"rotation": {"angle": 0, "axis": "y", "origin": [8.00188, 6.67222, 8]},
			"faces": {
				"north": {"uv": [2.3125, 8.4375, 2.5625, 8.6875], "texture": "#3"},
				"east": {"uv": [2.3125, 8.4375, 2.5625, 8.6875], "texture": "#3"},
				"south": {"uv": [2.3125, 8.4375, 2.5625, 8.6875], "texture": "#3"},
				"west": {"uv": [2.3125, 8.4375, 2.5625, 8.6875], "texture": "#3"},
				"up": {"uv": [0, 0, 0.5, 0.5], "texture": "#missing"},
				"down": {"uv": [2.3125, 8.68125, 2.5625, 8.65625], "rotation": 90, "texture": "#3"}
			}
		},
		{
			"from": [7.02688, 4.08202, 8.6402],
			"to": [8.97688, 6.03202, 10.5902],
			"rotation": {"angle": 45, "axis": "x", "origin": [8.00188, 6.67222, 8]},
			"faces": {
				"north": {"uv": [2.63125, 8, 2.6875, 8.375], "texture": "#3"},
				"east": {"uv": [2.6875, 8, 2.3125, 8.375], "texture": "#3"},
				"south": {"uv": [2.3125, 8, 2.36875, 8.375], "texture": "#3"},
				"west": {"uv": [2.3125, 8, 2.6875, 8.375], "texture": "#3"},
				"up": {"uv": [2.63125, 8, 2.6875, 8.375], "texture": "#3"},
				"down": {"uv": [2.3125, 8, 2.36875, 8.375], "texture": "#3"}
			}
		},
		{
			"from": [7.48188, -1.37202, 7.48],
			"to": [8.52188, 3.56798, 8.52],
			"rotation": {"angle": 0, "axis": "y", "origin": [8.00188, 7.67222, 8]},
			"faces": {
				"north": {"uv": [2.3125, 8.7875, 2.35625, 9.4375], "texture": "#3"},
				"east": {"uv": [2.5, 8.7875, 2.3125, 9.4375], "texture": "#3"},
				"south": {"uv": [2.45, 8.7875, 2.5, 9.4375], "texture": "#3"},
				"west": {"uv": [2.3125, 8.7875, 2.5, 9.4375], "texture": "#3"},
				"up": {"uv": [0, 0, 0.2, 0.2], "texture": "#missing"},
				"down": {"uv": [2.3125, 8.68125, 2.5625, 8.65625], "rotation": 90, "texture": "#3"}
			}
		},
		{
			"from": [7.35188, 1.06646, 12.81],
			"to": [8.65188, 2.36646, 14.11],
			"rotation": {"angle": -45, "axis": "x", "origin": [8.00188, -2.09354, 8]},
			"faces": {
				"north": {"uv": [0, 8.325, 0.25, 8.3125], "rotation": 90, "texture": "#3"},
				"east": {"uv": [0, 8.3125, 0.25, 8.5625], "rotation": 90, "texture": "#3"},
				"south": {"uv": [0, 8.55, 0.25, 8.51875], "rotation": 90, "texture": "#3"},
				"west": {"uv": [0, 8.5625, 0.25, 8.3125], "rotation": 90, "texture": "#3"},
				"up": {"uv": [0, 8.5625, 0.05625, 8.3125], "rotation": 180, "texture": "#3"},
				"down": {"uv": [0.2, 8.5625, 0.24375, 8.3125], "texture": "#3"}
			}
		},
		{
			"from": [7.35188, 1.06646, 1.89],
			"to": [8.65188, 2.36646, 3.19],
			"rotation": {"angle": 45, "axis": "x", "origin": [8.00188, -2.09354, 8]},
			"faces": {
				"north": {"uv": [0, 8.51875, 0.25, 8.55], "rotation": 90, "texture": "#3"},
				"east": {"uv": [0, 8.5625, 0.25, 8.3125], "rotation": 90, "texture": "#3"},
				"south": {"uv": [0, 8.3125, 0.25, 8.325], "rotation": 90, "texture": "#3"},
				"west": {"uv": [0, 8.3125, 0.25, 8.5625], "rotation": 90, "texture": "#3"},
				"up": {"uv": [0, 8.3125, 0.05625, 8.5625], "rotation": 180, "texture": "#3"},
				"down": {"uv": [0.2, 8.3125, 0.24375, 8.5625], "texture": "#3"}
			}
		},
		{
			"from": [7.57288, 7.63746, 2.831],
			"to": [8.43088, 8.49546, 3.689],
			"rotation": {"angle": 0, "axis": "y", "origin": [8.00188, 1.42886, 6.3714]},
			"faces": {
				"north": {"uv": [0, 8.5625, 0.25, 8.8125], "rotation": 180, "texture": "#3"},
				"east": {"uv": [0, 8.5625, 0.25, 8.8125], "rotation": 180, "texture": "#3"},
				"south": {"uv": [0, 8.5625, 0.25, 8.8125], "rotation": 180, "texture": "#3"},
				"west": {"uv": [0, 8.5625, 0.25, 8.8125], "rotation": 180, "texture": "#3"},
				"up": {"uv": [0, 8.5625, 0.025, 8.5875], "texture": "#3"},
				"down": {"uv": [0, 8.5625, 0.025, 8.5875], "texture": "#3"}
			}
		},
		{
			"from": [7.35188, -2.39354, 7.35],
			"to": [8.65188, -1.09354, 8.65],
			"rotation": {"angle": 0, "axis": "y", "origin": [8.00188, 6.37222, 8]},
			"faces": {
				"north": {"uv": [2.3125, 8.6875, 2.5625, 8.4375], "texture": "#3"},
				"east": {"uv": [2.3125, 8.6875, 2.5625, 8.4375], "texture": "#3"},
				"south": {"uv": [2.3125, 8.6875, 2.5625, 8.4375], "texture": "#3"},
				"west": {"uv": [2.3125, 8.6875, 2.5625, 8.4375], "texture": "#3"},
				"up": {"uv": [2.5625, 8.68125, 2.3125, 8.65625], "rotation": 90, "texture": "#3"},
				"down": {"uv": [2.5625, 8.4375, 2.3125, 8.48125], "rotation": 90, "texture": "#3"}
			}
		},
		{
			"from": [7.45188, 10.13146, 6.5],
			"to": [8.55188, 10.48146, 7.65],
			"rotation": {"angle": 0, "axis": "y", "origin": [8.00188, 6.37222, 8]},
			"faces": {
				"north": {"uv": [2.3125, 8.6875, 2.3625, 8.6375], "texture": "#3"},
				"east": {"uv": [2.3125, 8.6875, 2.3625, 8.6375], "texture": "#3"},
				"south": {"uv": [2.3125, 8.6875, 2.3625, 8.6375], "texture": "#3"},
				"west": {"uv": [2.3125, 8.6875, 2.3625, 8.6375], "texture": "#3"},
				"up": {"uv": [2.3125, 8.6875, 2.3625, 8.6375], "texture": "#3"},
				"down": {"uv": [2.3125, 8.6875, 2.3625, 8.6375], "texture": "#3"}
			}
		},
		{
			"from": [7.55188, 13.63146, 6.5],
			"to": [8.45188, 13.98146, 7.65],
			"rotation": {"angle": -22.5, "axis": "x", "origin": [8.00188, 13.90646, 7.075]},
			"faces": {
				"north": {"uv": [2.3125, 8.6875, 2.3625, 8.6375], "texture": "#3"},
				"east": {"uv": [2.3125, 8.6875, 2.3625, 8.6375], "texture": "#3"},
				"south": {"uv": [2.3125, 8.6875, 2.3625, 8.6375], "texture": "#3"},
				"west": {"uv": [2.3125, 8.6875, 2.3625, 8.6375], "texture": "#3"},
				"up": {"uv": [2.3125, 8.6875, 2.3625, 8.6375], "texture": "#3"},
				"down": {"uv": [2.3125, 8.6875, 2.3625, 8.6375], "texture": "#3"}
			}
		},
		{
			"from": [7.65188, 20.11984, 3.01699],
			"to": [8.35188, 20.46984, 3.86699],
			"rotation": {"angle": -45, "axis": "x", "origin": [8.00188, 20.19484, 3.44199]},
			"faces": {
				"north": {"uv": [2.3125, 8.6875, 2.3625, 8.6375], "texture": "#3"},
				"east": {"uv": [2.3125, 8.6875, 2.3625, 8.6375], "texture": "#3"},
				"south": {"uv": [2.3125, 8.6875, 2.3625, 8.6375], "texture": "#3"},
				"west": {"uv": [2.3125, 8.6875, 2.3625, 8.6375], "texture": "#3"},
				"up": {"uv": [2.3125, 8.6875, 2.3625, 8.6375], "texture": "#3"},
				"down": {"uv": [2.3125, 8.6875, 2.3625, 8.6375], "texture": "#3"}
			}
		},
		{
			"from": [8.00188, -6.91104, 2.93],
			"to": [8.00188, -1.58104, 8],
			"rotation": {"angle": 0, "axis": "y", "origin": [8.00188, -1.09354, 8]},
			"faces": {
				"north": {"uv": [0, 8, 0.03125, 8.25], "texture": "#3"},
				"east": {"uv": [1.2875, 9.075, 0.3125, 10.1], "texture": "#3"},
				"south": {"uv": [0.2125, 8, 0.24375, 8.25], "texture": "#3"},
				"west": {"uv": [0.3125, 9.075, 1.2875, 10.1], "texture": "#3"},
				"up": {"uv": [0, 8, 0.03125, 8.25], "texture": "#3"},
				"down": {"uv": [0.2125, 8, 0.24375, 8.25], "rotation": 180, "texture": "#3"}
			}
		},
		{
			"from": [8.00188, -6.91104, 8],
			"to": [8.00188, -1.58104, 13.07],
			"rotation": {"angle": 0, "axis": "y", "origin": [8.00188, -1.09354, 8]},
			"faces": {
				"north": {"uv": [0.24375, 8, 0.2125, 8.25], "texture": "#3"},
				"east": {"uv": [0.3125, 9.075, 1.2875, 10.1], "texture": "#3"},
				"south": {"uv": [0.03125, 8, 0, 8.25], "texture": "#3"},
				"west": {"uv": [1.2875, 9.075, 0.3125, 10.1], "texture": "#3"},
				"up": {"uv": [0, 8.25, 0.03125, 8], "texture": "#3"},
				"down": {"uv": [0.2125, 8.25, 0.24375, 8], "rotation": 180, "texture": "#3"}
			}
		},
		{
			"from": [7.52926, 2.69639, 7.52576],
			"to": [8.47774, 6.24695, 8.47424],
			"rotation": {"angle": 0, "axis": "y", "origin": [8.0035, 8.62565, 8]},
			"faces": {
				"north": {"uv": [2.3125, 9.4375, 2.35625, 8.8125], "texture": "#3"},
				"east": {"uv": [2.5, 9.4375, 2.3125, 8.8125], "texture": "#3"},
				"south": {"uv": [2.45, 9.4375, 2.5, 8.8125], "texture": "#3"},
				"west": {"uv": [2.3125, 9.4375, 2.5, 8.8125], "texture": "#3"},
				"up": {"uv": [2.5, 8.8125, 2.3125, 8.85], "rotation": 270, "texture": "#3"},
				"down": {"uv": [2.49375, 8.8125, 2.3125, 8.85], "rotation": 90, "texture": "#3"}
			}
		},
		{
			"from": [7.36989, 12.73124, 13.5381],
			"to": [8.64023, 14.00158, 14.80844],
			"rotation": {"angle": -45, "axis": "x", "origin": [8.00506, 4.29314, 15]},
			"faces": {
				"north": {"uv": [0, 8.25, 0.03125, 8], "texture": "#3"},
				"east": {"uv": [0.25, 8.25, 0, 8], "texture": "#3"},
				"south": {"uv": [0.2125, 8.25, 0.24375, 8], "texture": "#3"},
				"west": {"uv": [0, 8.25, 0.25, 8], "texture": "#3"},
				"up": {"uv": [0.2125, 8.25, 0.24375, 8], "rotation": 180, "texture": "#3"},
				"down": {"uv": [0, 8.25, 0.03125, 8], "texture": "#3"}
			}
		},
		{
			"from": [7.63361, 20.15698, 3.19325],
			"to": [8.37651, 20.89987, 3.93615],
			"rotation": {"angle": 0, "axis": "y", "origin": [8.00506, 20.52842, 3.5647]},
			"faces": {
				"north": {"uv": [0.2125, 8.25, 0.24375, 8], "texture": "#3"},
				"east": {"uv": [0.25, 8.25, 0, 8], "rotation": 90, "texture": "#3"},
				"south": {"uv": [0, 8.25, 0.03125, 8], "texture": "#3"},
				"west": {"uv": [0, 8.25, 0.25, 8], "rotation": 270, "texture": "#3"},
				"up": {"uv": [0.2125, 8.25, 0.24375, 8], "texture": "#3"},
				"down": {"uv": [0, 8.25, 0.03125, 8], "rotation": 180, "texture": "#3"}
			}
		},
		{
			"from": [7.45881, 13.62429, 7.44774],
			"to": [8.55131, 14.71678, 8.54023],
			"rotation": {"angle": 22.5, "axis": "x", "origin": [8.00506, 14.25653, 7.56398]},
			"faces": {
				"north": {"uv": [0.2125, 8.25, 0.24375, 8], "texture": "#3"},
				"east": {"uv": [0.25, 8.25, 0, 8], "rotation": 90, "texture": "#3"},
				"south": {"uv": [0, 8.25, 0.03125, 8], "texture": "#3"},
				"west": {"uv": [0, 8.25, 0.25, 8], "rotation": 270, "texture": "#3"},
				"up": {"uv": [0.2125, 8.25, 0.24375, 8], "texture": "#3"},
				"down": {"uv": [0, 8.25, 0.03125, 8], "rotation": 180, "texture": "#3"}
			}
		},
		{
			"from": [7.38991, 5.81648, 7.38485],
			"to": [8.62021, 10.17072, 8.61515],
			"rotation": {"angle": 0, "axis": "y", "origin": [8.00506, 2.59061, 8]},
			"faces": {
				"north": {"uv": [2.3125, 9.4375, 2.35625, 8.8125], "texture": "#3"},
				"east": {"uv": [2.5, 9.4375, 2.3125, 8.8125], "texture": "#3"},
				"south": {"uv": [2.45, 9.4375, 2.5, 8.8125], "texture": "#3"},
				"west": {"uv": [2.3125, 9.4375, 2.5, 8.8125], "texture": "#3"},
				"up": {"uv": [2.5, 9.3875, 2.3125, 9.4375], "rotation": 270, "texture": "#3"},
				"down": {"uv": [2.49375, 8.8125, 2.3125, 8.85], "rotation": 90, "texture": "#3"}
			}
		},
		{
			"from": [7.48991, 9.57072, 7.50985],
			"to": [8.52021, 13.92497, 8.54015],
			"rotation": {"angle": 0, "axis": "y", "origin": [8.00506, 6.94485, 8]},
			"faces": {
				"north": {"uv": [2.3125, 9.4375, 2.35625, 8.8125], "texture": "#3"},
				"east": {"uv": [2.5, 9.4375, 2.3125, 8.8125], "texture": "#3"},
				"south": {"uv": [2.45, 9.4375, 2.5, 8.8125], "texture": "#3"},
				"west": {"uv": [2.3125, 9.4375, 2.5, 8.8125], "texture": "#3"},
				"up": {"uv": [2.5, 9.3875, 2.3125, 9.4375], "rotation": 270, "texture": "#3"},
				"down": {"uv": [2.49375, 8.8125, 2.3125, 8.85], "rotation": 90, "texture": "#3"}
			}
		},
		{
			"from": [7.58991, 13.82497, 10.23485],
			"to": [8.42021, 18.17921, 11.06515],
			"rotation": {"angle": -22.5, "axis": "x", "origin": [8.00506, 7.2991, 9.55]},
			"faces": {
				"north": {"uv": [2.3125, 9.4375, 2.35625, 8.8125], "texture": "#3"},
				"east": {"uv": [2.5, 9.4375, 2.3125, 8.8125], "texture": "#3"},
				"south": {"uv": [2.45, 9.4375, 2.5, 8.8125], "texture": "#3"},
				"west": {"uv": [2.3125, 9.4375, 2.5, 8.8125], "texture": "#3"},
				"up": {"uv": [2.5, 9.3875, 2.3125, 9.4375], "rotation": 270, "texture": "#3"},
				"down": {"uv": [2.49375, 8.8125, 2.3125, 8.85], "rotation": 90, "texture": "#3"}
			}
		},
		{
			"from": [7.68991, 16.35421, 14.80985],
			"to": [8.32021, 20.70846, 15.44015],
			"rotation": {"angle": -45, "axis": "x", "origin": [8.00506, 6.65334, 9.55]},
			"faces": {
				"north": {"uv": [2.3125, 9.4375, 2.35625, 8.8125], "texture": "#3"},
				"east": {"uv": [2.5, 9.4375, 2.3125, 8.8125], "texture": "#3"},
				"south": {"uv": [2.45, 9.4375, 2.5, 8.8125], "texture": "#3"},
				"west": {"uv": [2.3125, 9.4375, 2.5, 8.8125], "texture": "#3"},
				"up": {"uv": [2.5, 9.3875, 2.3125, 9.4375], "rotation": 270, "texture": "#3"},
				"down": {"uv": [2.49375, 8.8125, 2.3125, 8.85], "rotation": 90, "texture": "#3"}
			}
		},
		{
			"from": [7.32557, 3.62077, 5.70697],
			"to": [7.83931, 4.20147, 7.75391],
			"rotation": {"angle": 0, "axis": "y", "origin": [7.58244, 2.32836, 6.5773]},
			"faces": {
				"north": {"uv": [2.3125, 9.4375, 2.5, 9.3875], "rotation": 270, "texture": "#3"},
				"east": {"uv": [2.3125, 8.8125, 2.5, 9.4375], "rotation": 270, "texture": "#3"},
				"south": {"uv": [2.3125, 8.85, 2.49375, 8.8125], "rotation": 270, "texture": "#3"},
				"west": {"uv": [2.5, 8.8125, 2.3125, 9.4375], "rotation": 90, "texture": "#3"},
				"up": {"uv": [2.5, 8.8125, 2.45, 9.4375], "rotation": 180, "texture": "#3"},
				"down": {"uv": [2.35625, 8.8125, 2.3125, 9.4375], "texture": "#3"}
			}
		},
		{
			"from": [7.32557, 2.15454, 5.12627],
			"to": [7.83931, 4.20147, 5.70697],
			"rotation": {"angle": 0, "axis": "y", "origin": [7.58244, 2.32836, 6.5773]},
			"faces": {
				"north": {"uv": [2.45, 9.4375, 2.5, 8.8125], "rotation": 180, "texture": "#3"},
				"east": {"uv": [2.5, 9.4375, 2.3125, 8.8125], "rotation": 180, "texture": "#3"},
				"south": {"uv": [2.3125, 9.4375, 2.35625, 8.8125], "rotation": 180, "texture": "#3"},
				"west": {"uv": [2.3125, 9.4375, 2.5, 8.8125], "rotation": 180, "texture": "#3"},
				"up": {"uv": [2.49375, 8.8125, 2.3125, 8.85], "rotation": 90, "texture": "#3"},
				"down": {"uv": [2.5, 9.3875, 2.3125, 9.4375], "rotation": 270, "texture": "#3"}
			}
		},
		{
			"from": [7.37557, 1.66249, 5.30325],
			"to": [7.78931, 2.14318, 6.85018],
			"rotation": {"angle": 22.5, "axis": "x", "origin": [7.58244, 2.32836, 6.5773]},
			"faces": {
				"north": {"uv": [2.3125, 8.85, 2.49375, 8.8125], "rotation": 90, "texture": "#3"},
				"east": {"uv": [2.3125, 8.8125, 2.5, 9.4375], "rotation": 90, "texture": "#3"},
				"south": {"uv": [2.3125, 9.4375, 2.5, 9.3875], "rotation": 90, "texture": "#3"},
				"west": {"uv": [2.5, 8.8125, 2.3125, 9.4375], "rotation": 270, "texture": "#3"},
				"up": {"uv": [2.35625, 8.8125, 2.3125, 9.4375], "texture": "#3"},
				"down": {"uv": [2.5, 8.8125, 2.45, 9.4375], "rotation": 180, "texture": "#3"}
			}
		},
		{
			"from": [7.40057, -0.49409, 6.27785],
			"to": [7.76431, 2.05285, 6.73354],
			"rotation": {"angle": 0, "axis": "y", "origin": [7.58244, 2.32836, 6.5773]},
			"faces": {
				"north": {"uv": [2.45, 9.4375, 2.5, 8.8125], "rotation": 180, "texture": "#3"},
				"east": {"uv": [2.5, 9.4375, 2.3125, 8.8125], "rotation": 180, "texture": "#3"},
				"south": {"uv": [2.3125, 9.4375, 2.35625, 8.8125], "rotation": 180, "texture": "#3"},
				"west": {"uv": [2.3125, 9.4375, 2.5, 8.8125], "rotation": 180, "texture": "#3"},
				"up": {"uv": [2.49375, 8.8125, 2.3125, 8.85], "rotation": 90, "texture": "#3"},
				"down": {"uv": [2.5, 9.3875, 2.3125, 9.4375], "rotation": 270, "texture": "#3"}
			}
		},
		{
			"from": [8.16069, 3.62077, 5.70697],
			"to": [8.67443, 4.20147, 7.75391],
			"rotation": {"angle": 0, "axis": "y", "origin": [8.41756, 2.32836, 6.5773]},
			"faces": {
				"north": {"uv": [2.3125, 9.3875, 2.5, 9.4375], "rotation": 270, "texture": "#3"},
				"east": {"uv": [2.5, 9.4375, 2.3125, 8.8125], "rotation": 90, "texture": "#3"},
				"south": {"uv": [2.3125, 8.8125, 2.49375, 8.85], "rotation": 270, "texture": "#3"},
				"west": {"uv": [2.3125, 9.4375, 2.5, 8.8125], "rotation": 270, "texture": "#3"},
				"up": {"uv": [2.45, 8.8125, 2.5, 9.4375], "rotation": 180, "texture": "#3"},
				"down": {"uv": [2.3125, 8.8125, 2.35625, 9.4375], "texture": "#3"}
			}
		},
		{
			"from": [8.21069, 1.66249, 5.30325],
			"to": [8.62443, 2.14318, 6.85018],
			"rotation": {"angle": 22.5, "axis": "x", "origin": [8.41756, 2.32836, 6.5773]},
			"faces": {
				"north": {"uv": [2.3125, 8.8125, 2.49375, 8.85], "rotation": 90, "texture": "#3"},
				"east": {"uv": [2.5, 9.4375, 2.3125, 8.8125], "rotation": 270, "texture": "#3"},
				"south": {"uv": [2.3125, 9.3875, 2.5, 9.4375], "rotation": 90, "texture": "#3"},
				"west": {"uv": [2.3125, 9.4375, 2.5, 8.8125], "rotation": 90, "texture": "#3"},
				"up": {"uv": [2.3125, 8.8125, 2.35625, 9.4375], "texture": "#3"},
				"down": {"uv": [2.45, 8.8125, 2.5, 9.4375], "rotation": 180, "texture": "#3"}
			}
		},
		{
			"from": [8.16069, 2.15454, 5.12627],
			"to": [8.67443, 4.20147, 5.70697],
			"rotation": {"angle": 0, "axis": "y", "origin": [8.41756, 2.32836, 6.5773]},
			"faces": {
				"north": {"uv": [2.5, 9.4375, 2.45, 8.8125], "rotation": 180, "texture": "#3"},
				"east": {"uv": [2.5, 9.4375, 2.3125, 8.8125], "rotation": 180, "texture": "#3"},
				"south": {"uv": [2.35625, 9.4375, 2.3125, 8.8125], "rotation": 180, "texture": "#3"},
				"west": {"uv": [2.3125, 9.4375, 2.5, 8.8125], "rotation": 180, "texture": "#3"},
				"up": {"uv": [2.49375, 8.85, 2.3125, 8.8125], "rotation": 90, "texture": "#3"},
				"down": {"uv": [2.5, 9.4375, 2.3125, 9.3875], "rotation": 270, "texture": "#3"}
			}
		},
		{
			"from": [8.23569, -0.49409, 6.27785],
			"to": [8.59943, 2.05285, 6.73354],
			"rotation": {"angle": 0, "axis": "y", "origin": [8.41756, 2.32836, 6.5773]},
			"faces": {
				"north": {"uv": [2.5, 9.4375, 2.45, 8.8125], "rotation": 180, "texture": "#3"},
				"east": {"uv": [2.5, 9.4375, 2.3125, 8.8125], "rotation": 180, "texture": "#3"},
				"south": {"uv": [2.35625, 9.4375, 2.3125, 8.8125], "rotation": 180, "texture": "#3"},
				"west": {"uv": [2.3125, 9.4375, 2.5, 8.8125], "rotation": 180, "texture": "#3"},
				"up": {"uv": [2.49375, 8.85, 2.3125, 8.8125], "rotation": 90, "texture": "#3"},
				"down": {"uv": [2.5, 9.4375, 2.3125, 9.3875], "rotation": 270, "texture": "#3"}
			}
		},
		{
			"from": [8, 6.6, 1.9],
			"to": [8, 21.5, 4.9],
			"rotation": {"angle": 0, "axis": "y", "origin": [8, 8, 8]},
			"faces": {
				"north": {"uv": [0, 8, 0, 16], "texture": "#3"},
				"east": {"uv": [8, 12.275, 7.25, 16], "texture": "#3"},
				"south": {"uv": [0, 8, 0, 16], "texture": "#3"},
				"west": {"uv": [7.25, 12.275, 8, 16], "texture": "#3"},
				"up": {"uv": [0, 8, 0, 16], "texture": "#3"},
				"down": {"uv": [0, 8, 0, 16], "texture": "#3"}
			}
		},
		{
			"from": [8, 4.9, 6.1],
			"to": [8, 21.5, 17],
			"rotation": {"angle": -22.5, "axis": "x", "origin": [8, 8, 8]},
			"faces": {
				"north": {"uv": [8, 0, 8, 4.125], "texture": "#3"},
				"east": {"uv": [8, 0, 10.75, 4.125], "texture": "#3"},
				"south": {"uv": [8, 0, 8, 4.125], "texture": "#3"},
				"west": {"uv": [10.75, 0, 14.975, 5.9], "texture": "#3"},
				"up": {"uv": [8, 2.75, 8, 0], "texture": "#3"},
				"down": {"uv": [8, 0, 8, 2.75], "texture": "#3"}
			}
		},
		{
			"from": [8, 16.675, 11.8],
			"to": [8, 19.925, 14.8],
			"rotation": {"angle": -45, "axis": "x", "origin": [8, 8, 8]},
			"faces": {
				"north": {"uv": [0, 8, 0, 16], "texture": "#3"},
				"east": {"uv": [8, 13.025, 7.25, 14.5], "texture": "#3"},
				"south": {"uv": [0, 8, 0, 16], "texture": "#3"},
				"west": {"uv": [7.25, 13.025, 8, 14.5], "texture": "#3"},
				"up": {"uv": [0, 8, 0, 16], "texture": "#3"},
				"down": {"uv": [0, 8, 0, 16], "texture": "#3"}
			}
		},
		{
			"from": [8, 13.20775, 3.67508],
			"to": [8, 17.60775, 6.67508],
			"rotation": {"angle": -22.5, "axis": "x", "origin": [8, 18.84525, 4.65008]},
			"faces": {
				"north": {"uv": [0, 8, 0, 16], "texture": "#3"},
				"east": {"uv": [8, 13.025, 7.25, 14.5], "texture": "#3"},
				"south": {"uv": [0, 8, 0, 16], "texture": "#3"},
				"west": {"uv": [7.25, 13.025, 8, 14.5], "texture": "#3"},
				"up": {"uv": [0, 8, 0, 16], "texture": "#3"},
				"down": {"uv": [0, 8, 0, 16], "texture": "#3"}
			}
		},
		{
			"from": [8, 4.30775, 5.82508],
			"to": [8, 13.78275, 8.82508],
			"rotation": {"angle": 0, "axis": "y", "origin": [8, 18.84525, 4.65008]},
			"faces": {
				"north": {"uv": [0, 8, 0, 16], "texture": "#3"},
				"east": {"uv": [8, 13.025, 7.25, 14.5], "texture": "#3"},
				"south": {"uv": [0, 8, 0, 16], "texture": "#3"},
				"west": {"uv": [7.25, 13.025, 8, 14.5], "texture": "#3"},
				"up": {"uv": [0, 8, 0, 16], "texture": "#3"},
				"down": {"uv": [0, 8, 0, 16], "texture": "#3"}
			}
		}
	],
	"gui_light": "front",
	"display": {
		"thirdperson_righthand": {
			"rotation": [22, 0, 0],
			"translation": [0, 4.75, 3.25]
		},
		"firstperson_righthand": {
			"rotation": [-3.75, 0, 0],
			"translation": [3, 5.25, 0.75],
			"scale": [0.66, 0.66, 0.67]
		},
		"firstperson_lefthand": {
			"rotation": [-3.75, 0, 0],
			"translation": [3, 5.25, 0.75],
			"scale": [0.66, 0.66, 0.67]
		},
		"ground": {
			"rotation": [0, 0, 35],
			"translation": [0, 2, 0],
			"scale": [0.43, 0.43, 0.43]
		},
		"gui": {
			"rotation": [83.75, 40.27, -80.08],
			"translation": [1, -1, 0],
			"scale": [0.74211, 0.74211, 0.74211]
		},
		"fixed": {
			"rotation": [0, -85.5, 0],
			"translation": [0, 2.5, -2.75],
			"scale": [1.95313, 1.95313, 1.95313]
		}
	},
	"groups": [
		{
			"name": "axe",
			"origin": [8, 1.25711, 8],
			"color": 0,
			"nbt": "{}",
			"armAnimationEnabled": false,
			"children": [
				0,
				1,
				2,
				3,
				4,
				5,
				6,
				7,
				8,
				9,
				10,
				11,
				12,
				{
					"name": "group",
					"origin": [7.984, 10.08637, 9.23497],
					"color": 0,
					"nbt": "{}",
					"armAnimationEnabled": false,
					"children": [13, 14, 15, 16, 17, 18, 19, 20, 21, 22, 23, 24, 25, 26, 27, 28]
				},
				{
					"name": "group",
					"origin": [7.999, -2.16831, 8],
					"color": 0,
					"nbt": "{}",
					"armAnimationEnabled": false,
					"children": []
				},
				29,
				30,
				31,
				32,
				33
			]
		}
	]
}