{
	"credit": "Made by PolygonMC",
	"texture_size": [28, 28],
	"textures": {
		"1": "azureset:animations/animations_1",
		"3": "azureset:animations/animations_2",
		"4": "azureset:greatsword",
		"particle": "azureset:animations/animations_1"
	},
	"elements": [
		{
			"from": [7.5, 0, 7.5],
			"to": [8.5, 2.5, 8.5],
			"rotation": {"angle": 0, "axis": "y", "origin": [7.5, 1.5, 7.5]},
			"faces": {
				"north": {"uv": [7.42857, 9.14286, 8, 10.57143], "texture": "#4"},
				"east": {"uv": [8, 9.14286, 8.57143, 10.57143], "texture": "#4"},
				"south": {"uv": [8.57143, 9.14286, 9.14286, 10.57143], "texture": "#4"},
				"west": {"uv": [9.14286, 9.14286, 9.71429, 10.57143], "texture": "#4"},
				"up": {"uv": [12.57143, 6.28571, 12, 5.71429], "texture": "#4"}
			}
		},
		{
			"from": [7.6, 2.5, 7.6],
			"to": [8.4, 4, 8.4],
			"rotation": {"angle": 0, "axis": "y", "origin": [7.5, 3, 7.5]},
			"faces": {
				"north": {"uv": [10.28571, 11.42857, 10.71429, 12.28571], "texture": "#4"},
				"east": {"uv": [11.42857, 10.85714, 11.85714, 11.71429], "texture": "#4"},
				"south": {"uv": [2.85714, 12, 3.28571, 12.85714], "texture": "#4"},
				"west": {"uv": [3.42857, 12, 3.85714, 12.85714], "texture": "#4"}
			}
		},
		{
			"from": [7.5, 4, 7.5],
			"to": [8.5, 6, 8.5],
			"rotation": {"angle": 0, "axis": "y", "origin": [7.5, 4, 7.5]},
			"faces": {
				"north": {"uv": [10.28571, 4.57143, 10.85714, 5.71429], "texture": "#4"},
				"east": {"uv": [5.14286, 10.28571, 5.71429, 11.42857], "texture": "#4"},
				"south": {"uv": [10.28571, 5.71429, 10.85714, 6.85714], "texture": "#4"},
				"west": {"uv": [10.28571, 7.42857, 10.85714, 8.57143], "texture": "#4"},
				"down": {"uv": [12.57143, 6.28571, 12, 6.85714], "texture": "#4"}
			}
		},
		{
			"from": [7.4, 1, 7.4],
			"to": [8.6, 1.5, 8.6],
			"rotation": {"angle": 0, "axis": "y", "origin": [7.5, 1, 7.5]},
			"faces": {
				"north": {"uv": [12.57143, 5.71429, 13.28571, 6], "texture": "#4"},
				"east": {"uv": [12.57143, 6.28571, 13.28571, 6.57143], "texture": "#4"},
				"south": {"uv": [12.57143, 6.85714, 13.28571, 7.14286], "texture": "#4"},
				"west": {"uv": [12.57143, 7.42857, 13.28571, 7.71429], "texture": "#4"},
				"up": {"uv": [12.14286, 0.71429, 11.42857, 0], "texture": "#4"},
				"down": {"uv": [12.14286, 1.14286, 11.42857, 1.85714], "texture": "#4"}
			}
		},
		{
			"from": [7.4, 5, 7.4],
			"to": [8.6, 5.5, 8.6],
			"rotation": {"angle": 0, "axis": "y", "origin": [7.5, 5, 7.5]},
			"faces": {
				"north": {"uv": [12.57143, 8, 13.28571, 8.28571], "texture": "#4"},
				"east": {"uv": [12.57143, 8.57143, 13.28571, 8.85714], "texture": "#4"},
				"south": {"uv": [12.57143, 9.14286, 13.28571, 9.42857], "texture": "#4"},
				"west": {"uv": [9.71429, 12.57143, 10.42857, 12.85714], "texture": "#4"},
				"up": {"uv": [12.14286, 3, 11.42857, 2.28571], "texture": "#4"},
				"down": {"uv": [12.14286, 3.42857, 11.42857, 4.14286], "texture": "#4"}
			}
		},
		{
			"from": [7.4, 6, 7.4],
			"to": [8.6, 6.5, 8.6],
			"rotation": {"angle": 0, "axis": "y", "origin": [7.5, 6, 7.5]},
			"faces": {
				"north": {"uv": [12.57143, 9.71429, 13.28571, 10], "texture": "#4"},
				"east": {"uv": [12.57143, 10.28571, 13.28571, 10.57143], "texture": "#4"},
				"south": {"uv": [10.85714, 12.57143, 11.57143, 12.85714], "texture": "#4"},
				"west": {"uv": [12.57143, 10.85714, 13.28571, 11.14286], "texture": "#4"},
				"down": {"uv": [4.71429, 11.42857, 4, 12.14286], "texture": "#4"}
			}
		},
		{
			"from": [7.25, 6.5, 7.25],
			"to": [8.75, 7.5, 8.75],
			"rotation": {"angle": 0, "axis": "y", "origin": [7.5, 6.5, 7.5]},
			"faces": {
				"north": {"uv": [10.85714, 6.28571, 11.71429, 6.85714], "texture": "#4"},
				"east": {"uv": [11.42857, 6.85714, 12.28571, 7.42857], "texture": "#4"},
				"south": {"uv": [11.42857, 7.42857, 12.28571, 8], "texture": "#4"},
				"west": {"uv": [11.42857, 8, 12.28571, 8.57143], "texture": "#4"},
				"down": {"uv": [3.71429, 9.71429, 2.85714, 10.57143], "texture": "#4"}
			}
		},
		{
			"from": [7.445, -0.755, 7.445],
			"to": [8.555, 0.355, 8.555],
			"rotation": {"angle": -45, "axis": "x", "origin": [8, -0.2, 8]},
			"faces": {
				"north": {"uv": [12, 8.57143, 12.57143, 9.14286], "texture": "#4"},
				"east": {"uv": [12, 9.14286, 12.57143, 9.71429], "texture": "#4"},
				"south": {"uv": [11.42857, 12, 12, 12.57143], "texture": "#4"},
				"west": {"uv": [12.57143, 0, 13.14286, 0.57143], "texture": "#4"},
				"up": {"uv": [13.14286, 1.14286, 12.57143, 0.57143], "texture": "#4"},
				"down": {"uv": [13.14286, 1.14286, 12.57143, 1.71429], "texture": "#4"}
			}
		},
		{
			"from": [7.5, 6.90851, 5.73071],
			"to": [8.5, 8.90851, 6.73071],
			"rotation": {"angle": -45, "axis": "x", "origin": [8, 7.40851, 6.23071]},
			"faces": {
				"north": {"uv": [9.71429, 10.28571, 10.28571, 11.42857], "texture": "#4"},
				"east": {"uv": [10.28571, 10.28571, 10.85714, 11.42857], "texture": "#4"},
				"south": {"uv": [10.85714, 0, 11.42857, 1.14286], "texture": "#4"},
				"west": {"uv": [10.85714, 1.14286, 11.42857, 2.28571], "texture": "#4"},
				"up": {"uv": [13.14286, 2.28571, 12.57143, 1.71429], "texture": "#4"},
				"down": {"uv": [13.14286, 2.28571, 12.57143, 2.85714], "texture": "#4"}
			}
		},
		{
			"from": [7.5, 8.57483, 5.647],
			"to": [8.5, 9.57483, 7.897],
			"rotation": {"angle": -45, "axis": "x", "origin": [8, 9.04983, 6.49317]},
			"faces": {
				"east": {"uv": [4, 9.71429, 5.28571, 10.28571], "texture": "#4"},
				"south": {"uv": [12.57143, 2.85714, 13.14286, 3.42857], "texture": "#4"},
				"west": {"uv": [9.71429, 6.85714, 11, 7.42857], "texture": "#4"},
				"up": {"uv": [6.28571, 11, 5.71429, 9.71429], "texture": "#4"},
				"down": {"uv": [10.28571, 7.42857, 9.71429, 8.71429], "texture": "#4"}
			}
		},
		{
			"from": [7.5, 8.57483, 8.103],
			"to": [8.5, 9.57483, 10.353],
			"rotation": {"angle": 45, "axis": "x", "origin": [8, 9.04983, 9.50683]},
			"faces": {
				"north": {"uv": [12.57143, 3.42857, 13.14286, 4], "texture": "#4"},
				"east": {"uv": [9.71429, 9.14286, 11, 9.71429], "texture": "#4"},
				"west": {"uv": [9.71429, 9.71429, 11, 10.28571], "texture": "#4"},
				"up": {"uv": [10.85714, 1.28571, 10.28571, 0], "texture": "#4"},
				"down": {"uv": [10.85714, 1.71429, 10.28571, 3], "texture": "#4"}
			}
		},
		{
			"from": [7.5, 6.90851, 9.26929],
			"to": [8.5, 8.90851, 10.26929],
			"rotation": {"angle": 45, "axis": "x", "origin": [8, 7.40851, 9.76929]},
			"faces": {
				"north": {"uv": [10.85714, 2.28571, 11.42857, 3.42857], "texture": "#4"},
				"east": {"uv": [2.85714, 10.85714, 3.42857, 12], "texture": "#4"},
				"south": {"uv": [3.42857, 10.85714, 4, 12], "texture": "#4"},
				"west": {"uv": [10.85714, 4.57143, 11.42857, 5.71429], "texture": "#4"},
				"up": {"uv": [4.57143, 13.14286, 4, 12.57143], "texture": "#4"},
				"down": {"uv": [13.14286, 4, 12.57143, 4.57143], "texture": "#4"}
			}
		},
		{
			"from": [7.2, 6.6, 8.1],
			"to": [8.8, 8.65, 10.15],
			"rotation": {"angle": -45, "axis": "x", "origin": [7.5, 6.5, 8]},
			"faces": {
				"north": {"uv": [8.57143, 6.85714, 9.42857, 8], "texture": "#4"},
				"east": {"uv": [7.42857, 6.85714, 8.57143, 8], "texture": "#4"},
				"south": {"uv": [8.57143, 8, 9.42857, 9.14286], "texture": "#4"},
				"west": {"uv": [7.42857, 8, 8.57143, 9.14286], "texture": "#4"},
				"up": {"uv": [10, 5.71429, 9.14286, 4.57143], "texture": "#4"},
				"down": {"uv": [10, 5.71429, 9.14286, 6.85714], "texture": "#4"}
			}
		},
		{
			"from": [6.85, 6.85, 8.35],
			"to": [9.15, 8.4, 9.9],
			"rotation": {"angle": -45, "axis": "x", "origin": [7.5, 6.5, 8]},
			"faces": {
				"north": {"uv": [8.57143, 0, 9.85714, 0.85714], "texture": "#4"},
				"east": {"uv": [10.28571, 3.42857, 11.14286, 4.28571], "texture": "#4"},
				"south": {"uv": [8.57143, 1.14286, 9.85714, 2], "texture": "#4"},
				"west": {"uv": [4, 10.28571, 4.85714, 11.14286], "texture": "#4"},
				"up": {"uv": [9.85714, 3.14286, 8.57143, 2.28571], "texture": "#4"},
				"down": {"uv": [9.85714, 3.42857, 8.57143, 4.28571], "texture": "#4"}
			}
		},
		{
			"from": [7.75, 8.175, 7],
			"to": [8.25, 11.425, 10.25],
			"rotation": {"angle": -45, "axis": "x", "origin": [8, 9.175, 8]},
			"faces": {
				"north": {"uv": [8, 10.85714, 8.28571, 12.71429], "texture": "#4"},
				"east": {"uv": [6.28571, 0, 8.14286, 1.85714], "texture": "#4"},
				"south": {"uv": [8.57143, 10.85714, 8.85714, 12.71429], "texture": "#4"},
				"west": {"uv": [6.28571, 2.28571, 8.14286, 4.14286], "texture": "#4"},
				"up": {"uv": [9.42857, 12.71429, 9.14286, 10.85714], "texture": "#4"},
				"down": {"uv": [11.14286, 10.28571, 10.85714, 12.14286], "texture": "#4"}
			}
		},
		{
			"from": [7.775, 25.81391, 8.36127],
			"to": [8.225, 27.76391, 10.56127],
			"rotation": {"angle": -45, "axis": "x", "origin": [8, 26.81391, 9.36127]},
			"faces": {
				"north": {"uv": [4.57143, 12.57143, 4.85714, 13.71429], "texture": "#4"},
				"east": {"uv": [7.42857, 4.57143, 8.71429, 5.71429], "texture": "#4"},
				"south": {"uv": [12.57143, 4.57143, 12.85714, 5.71429], "texture": "#4"},
				"west": {"uv": [7.42857, 5.71429, 8.71429, 6.85714], "texture": "#4"},
				"up": {"uv": [7.71429, 13.28571, 7.42857, 12], "texture": "#4"},
				"down": {"uv": [12.28571, 10.85714, 12, 12.14286], "texture": "#4"}
			}
		},
		{
			"from": [7.78, 10.02856, 7.98241],
			"to": [8.22, 26.77856, 10.23241],
			"rotation": {"angle": 0, "axis": "y", "origin": [7.755, 12.77856, 7.73241]},
			"faces": {
				"north": {"uv": [6.28571, 4.57143, 6.57143, 14.14286], "texture": "#4"},
				"east": {"uv": [3, 0, 4.28571, 9.57143], "texture": "#4"},
				"south": {"uv": [6.85714, 4.57143, 7.14286, 14.14286], "texture": "#4"},
				"west": {"uv": [4.57143, 0, 5.85714, 9.57143], "texture": "#4"}
			}
		},
		{
			"from": [7.985, 8.925, 5.625],
			"to": [8.015, 32, 10.375],
			"rotation": {"angle": 0, "axis": "y", "origin": [7.985, 8.925, 5.125]},
			"faces": {
				"east": {"uv": [2.71429, 0, 0, 13.14286], "texture": "#4"},
				"west": {"uv": [0, 0, 2.71429, 13.14286], "texture": "#4"}
			}
		},
		{
			"from": [8.085, 11.35792, 8.18718],
			"to": [8.115, 14.35792, 14.18718],
			"rotation": {"angle": 45, "axis": "x", "origin": [8.1, 10.83292, 16.18718]},
			"faces": {
				"east": {"uv": [0, 0, 12, 6], "texture": "#1"},
				"west": {"uv": [12, 0, 0, 6], "texture": "#1"}
			}
		},
		{
			"from": [7.885, 8.35792, 8.18718],
			"to": [7.915, 11.35792, 14.18718],
			"rotation": {"angle": 45, "axis": "x", "origin": [7.9, 7.83292, 16.18718]},
			"faces": {
				"east": {"uv": [0, 0, 12, 6], "texture": "#1"},
				"west": {"uv": [12, 0, 0, 6], "texture": "#1"}
			}
		},
		{
			"from": [8.085, 5.35792, 8.18718],
			"to": [8.115, 8.35792, 14.18718],
			"rotation": {"angle": 45, "axis": "x", "origin": [8.1, 4.83292, 16.18718]},
			"faces": {
				"east": {"uv": [0, 0, 12, 6], "texture": "#1"},
				"west": {"uv": [12, 0, 0, 6], "texture": "#1"}
			}
		},
		{
			"from": [7.5, 13, 8.93934],
			"to": [8.5, 14, 10.93934],
			"rotation": {"angle": 45, "axis": "x", "origin": [7.5, 13, 8.93934]},
			"faces": {
				"north": {"uv": [5.14286, 12.57143, 5.71429, 13.14286], "texture": "#4"},
				"east": {"uv": [10.28571, 8.57143, 11.42857, 9.14286], "texture": "#4"},
				"south": {"uv": [5.71429, 12.57143, 6.28571, 13.14286], "texture": "#4"},
				"west": {"uv": [10.85714, 5.71429, 12, 6.28571], "texture": "#4"},
				"up": {"uv": [8, 12, 7.42857, 10.85714], "texture": "#4"},
				"down": {"uv": [11.42857, 7.42857, 10.85714, 8.57143], "texture": "#4"}
			}
		},
		{
			"from": [7.35, 12.85, 10.93934],
			"to": [8.65, 14.15, 11.83934],
			"rotation": {"angle": 45, "axis": "x", "origin": [7.5, 13, 8.93934]},
			"faces": {
				"north": {"uv": [11.42857, 4.57143, 12.14286, 5.28571], "texture": "#4"},
				"east": {"uv": [11.42857, 8.57143, 12, 9.28571], "texture": "#4"},
				"south": {"uv": [5.14286, 11.42857, 5.85714, 12.14286], "texture": "#4"},
				"west": {"uv": [9.71429, 11.42857, 10.28571, 12.14286], "texture": "#4"},
				"up": {"uv": [12.14286, 10.28571, 11.42857, 9.71429], "texture": "#4"},
				"down": {"uv": [12.14286, 10.28571, 11.42857, 10.85714], "texture": "#4"}
			}
		},
		{
			"from": [7.5, 16, 8.93934],
			"to": [8.5, 17, 10.93934],
			"rotation": {"angle": 45, "axis": "x", "origin": [7.5, 16, 8.93934]},
			"faces": {
				"north": {"uv": [5.14286, 12.57143, 5.71429, 13.14286], "texture": "#4"},
				"east": {"uv": [10.28571, 8.57143, 11.42857, 9.14286], "texture": "#4"},
				"south": {"uv": [5.71429, 12.57143, 6.28571, 13.14286], "texture": "#4"},
				"west": {"uv": [10.85714, 5.71429, 12, 6.28571], "texture": "#4"},
				"up": {"uv": [8, 12, 7.42857, 10.85714], "texture": "#4"},
				"down": {"uv": [11.42857, 7.42857, 10.85714, 8.57143], "texture": "#4"}
			}
		},
		{
			"from": [7.35, 15.85, 10.93934],
			"to": [8.65, 17.15, 11.83934],
			"rotation": {"angle": 45, "axis": "x", "origin": [7.5, 16, 8.93934]},
			"faces": {
				"north": {"uv": [11.42857, 4.57143, 12.14286, 5.28571], "texture": "#4"},
				"east": {"uv": [11.42857, 8.57143, 12, 9.28571], "texture": "#4"},
				"south": {"uv": [5.14286, 11.42857, 5.85714, 12.14286], "texture": "#4"},
				"west": {"uv": [9.71429, 11.42857, 10.28571, 12.14286], "texture": "#4"},
				"up": {"uv": [12.14286, 10.28571, 11.42857, 9.71429], "texture": "#4"},
				"down": {"uv": [12.14286, 10.28571, 11.42857, 10.85714], "texture": "#4"}
			}
		},
		{
			"from": [7.5, 19, 8.93934],
			"to": [8.5, 20, 10.93934],
			"rotation": {"angle": 45, "axis": "x", "origin": [7.5, 19, 8.93934]},
			"faces": {
				"north": {"uv": [5.14286, 12.57143, 5.71429, 13.14286], "texture": "#4"},
				"east": {"uv": [10.28571, 8.57143, 11.42857, 9.14286], "texture": "#4"},
				"south": {"uv": [5.71429, 12.57143, 6.28571, 13.14286], "texture": "#4"},
				"west": {"uv": [10.85714, 5.71429, 12, 6.28571], "texture": "#4"},
				"up": {"uv": [8, 12, 7.42857, 10.85714], "texture": "#4"},
				"down": {"uv": [11.42857, 7.42857, 10.85714, 8.57143], "texture": "#4"}
			}
		},
		{
			"from": [7.35, 18.85, 10.93934],
			"to": [8.65, 20.15, 11.83934],
			"rotation": {"angle": 45, "axis": "x", "origin": [7.5, 19, 8.93934]},
			"faces": {
				"north": {"uv": [11.42857, 4.57143, 12.14286, 5.28571], "texture": "#4"},
				"east": {"uv": [11.42857, 8.57143, 12, 9.28571], "texture": "#4"},
				"south": {"uv": [5.14286, 11.42857, 5.85714, 12.14286], "texture": "#4"},
				"west": {"uv": [9.71429, 11.42857, 10.28571, 12.14286], "texture": "#4"},
				"up": {"uv": [12.14286, 10.28571, 11.42857, 9.71429], "texture": "#4"},
				"down": {"uv": [12.14286, 10.28571, 11.42857, 10.85714], "texture": "#4"}
			}
		},
		{
			"from": [7.1, 4.6, 4.5],
			"to": [7.1, 11.6, 11.5],
			"rotation": {"angle": 0, "axis": "y", "origin": [0.5, -8.25, 4.5]},
			"faces": {
				"west": {"uv": [1, 1, 15, 15], "texture": "#3"}
			}
		},
		{
			"from": [8.9, 4.6, 4.5],
			"to": [8.9, 11.6, 11.5],
			"rotation": {"angle": 0, "axis": "y", "origin": [15.5, -8.25, 4.5]},
			"faces": {
				"east": {"uv": [15, 1, 1, 15], "texture": "#3"}
			}
		}
	],
	"gui_light": "front",
	"display": {
		"thirdperson_righthand": {
			"translation": [0, 1.75, 0.75]
		},
		"thirdperson_lefthand": {
			"translation": [0, 1.75, 0.75]
		},
		"firstperson_righthand": {
			"rotation": [-10, 0, 0],
			"translation": [0, 0.75, 0]
		},
		"firstperson_lefthand": {
			"rotation": [-10, 0, 0],
			"translation": [0, 0.75, 0]
		},
		"ground": {
			"rotation": [-45, 0, 0],
			"translation": [0, 7.5, 3.25]
		},
		"gui": {
			"rotation": [-90, 45, 90],
			"translation": [3.25, -4.5, 0],
			"scale": [0.71875, 0.71875, 0.71875]
		},
		"head": {
			"rotation": [0, 90, 0]
		},
		"fixed": {
			"rotation": [0, -90, 0],
			"translation": [0, -19.5, -1.5],
			"scale": [2.5, 2.5, 2.5]
		}
	}
}