{
	"credit": "Made with Blockbench",
	"texture_size": [32, 32],
	"textures": {
		"0": "elitecreatures:gamer_girl_animated/wingtex",
		"1": "elitecreatures:gamer_girl_animated/boxs",
		"2": "elitecreatures:gamer_girl_animated/square",
		"particle": "elitecreatures:gamer_girl_animated/wingtex"
	},
	"elements": [
		{
			"from": [-10, 4, 9],
			"to": [7, 20, 9],
			"rotation": {"angle": 0, "axis": "y", "origin": [-1.5, 12, 9]},
			"faces": {
				"north": {"uv": [4.25, 0, 0, 4], "texture": "#0"},
				"east": {"uv": [0, 0, 0, 4], "texture": "#0"},
				"south": {"uv": [0, 0, 4.25, 4], "texture": "#0"},
				"west": {"uv": [0, 0, 0, 4], "texture": "#0"},
				"up": {"uv": [2.5, 0, 0, 0], "texture": "#0"},
				"down": {"uv": [2.5, 0, 0, 0], "texture": "#0"}
			}
		},
		{
			"from": [2.5, 10.5, 9],
			"to": [11, 14.5, 9],
			"rotation": {"angle": -22.5, "axis": "z", "origin": [8.14282, 19.48104, 8]},
			"faces": {
				"north": {"uv": [1, 13.875, 0, 16], "rotation": 90, "texture": "#0"},
				"east": {"uv": [2, 1.5, 4.5, 1.5], "rotation": 270, "texture": "#0"},
				"south": {"uv": [0, 13.875, 1, 16], "rotation": 270, "texture": "#0"},
				"west": {"uv": [2, 1.5, 4.5, 1.5], "rotation": 270, "texture": "#0"},
				"up": {"uv": [3, 8, 3, 10.125], "rotation": 270, "texture": "#0"},
				"down": {"uv": [3, 8, 3, 10.125], "rotation": 270, "texture": "#0"}
			}
		},
		{
			"from": [5, 10.5, 9],
			"to": [13.5, 14.5, 9],
			"rotation": {"angle": 22.5, "axis": "z", "origin": [7.85718, 19.48104, 8]},
			"faces": {
				"north": {"uv": [1, 16, 0, 13.875], "rotation": 90, "texture": "#0"},
				"east": {"uv": [2, 1.5, 4.5, 1.5], "rotation": 270, "texture": "#0"},
				"south": {"uv": [0, 16, 1, 13.875], "rotation": 270, "texture": "#0"},
				"west": {"uv": [2, 1.5, 4.5, 1.5], "rotation": 270, "texture": "#0"},
				"up": {"uv": [3, 10.125, 3, 8], "rotation": 270, "texture": "#0"},
				"down": {"uv": [3, 10.125, 3, 8], "rotation": 270, "texture": "#0"}
			}
		},
		{
			"from": [9, 4, 9],
			"to": [26, 20, 9],
			"rotation": {"angle": 0, "axis": "y", "origin": [17.5, 12, 9]},
			"faces": {
				"north": {"uv": [0, 0, 4.25, 4], "texture": "#0"},
				"east": {"uv": [0, 0, 0, 4], "texture": "#0"},
				"south": {"uv": [4.25, 0, 0, 4], "texture": "#0"},
				"west": {"uv": [0, 0, 0, 4], "texture": "#0"},
				"up": {"uv": [0, 0, 2.5, 0], "texture": "#0"},
				"down": {"uv": [0, 0, 2.5, 0], "texture": "#0"}
			}
		},
		{
			"from": [-3, -7, 9],
			"to": [7, 7, 9],
			"rotation": {"angle": 0, "axis": "y", "origin": [-1.5, 12, 9]},
			"faces": {
				"north": {"uv": [16, 0, 13.5, 3.5], "texture": "#0"},
				"east": {"uv": [0, 0, 0, 4], "texture": "#0"},
				"south": {"uv": [13.5, 0, 16, 3.5], "texture": "#0"},
				"west": {"uv": [0, 0, 0, 4], "texture": "#0"},
				"up": {"uv": [2.5, 0, 0, 0], "texture": "#0"},
				"down": {"uv": [2.5, 0, 0, 0], "texture": "#0"}
			}
		},
		{
			"from": [9, -7, 9],
			"to": [19, 7, 9],
			"rotation": {"angle": 0, "axis": "y", "origin": [17.5, 12, 9]},
			"faces": {
				"north": {"uv": [13.5, 0, 16, 3.5], "texture": "#0"},
				"east": {"uv": [0, 0, 0, 4], "texture": "#0"},
				"south": {"uv": [16, 0, 13.5, 3.5], "texture": "#0"},
				"west": {"uv": [0, 0, 0, 4], "texture": "#0"},
				"up": {"uv": [0, 0, 2.5, 0], "texture": "#0"},
				"down": {"uv": [0, 0, 2.5, 0], "texture": "#0"}
			}
		},
		{
			"from": [-0.82107, 7.87107, 10],
			"to": [5.17893, 8.87107, 11.5],
			"rotation": {"angle": -45, "axis": "z", "origin": [11.25, 1, 10.75]},
			"faces": {
				"north": {"uv": [15.125, 13.625, 13.625, 13.875], "texture": "#0"},
				"east": {"uv": [10, 8.5, 10.375, 8.75], "texture": "#0"},
				"south": {"uv": [15.125, 13.375, 13.625, 13.625], "texture": "#0"},
				"west": {"uv": [10.375, 8.5, 10, 8.75], "texture": "#0"},
				"up": {"uv": [15.5, 13.375, 15.125, 14.875], "rotation": 90, "texture": "#0"},
				"down": {"uv": [13.625, 14.25, 15.125, 13.875], "texture": "#0"}
			}
		},
		{
			"from": [4.35, 10.8, 10],
			"to": [9.35, 11.8, 11.5],
			"rotation": {"angle": 45, "axis": "z", "origin": [5.35, 11, 10.75]},
			"faces": {
				"north": {"uv": [10.25, 10, 10.5, 8.75], "rotation": 90, "texture": "#0"},
				"east": {"uv": [13.5, 10, 13.125, 10.25], "texture": "#0"},
				"south": {"uv": [10, 10, 10.25, 8.75], "rotation": 90, "texture": "#0"},
				"west": {"uv": [13.5, 10, 13.125, 10.25], "texture": "#0"},
				"up": {"uv": [13.5, 10.25, 13.125, 11.5], "rotation": 90, "texture": "#0"},
				"down": {"uv": [10.5, 10, 10.125, 11.25], "rotation": 270, "texture": "#0"}
			}
		},
		{
			"from": [5.25, 1, 8.75],
			"to": [9.25, 10, 12.75],
			"rotation": {"angle": -45, "axis": "y", "origin": [8.25, 1.5, 11.75]},
			"faces": {
				"north": {"uv": [15.5, 8.25, 14.5, 10.5], "texture": "#0"},
				"east": {"uv": [14.5, 9.25, 13.5, 11.5], "texture": "#0"},
				"south": {"uv": [13.5, 9.25, 14.5, 11.5], "texture": "#0"},
				"west": {"uv": [14.5, 8.25, 15.5, 10.5], "texture": "#0"},
				"up": {"uv": [14.5, 11.5, 15.5, 10.5], "rotation": 180, "texture": "#0"},
				"down": {"uv": [14.5, 11.5, 15.5, 10.5], "rotation": 180, "texture": "#0"}
			}
		},
		{
			"from": [5.75, -1, 9.25],
			"to": [10.75, 1, 14.25],
			"rotation": {"angle": -45, "axis": "y", "origin": [8.25, 1.5, 11.75]},
			"faces": {
				"north": {"uv": [8.75, 15.375, 10, 15.875], "texture": "#0"},
				"east": {"uv": [11.25, 15.375, 10, 15.875], "texture": "#0"},
				"south": {"uv": [11.25, 15.375, 10, 15.875], "texture": "#0"},
				"west": {"uv": [10, 15.375, 8.75, 15.875], "texture": "#0"},
				"up": {"uv": [11.25, 15.5, 12.5, 14.25], "rotation": 180, "texture": "#0"},
				"down": {"uv": [11.25, 14.25, 12.5, 13], "rotation": 180, "texture": "#0"}
			}
		},
		{
			"from": [5, 0, 7.75],
			"to": [11.5, 3, 10.75],
			"rotation": {"angle": 45, "axis": "x", "origin": [8.25, 2, 8.75]},
			"faces": {
				"north": {"uv": [14.75, 13.375, 15.5, 11.75], "rotation": 90, "texture": "#0"},
				"east": {"uv": [14.75, 11.875, 14, 12.625], "texture": "#0"},
				"south": {"uv": [14.75, 12.625, 13.125, 13.375], "texture": "#0"},
				"west": {"uv": [14, 11.875, 14.75, 12.625], "texture": "#0"},
				"up": {"uv": [14.75, 12.625, 13.125, 13.375], "rotation": 180, "texture": "#0"},
				"down": {"uv": [15.5, 11.75, 14.75, 13.375], "rotation": 270, "texture": "#0"}
			}
		},
		{
			"from": [11.55, 0.8, 9.75],
			"to": [12.55, 10.8, 11.75],
			"rotation": {"angle": 0, "axis": "y", "origin": [11.25, 11, 10.75]},
			"faces": {
				"north": {"uv": [13, 15.375, 15.5, 15.125], "rotation": 90, "texture": "#0"},
				"east": {"uv": [16, 12.875, 15.5, 15.375], "rotation": 180, "texture": "#0"},
				"south": {"uv": [13, 15.125, 15.5, 14.875], "rotation": 270, "texture": "#0"},
				"west": {"uv": [13.5, 15.875, 16, 15.375], "rotation": 90, "texture": "#0"},
				"up": {"uv": [12, 8.125, 11.5, 7.875], "rotation": 90, "texture": "#0"},
				"down": {"uv": [12, 7.875, 11.5, 8.125], "rotation": 270, "texture": "#0"}
			}
		},
		{
			"from": [9.97368, 3.40079, 11.25],
			"to": [13.97368, 7.40079, 13.25],
			"rotation": {"angle": -45, "axis": "z", "origin": [16.75157, 12.5, 7]},
			"faces": {
				"north": {"uv": [11.5, 12, 12.5, 13], "rotation": 90, "texture": "#0"},
				"east": {"uv": [12.5, 11, 11.5, 11.5], "rotation": 90, "texture": "#0"},
				"south": {"uv": [11.5, 13, 12.5, 12], "rotation": 90, "texture": "#0"},
				"west": {"uv": [12.5, 12, 11.5, 11.5], "rotation": 90, "texture": "#0"},
				"up": {"uv": [11.5, 11.5, 12.5, 12], "texture": "#0"},
				"down": {"uv": [11.5, 11.5, 12.5, 11], "texture": "#0"}
			}
		},
		{
			"from": [3.975, 1.05, 17.05],
			"to": [12.525, 2.55, 18.05],
			"rotation": {"angle": 22.5, "axis": "x", "origin": [16.25, 4, 11]},
			"faces": {
				"north": {"uv": [11, 13, 11.375, 10.875], "rotation": 90, "texture": "#0"},
				"east": {"uv": [12, 7.875, 12.375, 8.125], "rotation": 90, "texture": "#0"},
				"south": {"uv": [13.375, 15.5, 11.25, 15.875], "texture": "#0"},
				"west": {"uv": [12, 8.125, 12.375, 7.875], "rotation": 90, "texture": "#0"},
				"up": {"uv": [13, 14.625, 15.125, 14.375], "rotation": 180, "texture": "#0"},
				"down": {"uv": [13, 14.875, 15.125, 14.625], "texture": "#0"}
			}
		},
		{
			"from": [3.95, 0.8, 9.75],
			"to": [4.95, 10.8, 11.75],
			"rotation": {"angle": 0, "axis": "y", "origin": [5.25, 11, 10.75]},
			"faces": {
				"north": {"uv": [13, 15.125, 15.5, 15.375], "rotation": 90, "texture": "#0"},
				"east": {"uv": [13.5, 15.375, 16, 15.875], "rotation": 90, "texture": "#0"},
				"south": {"uv": [13, 14.875, 15.5, 15.125], "rotation": 270, "texture": "#0"},
				"west": {"uv": [15.5, 12.875, 16, 15.375], "rotation": 180, "texture": "#0"},
				"up": {"uv": [12, 7.875, 11.5, 8.125], "rotation": 90, "texture": "#0"},
				"down": {"uv": [12, 8.125, 11.5, 7.875], "rotation": 270, "texture": "#0"}
			}
		},
		{
			"from": [11.575, 0.8, 9.75],
			"to": [12.525, 2.8, 15.75],
			"rotation": {"angle": 22.5, "axis": "x", "origin": [11.25, 0.8, 9.75]},
			"faces": {
				"north": {"uv": [15.5, 11.375, 16, 11], "rotation": 90, "texture": "#0"},
				"east": {"uv": [15.5, 12.875, 16, 11.375], "rotation": 90, "texture": "#0"},
				"south": {"uv": [15.5, 11.25, 16, 11], "rotation": 270, "texture": "#0"},
				"west": {"uv": [10.5, 11.5, 11, 10], "rotation": 90, "texture": "#0"},
				"up": {"uv": [14, 11.875, 12.5, 12.125], "rotation": 90, "texture": "#0"},
				"down": {"uv": [14.75, 11.5, 13.25, 11.75], "rotation": 90, "texture": "#0"}
			}
		},
		{
			"from": [3.975, 0.8, 9.75],
			"to": [4.925, 2.8, 15.75],
			"rotation": {"angle": 22.5, "axis": "x", "origin": [5.25, 0.8, 9.75]},
			"faces": {
				"north": {"uv": [15.5, 11, 16, 11.375], "rotation": 90, "texture": "#0"},
				"east": {"uv": [10.5, 10, 11, 11.5], "rotation": 90, "texture": "#0"},
				"south": {"uv": [15.5, 11, 16, 11.25], "rotation": 270, "texture": "#0"},
				"west": {"uv": [15.5, 11.375, 16, 12.875], "rotation": 90, "texture": "#0"},
				"up": {"uv": [14, 12.125, 12.5, 11.875], "rotation": 90, "texture": "#0"},
				"down": {"uv": [14.75, 11.75, 13.25, 11.5], "rotation": 90, "texture": "#0"}
			}
		},
		{
			"from": [-0.5, 11.85, 9],
			"to": [4.5, 13.85, 10],
			"rotation": {"angle": -22.5, "axis": "z", "origin": [0.24843, 3.5, 9]},
			"faces": {
				"north": {"uv": [15.5, 9.5, 16, 8.25], "rotation": 90, "texture": "#0"},
				"east": {"uv": [13.5, 12.5, 13, 12.25], "rotation": 90, "texture": "#0"},
				"south": {"uv": [15.5, 8.25, 16, 9.5], "rotation": 90, "texture": "#0"},
				"west": {"uv": [13.5, 12.25, 13, 12.5], "rotation": 90, "texture": "#0"},
				"up": {"uv": [10, 15.125, 8.75, 15.375], "texture": "#0"},
				"down": {"uv": [10, 15.375, 10.25, 14.125], "rotation": 90, "texture": "#0"}
			}
		},
		{
			"from": [-5.0199, 13.6355, 7.75],
			"to": [-2.0199, 15.6355, 10.25],
			"rotation": {"angle": 0, "axis": "y", "origin": [0.94843, 11.7, 9]},
			"faces": {
				"north": {"uv": [11.875, 11, 11.375, 10.25], "rotation": 90, "texture": "#0"},
				"east": {"uv": [10.625, 7.875, 10, 8.375], "rotation": 180, "texture": "#0"},
				"south": {"uv": [11.875, 10.25, 11.375, 11], "rotation": 90, "texture": "#0"},
				"west": {"uv": [10.625, 7.875, 10, 8.375], "rotation": 180, "texture": "#0"},
				"up": {"uv": [11.25, 13.625, 10.5, 13], "rotation": 180, "texture": "#0"},
				"down": {"uv": [12.25, 8.875, 11.5, 8.25], "texture": "#0"}
			}
		},
		{
			"from": [-3.3, 12.2, 7.25],
			"to": [2.7, 14.2, 10.75],
			"rotation": {"angle": -22.5, "axis": "z", "origin": [0.94843, 11.7, 9]},
			"faces": {
				"north": {"uv": [11, 10, 10.5, 8.5], "rotation": 90, "texture": "#0"},
				"east": {"uv": [15.5, 7.875, 16, 7], "rotation": 90, "texture": "#0"},
				"south": {"uv": [11, 8.5, 10.5, 10], "rotation": 90, "texture": "#0"},
				"west": {"uv": [11, 8, 11.5, 8.875], "rotation": 90, "texture": "#0"},
				"up": {"uv": [11, 13, 10.125, 11.5], "rotation": 90, "texture": "#0"},
				"down": {"uv": [11, 13, 10.125, 11.5], "rotation": 90, "texture": "#0"}
			}
		},
		{
			"from": [-0.5, 11.85, 8],
			"to": [4.5, 13.85, 9],
			"rotation": {"angle": -22.5, "axis": "z", "origin": [0.24843, 3.5, 7]},
			"faces": {
				"north": {"uv": [15.5, 9.5, 16, 8.25], "rotation": 90, "texture": "#0"},
				"east": {"uv": [13.5, 12.25, 13, 12.5], "rotation": 90, "texture": "#0"},
				"south": {"uv": [15.5, 8.25, 16, 9.5], "rotation": 90, "texture": "#0"},
				"west": {"uv": [13.5, 12.5, 13, 12.25], "rotation": 90, "texture": "#0"},
				"up": {"uv": [10, 15.375, 8.75, 15.125], "texture": "#0"},
				"down": {"uv": [10.25, 15.375, 10, 14.125], "rotation": 90, "texture": "#0"}
			}
		},
		{
			"from": [11.5, 11.85, 9],
			"to": [16.5, 13.85, 10],
			"rotation": {"angle": 22.5, "axis": "z", "origin": [15.75157, 3.5, 9]},
			"faces": {
				"north": {"uv": [15.5, 8.25, 16, 9.5], "rotation": 90, "texture": "#0"},
				"east": {"uv": [13.5, 12.5, 13, 12.25], "rotation": 90, "texture": "#0"},
				"south": {"uv": [15.5, 9.5, 16, 8.25], "rotation": 90, "texture": "#0"},
				"west": {"uv": [13.5, 12.25, 13, 12.5], "rotation": 90, "texture": "#0"},
				"up": {"uv": [8.75, 15.125, 10, 15.375], "texture": "#0"},
				"down": {"uv": [10, 14.125, 10.25, 15.375], "rotation": 90, "texture": "#0"}
			}
		},
		{
			"from": [11.5, 11.85, 8],
			"to": [16.5, 13.85, 9],
			"rotation": {"angle": 22.5, "axis": "z", "origin": [15.75157, 3.5, 7]},
			"faces": {
				"north": {"uv": [15.5, 8.25, 16, 9.5], "rotation": 90, "texture": "#0"},
				"east": {"uv": [13.5, 12.25, 13, 12.5], "rotation": 90, "texture": "#0"},
				"south": {"uv": [15.5, 9.5, 16, 8.25], "rotation": 90, "texture": "#0"},
				"west": {"uv": [13.5, 12.5, 13, 12.25], "rotation": 90, "texture": "#0"},
				"up": {"uv": [8.75, 15.375, 10, 15.125], "texture": "#0"},
				"down": {"uv": [10.25, 14.125, 10, 15.375], "rotation": 90, "texture": "#0"}
			}
		},
		{
			"from": [13.3, 12.2, 7.25],
			"to": [19.3, 14.2, 10.75],
			"rotation": {"angle": 22.5, "axis": "z", "origin": [15.05157, 11.7, 9]},
			"faces": {
				"north": {"uv": [11, 8.5, 10.5, 10], "rotation": 90, "texture": "#0"},
				"east": {"uv": [11, 8.875, 11.5, 8], "rotation": 90, "texture": "#0"},
				"south": {"uv": [11, 10, 10.5, 8.5], "rotation": 90, "texture": "#0"},
				"west": {"uv": [15.5, 7, 16, 7.875], "rotation": 90, "texture": "#0"},
				"up": {"uv": [11, 11.5, 10.125, 13], "rotation": 90, "texture": "#0"},
				"down": {"uv": [11, 11.5, 10.125, 13], "rotation": 90, "texture": "#0"}
			}
		},
		{
			"from": [18.0199, 13.6355, 7.75],
			"to": [21.0199, 15.6355, 10.25],
			"rotation": {"angle": 0, "axis": "y", "origin": [15.05157, 11.7, 9]},
			"faces": {
				"north": {"uv": [11.875, 10.25, 11.375, 11], "rotation": 90, "texture": "#0"},
				"east": {"uv": [10, 7.875, 10.625, 8.375], "rotation": 180, "texture": "#0"},
				"south": {"uv": [11.875, 11, 11.375, 10.25], "rotation": 90, "texture": "#0"},
				"west": {"uv": [10, 7.875, 10.625, 8.375], "rotation": 180, "texture": "#0"},
				"up": {"uv": [10.5, 13.625, 11.25, 13], "rotation": 180, "texture": "#0"},
				"down": {"uv": [11.5, 8.875, 12.25, 8.25], "texture": "#0"}
			}
		},
		{
			"from": [9.97368, 3.40079, 7.75],
			"to": [13.97368, 7.40079, 9.75],
			"rotation": {"angle": -45, "axis": "z", "origin": [16.75157, 12.5, 9]},
			"faces": {
				"north": {"uv": [11.5, 12, 12.5, 13], "rotation": 90, "texture": "#0"},
				"east": {"uv": [12.5, 11.5, 11.5, 11], "rotation": 90, "texture": "#0"},
				"south": {"uv": [11.5, 13, 12.5, 12], "rotation": 90, "texture": "#0"},
				"west": {"uv": [12.5, 11.5, 11.5, 12], "rotation": 90, "texture": "#0"},
				"up": {"uv": [11.5, 12, 12.5, 11.5], "texture": "#0"},
				"down": {"uv": [11.5, 11, 12.5, 11.5], "texture": "#0"}
			}
		},
		{
			"from": [-12, 0, 10],
			"to": [2, 14, 10],
			"faces": {
				"north": {"uv": [0, 2, 14, 16], "texture": "#1"},
				"east": {"uv": [0, 0, 0, 16], "texture": "#1"},
				"south": {"uv": [14, 2, 0, 16], "texture": "#1"},
				"west": {"uv": [0, 0, 0, 16], "texture": "#1"},
				"up": {"uv": [0, 0, 4.5, 0], "texture": "#1"},
				"down": {"uv": [0, 0, 4.5, 0], "texture": "#1"}
			}
		},
		{
			"from": [14, 0, 10],
			"to": [28, 14, 10],
			"rotation": {"angle": 0, "axis": "y", "origin": [16, 0, 0]},
			"faces": {
				"north": {"uv": [14, 2, 0, 16], "texture": "#1"},
				"east": {"uv": [0, 0, 0, 16], "texture": "#1"},
				"south": {"uv": [0, 2, 14, 16], "texture": "#1"},
				"west": {"uv": [0, 0, 0, 16], "texture": "#1"},
				"up": {"uv": [4.5, 0, 0, 0], "texture": "#1"},
				"down": {"uv": [4.5, 0, 0, 0], "texture": "#1"}
			}
		},
		{
			"from": [4.35, 6.9, 15],
			"to": [12.35, 14.9, 15],
			"rotation": {"angle": 0, "axis": "y", "origin": [6.35, 8.9, 15]},
			"faces": {
				"north": {"uv": [4, 0, 0, 4], "texture": "#2"},
				"east": {"uv": [0, 0, 0, 4], "texture": "#2"},
				"south": {"uv": [4, 0, 0, 4], "texture": "#2"},
				"west": {"uv": [0, 0, 0, 4], "texture": "#2"},
				"up": {"uv": [0, 0, 6, 0], "texture": "#2"},
				"down": {"uv": [0, 0, 6, 0], "texture": "#2"}
			}
		},
		{
			"from": [4.35, 6.9, 15],
			"to": [12.35, 14.9, 15],
			"rotation": {"angle": 22.5, "axis": "z", "origin": [8.35, 10.9, 15]},
			"faces": {
				"north": {"uv": [8, 0, 4, 4], "texture": "#2"},
				"east": {"uv": [0, 0, 0, 4], "texture": "#2"},
				"south": {"uv": [8, 0, 4, 4], "texture": "#2"},
				"west": {"uv": [0, 0, 0, 4], "texture": "#2"},
				"up": {"uv": [0, 0, 6, 0], "texture": "#2"},
				"down": {"uv": [0, 0, 6, 0], "texture": "#2"}
			}
		},
		{
			"from": [4.35, 6.9, 15],
			"to": [12.35, 14.9, 15],
			"rotation": {"angle": -45, "axis": "z", "origin": [8.35, 10.9, 15]},
			"faces": {
				"north": {"uv": [0, 8, 4, 4], "rotation": 270, "texture": "#2"},
				"east": {"uv": [0, 0, 6, 0], "rotation": 270, "texture": "#2"},
				"south": {"uv": [0, 8, 4, 4], "rotation": 90, "texture": "#2"},
				"west": {"uv": [0, 0, 6, 0], "rotation": 270, "texture": "#2"},
				"up": {"uv": [0, 0, 0, 4], "rotation": 270, "texture": "#2"},
				"down": {"uv": [0, 0, 0, 4], "rotation": 270, "texture": "#2"}
			}
		},
		{
			"from": [4.35, 6.9, 15],
			"to": [12.35, 14.9, 15],
			"rotation": {"angle": -22.5, "axis": "z", "origin": [8.35, 10.9, 15]},
			"faces": {
				"north": {"uv": [4, 8, 8, 4], "rotation": 270, "texture": "#2"},
				"east": {"uv": [0, 0, 6, 0], "rotation": 270, "texture": "#2"},
				"south": {"uv": [4, 8, 8, 4], "rotation": 90, "texture": "#2"},
				"west": {"uv": [0, 0, 6, 0], "rotation": 270, "texture": "#2"},
				"up": {"uv": [0, 0, 0, 4], "rotation": 270, "texture": "#2"},
				"down": {"uv": [0, 0, 0, 4], "rotation": 270, "texture": "#2"}
			}
		},
		{
			"from": [4.35, 6.9, 14],
			"to": [12.35, 14.9, 14],
			"rotation": {"angle": -22.5, "axis": "z", "origin": [8.35, 10.9, 14]},
			"faces": {
				"north": {"uv": [12, 16, 16, 12], "rotation": 270, "texture": "#2"},
				"east": {"uv": [8, 8, 14, 8], "rotation": 270, "texture": "#2"},
				"south": {"uv": [12, 16, 16, 12], "rotation": 90, "texture": "#2"},
				"west": {"uv": [8, 8, 14, 8], "rotation": 270, "texture": "#2"},
				"up": {"uv": [8, 8, 8, 12], "rotation": 270, "texture": "#2"},
				"down": {"uv": [8, 8, 8, 12], "rotation": 270, "texture": "#2"}
			}
		},
		{
			"from": [4.35, 6.9, 14],
			"to": [12.35, 14.9, 14],
			"rotation": {"angle": -45, "axis": "z", "origin": [8.35, 10.9, 14]},
			"faces": {
				"north": {"uv": [8, 16, 12, 12], "rotation": 270, "texture": "#2"},
				"east": {"uv": [8, 8, 14, 8], "rotation": 270, "texture": "#2"},
				"south": {"uv": [8, 16, 12, 12], "rotation": 90, "texture": "#2"},
				"west": {"uv": [8, 8, 14, 8], "rotation": 270, "texture": "#2"},
				"up": {"uv": [8, 8, 8, 12], "rotation": 270, "texture": "#2"},
				"down": {"uv": [8, 8, 8, 12], "rotation": 270, "texture": "#2"}
			}
		},
		{
			"from": [4.35, 6.9, 14],
			"to": [12.35, 14.9, 14],
			"rotation": {"angle": 22.5, "axis": "z", "origin": [8.35, 10.9, 14]},
			"faces": {
				"north": {"uv": [16, 8, 12, 12], "texture": "#2"},
				"east": {"uv": [8, 8, 8, 12], "texture": "#2"},
				"south": {"uv": [16, 8, 12, 12], "texture": "#2"},
				"west": {"uv": [8, 8, 8, 12], "texture": "#2"},
				"up": {"uv": [8, 8, 14, 8], "texture": "#2"},
				"down": {"uv": [8, 8, 14, 8], "texture": "#2"}
			}
		},
		{
			"from": [4.35, 6.9, 14],
			"to": [12.35, 14.9, 14],
			"rotation": {"angle": 0, "axis": "y", "origin": [6.35, 8.9, 14]},
			"faces": {
				"north": {"uv": [12, 8, 8, 12], "texture": "#2"},
				"east": {"uv": [8, 8, 8, 12], "texture": "#2"},
				"south": {"uv": [12, 8, 8, 12], "texture": "#2"},
				"west": {"uv": [8, 8, 8, 12], "texture": "#2"},
				"up": {"uv": [8, 8, 14, 8], "texture": "#2"},
				"down": {"uv": [8, 8, 14, 8], "texture": "#2"}
			}
		}
	],
	"gui_light": "front",
	"display": {
		"thirdperson_righthand": {
			"rotation": [68.5, 0, 0],
			"translation": [0, 0.75, 0.75],
			"scale": [0.4, 0.4, 0.4]
		},
		"thirdperson_lefthand": {
			"rotation": [68.5, 0, 0],
			"translation": [-6, -5.75, 8]
		},
		"firstperson_righthand": {
			"translation": [-0.5, 2.25, -2],
			"scale": [0.5, 0.5, 0.5]
		},
		"firstperson_lefthand": {
			"rotation": [0, -92, 0],
			"translation": [0.5, 3, 2.25],
			"scale": [0, 0, 0]
		},
		"ground": {
			"rotation": [75, 0, 0],
			"translation": [0, 0.75, 0],
			"scale": [0.5, 0.5, 0.5]
		},
		"gui": {
			"rotation": [1, 180, 0],
			"translation": [0, 0.5, 0],
			"scale": [0.44, 0.44, 0.44]
		},
		"head": {
			"rotation": [0, 180, 0],
			"translation": [0.5, -12.75, 7.75],
			"scale": [1.51508, 1.51508, 1.51508]
		},
		"fixed": {
			"translation": [-0.5, 3.25, -6.75],
			"scale": [1.62938, 1.62938, 1.62938]
		}
	},
	"groups": [
		{
			"name": "group",
			"origin": [6.25, 9, 14],
			"color": 0,
			"boneType": "",
			"children": [0, 1, 2, 3, 4, 5, 6, 7, 8, 9, 10, 11, 12, 13, 14, 15, 16, 17, 18, 19, 20, 21, 22, 23, 24, 25, 26, 27, 28, 29, 30, 31, 32, 33, 34, 35]
		}
	]
}