{"credit":"by w11shes","texture_size":[32,32],"textures":{"0":"elitecreatures:minotaur_assortment/sword","particle":"elitecreatures:minotaur_assortment/sword"},"elements":[{"from":[6.97439,-5,7.02061],"to":[9.00439,5,9.02061],"rotation":{"angle":-45,"axis":"y","origin":[8,4.44057,8.01]},"faces":{"north":{"uv":[4,6,5,11],"texture":"#0"},"east":{"uv":[5,6,4,11],"texture":"#0"},"south":{"uv":[4,6,5,11],"texture":"#0"},"west":{"uv":[5,6,4,11],"texture":"#0"}}},{"from":[5.99,-7.73612,2.50571],"to":[9.99,-3.73612,6.50571],"rotation":{"angle":-22.5,"axis":"x","origin":[8,4.44057,8.01]},"faces":{"north":{"uv":[5,6,7,8],"texture":"#0"},"east":{"uv":[5,6,7,8],"texture":"#0"},"south":{"uv":[5,6,7,8],"texture":"#0"},"west":{"uv":[5,6,7,8],"texture":"#0"},"up":{"uv":[8.5,5,6.5,3],"rotation":270,"texture":"#0"},"down":{"uv":[9,5,7,7],"rotation":90,"texture":"#0"}}},{"from":[7.99,-13.73612,-0.49429],"to":[8.04,-7.73612,6.50571],"rotation":{"angle":-22.5,"axis":"x","origin":[8,4.44057,8.01]},"faces":{"east":{"uv":[7.5,0,4,3],"texture":"#0"},"west":{"uv":[4,0,7.5,3],"texture":"#0"}}},{"from":[7.3431,3.79781,6.01],"to":[11.3431,7.79781,10.01],"rotation":{"angle":45,"axis":"z","origin":[8,4.44057,8.01]},"faces":{"north":{"uv":[9.5,0,7.5,2],"texture":"#0"},"east":{"uv":[7,8,5,10],"texture":"#0"},"south":{"uv":[7.5,0,9.5,2],"texture":"#0"},"west":{"uv":[7,7,9,9],"texture":"#0"},"up":{"uv":[7,10,5,8],"rotation":270,"texture":"#0"},"down":{"uv":[7,7,9,9],"rotation":90,"texture":"#0"}}},{"from":[8.3431,4.79781,10.01],"to":[10.3431,6.79781,13.01],"rotation":{"angle":45,"axis":"z","origin":[8,4.44057,8.01]},"faces":{"north":{"uv":[7.5,2,9,3],"texture":"#0"},"east":{"uv":[10,3,8.5,4],"texture":"#0"},"south":{"uv":[8.5,4,9.5,5],"texture":"#0"},"west":{"uv":[7.5,2,9,3],"texture":"#0"},"up":{"uv":[10,4,8.5,3],"rotation":270,"texture":"#0"},"down":{"uv":[9,2,7.5,3],"rotation":90,"texture":"#0"}}},{"from":[7.99,2.98468,12.81891],"to":[8.04,8.98468,17.81891],"rotation":{"angle":-22.5,"axis":"x","origin":[8,4.44057,8.01]},"faces":{"east":{"uv":[6.5,3,4,6],"texture":"#0"},"west":{"uv":[4,3,6.5,6],"texture":"#0"}}},{"from":[8.3431,4.79781,3.01],"to":[10.3431,6.79781,6.01],"rotation":{"angle":45,"axis":"z","origin":[8,4.44057,8.01]},"faces":{"north":{"uv":[9.5,4,8.5,5],"texture":"#0"},"east":{"uv":[8.5,3,10,4],"texture":"#0"},"south":{"uv":[9,2,7.5,3],"texture":"#0"},"west":{"uv":[9,2,7.5,3],"texture":"#0"},"up":{"uv":[8.5,4,10,3],"rotation":270,"texture":"#0"},"down":{"uv":[7.5,2,9,3],"rotation":90,"texture":"#0"}}},{"from":[7.99,2.98468,-1.79891],"to":[8.04,8.98468,3.20109],"rotation":{"angle":22.5,"axis":"x","origin":[8,4.44057,8.01]},"faces":{"east":{"uv":[4,3,6.5,6],"texture":"#0"},"west":{"uv":[6.5,3,4,6],"texture":"#0"}}},{"from":[7.99,8.24376,-0.18892],"to":[8.04,30.24376,7.81108],"rotation":{"angle":22.5,"axis":"x","origin":[8,4.44057,8.01]},"faces":{"east":{"uv":[4,0,0,11],"texture":"#0"},"west":{"uv":[0,0,4,11],"texture":"#0"}}},{"from":[7.49,7.24376,4.81108],"to":[8.54,12.24376,7.81108],"rotation":{"angle":22.5,"axis":"x","origin":[8,4.44057,8.01]},"faces":{"north":{"uv":[2.5,9,3,11.5],"texture":"#0"},"east":{"uv":[4,9,2.5,11.5],"texture":"#0"},"south":{"uv":[3.5,9,4,11.5],"texture":"#0"},"west":{"uv":[2.5,9,4,11.5],"texture":"#0"},"up":{"uv":[4,9,2.5,9.5],"rotation":270,"texture":"#0"}}},{"from":[7.49,12.24376,1.81108],"to":[8.54,27.24376,4.81108],"rotation":{"angle":22.5,"axis":"x","origin":[8,4.44057,8.01]},"faces":{"north":{"uv":[1,1.5,1.5,9],"texture":"#0"},"east":{"uv":[2.5,1.5,1,9],"texture":"#0"},"south":{"uv":[2,1.5,2.5,9],"texture":"#0"},"west":{"uv":[1,1.5,2.5,9],"texture":"#0"},"up":{"uv":[2.5,1.5,1,2],"rotation":270,"texture":"#0"},"down":{"uv":[2.5,8.5,1,9],"rotation":90,"texture":"#0"}}},{"from":[7.49,-10.73612,3.50571],"to":[8.49,-7.73612,6.50571],"rotation":{"angle":-22.5,"axis":"x","origin":[8,4.44057,8.01]},"faces":{"north":{"uv":[6,0,6.5,1.5],"texture":"#0"},"east":{"uv":[7.5,0,6,1.5],"texture":"#0"},"south":{"uv":[7,0,7.5,1.5],"texture":"#0"},"west":{"uv":[6,0,7.5,1.5],"texture":"#0"},"down":{"uv":[7.5,1,6,1.5],"rotation":90,"texture":"#0"}}}],"gui_light":"front","display":{"thirdperson_righthand":{"translation":[-0.25,3,0.75],"scale":[0.6,0.6,0.6]},"thirdperson_lefthand":{"translation":[-0.25,3,0.75],"scale":[0.6,0.6,0.6]},"firstperson_righthand":{"rotation":[0,22,0],"translation":[3.25,0,-5.5],"scale":[0.54883,0.54883,0.54883]},"firstperson_lefthand":{"rotation":[0,22,0],"translation":[3.25,0,-5.5],"scale":[0.54883,0.54883,0.54883]},"ground":{"rotation":[94,85,0],"translation":[0,0.25,-0.75],"scale":[0.5,0.5,0.5]},"gui":{"rotation":[-90,45,88],"translation":[-1,-1,0],"scale":[0.48,0.48,0.48]},"head":{"rotation":[90,-171,90],"translation":[-2.25,9.25,0.25],"scale":[0.7,0.7,0.7]},"fixed":{"rotation":[0,90,0],"translation":[0,0.25,-1.25],"scale":[1.2,1.2,1.2]}}}