{
	"credit": "Made with Blockbench",
	"texture_size": [128, 128],
	"textures": {
		"0": "elitecreatures:krampus_animated/krampus_texture",
		"2": "elitecreatures:krampus_animated/krampus_animation2",
		"particle": "elitecreatures:krampus_animated/krampus_texture"
	},
	"elements": [
		{
			"from": [6, 6.5, 5],
			"to": [10, 11.5, 10],
			"rotation": {"angle": -45, "axis": "x", "origin": [8, 9.5, 8]},
			"faces": {
				"north": {"uv": [0, 0.625, 0.625, 1.125], "rotation": 90, "texture": "#0"},
				"east": {"uv": [0, 0.625, 0.625, 0], "rotation": 90, "texture": "#0"},
				"south": {"uv": [0, 1.125, 0.625, 1.625], "rotation": 90, "texture": "#0"},
				"west": {"uv": [0, 0, 0.625, 0.625], "rotation": 90, "texture": "#0"},
				"up": {"uv": [0.625, 1.125, 0, 1.625], "rotation": 90, "texture": "#0"},
				"down": {"uv": [0, 0.625, 0.625, 1.125], "rotation": 90, "texture": "#0"}
			}
		},
		{
			"from": [8.3, 5, 6],
			"to": [12.3, 9, 6],
			"rotation": {"angle": 22.5, "axis": "y", "origin": [10.3, 7, 6]},
			"faces": {
				"north": {"uv": [5.625, 0, 5.125, 0.5], "rotation": 90, "texture": "#0"},
				"east": {"uv": [0, 0, 0, 12], "texture": "#missing"},
				"south": {"uv": [5.125, 0, 5.625, 0.5], "rotation": 270, "texture": "#0"},
				"west": {"uv": [0, 0, 0, 12], "rotation": 180, "texture": "#missing"},
				"up": {"uv": [0, 12, 0, 0], "rotation": 90, "texture": "#missing"},
				"down": {"uv": [0, 12, 0, 0], "rotation": 90, "texture": "#missing"}
			}
		},
		{
			"from": [10.1, 6.5, 5],
			"to": [10.1, 11.5, 10],
			"rotation": {"angle": -45, "axis": "x", "origin": [8.1, 9.5, 8]},
			"faces": {
				"north": {"uv": [0, 0, 0, 10], "texture": "#2"},
				"east": {"uv": [10, 0, 0, 10], "texture": "#2"},
				"south": {"uv": [0, 0, 0, 10], "texture": "#2"},
				"west": {"uv": [0, 0, 10, 10], "texture": "#2"},
				"up": {"uv": [0, 10, 0, 0], "texture": "#2"},
				"down": {"uv": [0, 0, 0, 10], "texture": "#2"}
			}
		},
		{
			"from": [8.3, 5, 10],
			"to": [12.3, 9, 10],
			"rotation": {"angle": -22.5, "axis": "y", "origin": [10.3, 7, 10]},
			"faces": {
				"north": {"uv": [5.125, 0.5, 5.625, 0], "rotation": 270, "texture": "#0"},
				"east": {"uv": [0, 0, 0, 12], "texture": "#missing"},
				"south": {"uv": [5.625, 0.5, 5.125, 0], "rotation": 90, "texture": "#0"},
				"west": {"uv": [0, 0, 0, 12], "rotation": 180, "texture": "#missing"},
				"up": {"uv": [0, 12, 0, 0], "rotation": 90, "texture": "#missing"},
				"down": {"uv": [0, 12, 0, 0], "rotation": 90, "texture": "#missing"}
			}
		},
		{
			"from": [3.7, 5, 10],
			"to": [7.7, 9, 10],
			"rotation": {"angle": 22.5, "axis": "y", "origin": [5.7, 7, 10]},
			"faces": {
				"north": {"uv": [5.125, 0, 5.625, 0.5], "rotation": 270, "texture": "#0"},
				"east": {"uv": [0, 0, 0, 12], "rotation": 180, "texture": "#missing"},
				"south": {"uv": [5.625, 0, 5.125, 0.5], "rotation": 90, "texture": "#0"},
				"west": {"uv": [0, 0, 0, 12], "texture": "#missing"},
				"up": {"uv": [0, 0, 0, 12], "rotation": 90, "texture": "#missing"},
				"down": {"uv": [0, 0, 0, 12], "rotation": 90, "texture": "#missing"}
			}
		},
		{
			"from": [5.9, 6.5, 5],
			"to": [5.9, 11.5, 10],
			"rotation": {"angle": -45, "axis": "x", "origin": [7.9, 9.5, 8]},
			"faces": {
				"north": {"uv": [0, 0, 0, 10], "texture": "#2"},
				"east": {"uv": [10, 0, 0, 10], "texture": "#2"},
				"south": {"uv": [0, 0, 0, 10], "texture": "#2"},
				"west": {"uv": [0, 0, 10, 10], "texture": "#2"},
				"up": {"uv": [0, 10, 0, 0], "texture": "#2"},
				"down": {"uv": [0, 0, 0, 10], "texture": "#2"}
			}
		},
		{
			"from": [3.7, 5, 6],
			"to": [7.7, 9, 6],
			"rotation": {"angle": -22.5, "axis": "y", "origin": [5.7, 7, 6]},
			"faces": {
				"north": {"uv": [5.625, 0.5, 5.125, 0], "rotation": 90, "texture": "#0"},
				"east": {"uv": [0, 0, 0, 12], "rotation": 180, "texture": "#missing"},
				"south": {"uv": [5.125, 0.5, 5.625, 0], "rotation": 270, "texture": "#0"},
				"west": {"uv": [0, 0, 0, 12], "texture": "#missing"},
				"up": {"uv": [0, 0, 0, 12], "rotation": 90, "texture": "#missing"},
				"down": {"uv": [0, 0, 0, 12], "rotation": 90, "texture": "#missing"}
			}
		},
		{
			"from": [6.75, 13, 3.5],
			"to": [9.25, 18, 6],
			"rotation": {"angle": 22.5, "axis": "x", "origin": [8.3, 15.5, 5]},
			"faces": {
				"north": {"uv": [1.25, 1, 0.9375, 1.625], "texture": "#0"},
				"east": {"uv": [0.625, 1, 0.9375, 1.625], "texture": "#0"},
				"south": {"uv": [1.5625, 1, 1.25, 1.625], "texture": "#0"},
				"west": {"uv": [0.9375, 1, 0.625, 1.625], "texture": "#0"},
				"up": {"uv": [1.9375, 0, 1.625, 0.3125], "texture": "#0"},
				"down": {"uv": [1.9375, 0, 1.625, 0.3125], "texture": "#0"}
			}
		},
		{
			"from": [6.5, 7.5, 1.5],
			"to": [9.5, 10.5, 6.5],
			"rotation": {"angle": 45, "axis": "x", "origin": [8.5, 10, 8.5]},
			"faces": {
				"north": {"uv": [0.625, 1, 1, 0.625], "rotation": 90, "texture": "#0"},
				"east": {"uv": [0.625, 0, 1, 0.625], "rotation": 90, "texture": "#0"},
				"south": {"uv": [1.75, 3.6875, 2.375, 3.1875], "rotation": 90, "texture": "#0"},
				"west": {"uv": [0.625, 0.625, 1, 0], "rotation": 90, "texture": "#0"},
				"up": {"uv": [1, 0.75, 1.625, 0.375], "rotation": 90, "texture": "#0"},
				"down": {"uv": [1, 0.375, 1.625, 0], "rotation": 90, "texture": "#0"}
			}
		},
		{
			"from": [6.75, 13, 10],
			"to": [9.25, 18, 12.5],
			"rotation": {"angle": -22.5, "axis": "x", "origin": [8.3, 15.5, 11]},
			"faces": {
				"north": {"uv": [1.25, 1, 1.5625, 1.625], "texture": "#0"},
				"east": {"uv": [0.9375, 1, 0.625, 1.625], "texture": "#0"},
				"south": {"uv": [0.9375, 1, 1.25, 1.625], "texture": "#0"},
				"west": {"uv": [0.625, 1, 0.9375, 1.625], "texture": "#0"},
				"up": {"uv": [1.9375, 0.3125, 1.625, 0], "texture": "#0"},
				"down": {"uv": [1.9375, 0.3125, 1.625, 0], "texture": "#0"}
			}
		},
		{
			"from": [9, 17, 2.1],
			"to": [9, 23, 6.1],
			"rotation": {"angle": 0, "axis": "y", "origin": [8.7, 19.5, 4.6]},
			"faces": {
				"north": {"uv": [0.9375, 1, 1.25, 1.625], "texture": "#0"},
				"east": {"uv": [4.5625, 0, 5.0625, 0.75], "texture": "#0"},
				"south": {"uv": [1.25, 1, 1.5625, 1.625], "texture": "#0"},
				"west": {"uv": [5.0625, 0, 4.5625, 0.75], "texture": "#0"},
				"up": {"uv": [1.625, 0, 1.9375, 0.3125], "texture": "#0"},
				"down": {"uv": [1.625, 0, 1.9375, 0.3125], "texture": "#0"}
			}
		},
		{
			"from": [9, 17, 9.9],
			"to": [9, 23, 13.9],
			"rotation": {"angle": 0, "axis": "y", "origin": [8.7, 19.5, 11.4]},
			"faces": {
				"north": {"uv": [1.5625, 1, 1.25, 1.625], "texture": "#0"},
				"east": {"uv": [5.0625, 0, 4.5625, 0.75], "texture": "#0"},
				"south": {"uv": [1.25, 1, 0.9375, 1.625], "texture": "#0"},
				"west": {"uv": [4.5625, 0, 5.0625, 0.75], "texture": "#0"},
				"up": {"uv": [1.625, 0.3125, 1.9375, 0], "texture": "#0"},
				"down": {"uv": [1.625, 0.3125, 1.9375, 0], "texture": "#0"}
			}
		},
		{
			"from": [7, 17, 2.1],
			"to": [7, 23, 6.1],
			"rotation": {"angle": 0, "axis": "y", "origin": [7.3, 19.5, 4.6]},
			"faces": {
				"north": {"uv": [1.25, 1, 0.9375, 1.625], "texture": "#0"},
				"east": {"uv": [4.5625, 0, 5.0625, 0.75], "texture": "#0"},
				"south": {"uv": [1.5625, 1, 1.25, 1.625], "texture": "#0"},
				"west": {"uv": [5.0625, 0, 4.5625, 0.75], "texture": "#0"},
				"up": {"uv": [1.9375, 0, 1.625, 0.3125], "texture": "#0"},
				"down": {"uv": [1.9375, 0, 1.625, 0.3125], "texture": "#0"}
			}
		},
		{
			"from": [7, 17, 9.9],
			"to": [7, 23, 13.9],
			"rotation": {"angle": 0, "axis": "y", "origin": [7.3, 19.5, 11.4]},
			"faces": {
				"north": {"uv": [1.25, 1, 1.5625, 1.625], "texture": "#0"},
				"east": {"uv": [5.0625, 0, 4.5625, 0.75], "texture": "#0"},
				"south": {"uv": [0.9375, 1, 1.25, 1.625], "texture": "#0"},
				"west": {"uv": [4.5625, 0, 5.0625, 0.75], "texture": "#0"},
				"up": {"uv": [1.9375, 0.3125, 1.625, 0], "texture": "#0"},
				"down": {"uv": [1.9375, 0.3125, 1.625, 0], "texture": "#0"}
			}
		},
		{
			"from": [6.5, 7.5, 9.5],
			"to": [9.5, 10.5, 14.5],
			"rotation": {"angle": -45, "axis": "x", "origin": [8.5, 10, 7.5]},
			"faces": {
				"north": {"uv": [1.75, 3.1875, 2.375, 3.6875], "rotation": 90, "texture": "#0"},
				"east": {"uv": [0.625, 0.625, 1, 0], "rotation": 90, "texture": "#0"},
				"south": {"uv": [0.625, 0.625, 1, 1], "rotation": 90, "texture": "#0"},
				"west": {"uv": [0.625, 0, 1, 0.625], "rotation": 90, "texture": "#0"},
				"up": {"uv": [1.625, 0.75, 1, 0.375], "rotation": 90, "texture": "#0"},
				"down": {"uv": [1.625, 0.375, 1, 0], "rotation": 90, "texture": "#0"}
			}
		},
		{
			"from": [7, -12, 7],
			"to": [9, 5, 9],
			"rotation": {"angle": 45, "axis": "y", "origin": [8, -8, 8]},
			"faces": {
				"north": {"uv": [3.625, 2.75, 3.375, 4.875], "texture": "#0"},
				"east": {"uv": [3.375, 2.75, 3.625, 4.875], "texture": "#0"},
				"south": {"uv": [3.625, 2.75, 3.375, 4.875], "texture": "#0"},
				"west": {"uv": [3.375, 2.75, 3.625, 4.875], "texture": "#0"},
				"up": {"uv": [3.625, 2.75, 3.375, 3], "texture": "#0"},
				"down": {"uv": [3.625, 2.75, 3.375, 3], "texture": "#0"}
			}
		},
		{
			"from": [6.75, 5, 6.75],
			"to": [9.25, 7.5, 9.25],
			"rotation": {"angle": 45, "axis": "y", "origin": [8, 1.5, 8]},
			"faces": {
				"north": {"uv": [2.8125, 2.5625, 2.5, 2.25], "texture": "#0"},
				"east": {"uv": [2.5, 2.5625, 2.8125, 2.25], "texture": "#0"},
				"south": {"uv": [2.8125, 2.5625, 2.5, 2.25], "texture": "#0"},
				"west": {"uv": [2.5, 2.5625, 2.8125, 2.25], "texture": "#0"},
				"up": {"uv": [2.8125, 2.875, 2.5, 2.5625], "texture": "#0"},
				"down": {"uv": [2.8125, 2.875, 2.5, 2.5625], "texture": "#0"}
			}
		},
		{
			"from": [6.25, -14, 6.5],
			"to": [10.25, -11, 10.5],
			"rotation": {"angle": -22.5, "axis": "x", "origin": [8.25, -12.5, 8.5]},
			"faces": {
				"north": {"uv": [3.8125, 0.75, 3.3125, 0.375], "texture": "#0"},
				"east": {"uv": [3.8125, 0.375, 3.3125, 0], "texture": "#0"},
				"south": {"uv": [3.8125, 0.75, 3.3125, 0.375], "texture": "#0"},
				"west": {"uv": [3.8125, 0.375, 3.3125, 0], "texture": "#0"},
				"up": {"uv": [3.8125, 1.25, 3.3125, 0.75], "texture": "#0"},
				"down": {"uv": [3.8125, 1.25, 3.3125, 0.75], "texture": "#0"}
			}
		},
		{
			"from": [8.25, -12, 10],
			"to": [8.25, -7.5, 16],
			"rotation": {"angle": 45, "axis": "x", "origin": [8.25, -10, 4.5]},
			"faces": {
				"north": {"uv": [3.8125, 1.25, 3.3125, 0.75], "rotation": 180, "texture": "#0"},
				"east": {"uv": [4.4375, 0, 3.875, 0.75], "rotation": 270, "texture": "#0"},
				"south": {"uv": [3.8125, 1.25, 3.3125, 0.75], "texture": "#0"},
				"west": {"uv": [4.4375, 0.75, 3.875, 0], "rotation": 270, "texture": "#0"},
				"up": {"uv": [3.8125, 0.75, 3.3125, 0.375], "texture": "#0"},
				"down": {"uv": [3.8125, 0.75, 3.3125, 0.375], "rotation": 180, "texture": "#0"}
			}
		},
		{
			"from": [6.5, 3, 1.3],
			"to": [9.5, 4, 4.3],
			"rotation": {"angle": 0, "axis": "y", "origin": [8, 4.625, 2.8]},
			"faces": {
				"north": {"uv": [2.3125, 2.8125, 1.9375, 2.9375], "texture": "#0"},
				"east": {"uv": [2.3125, 2.6875, 1.9375, 2.8125], "texture": "#0"},
				"south": {"uv": [1.9375, 2.9375, 2.3125, 3.0625], "texture": "#0"},
				"west": {"uv": [1.9375, 2.6875, 2.3125, 2.8125], "texture": "#0"},
				"up": {"uv": [3.0625, 1.5625, 3.4375, 1.9375], "texture": "#0"},
				"down": {"uv": [3.4375, 1.5625, 3.8125, 1.9375], "texture": "#0"}
			}
		},
		{
			"from": [8, 4, 0.8],
			"to": [8, 7.5, 4.8],
			"rotation": {"angle": 45, "axis": "y", "origin": [8, 4.625, 2.8]},
			"faces": {
				"north": {"uv": [0, 0, 0, 0.4375], "texture": "#missing"},
				"east": {"uv": [5.0625, 0.875, 4.5625, 1.3125], "texture": "#0"},
				"south": {"uv": [0, 0, 0, 0.4375], "texture": "#missing"},
				"west": {"uv": [4.5625, 0.875, 5.0625, 1.3125], "texture": "#0"},
				"up": {"uv": [0, 0, 0, 0.5], "texture": "#missing"},
				"down": {"uv": [0, 0, 0, 0.5], "texture": "#missing"}
			}
		},
		{
			"from": [8, 4, 0.8],
			"to": [8, 7.5, 4.8],
			"rotation": {"angle": -45, "axis": "y", "origin": [8, 4.625, 2.8]},
			"faces": {
				"north": {"uv": [0, 0, 0, 0.4375], "texture": "#missing"},
				"east": {"uv": [5.0625, 0.875, 4.5625, 1.3125], "texture": "#0"},
				"south": {"uv": [0, 0, 0, 0.4375], "texture": "#missing"},
				"west": {"uv": [4.5625, 0.875, 5.0625, 1.3125], "texture": "#0"},
				"up": {"uv": [0, 0, 0, 0.5], "texture": "#missing"},
				"down": {"uv": [0, 0, 0, 0.5], "texture": "#missing"}
			}
		},
		{
			"from": [6.5, 7, 10],
			"to": [6.5, 11, 15],
			"rotation": {"angle": -22.5, "axis": "y", "origin": [6.5, 8, 11]},
			"faces": {
				"north": {"uv": [0, 0, 0, 0.5], "texture": "#missing"},
				"east": {"uv": [4.5, 0.8125, 3.875, 1.3125], "texture": "#0"},
				"south": {"uv": [0, 0, 0, 0.5], "texture": "#missing"},
				"west": {"uv": [3.875, 0.8125, 4.5, 1.3125], "texture": "#0"},
				"up": {"uv": [0, 0, 0, 0.625], "texture": "#missing"},
				"down": {"uv": [0, 0, 0, 0.625], "texture": "#missing"}
			}
		},
		{
			"from": [6.5, 7, 1],
			"to": [6.5, 11, 6],
			"rotation": {"angle": 22.5, "axis": "y", "origin": [6.5, 8, 5]},
			"faces": {
				"north": {"uv": [0, 0, 0, 0.5], "texture": "#missing"},
				"east": {"uv": [3.875, 0.8125, 4.5, 1.3125], "texture": "#0"},
				"south": {"uv": [0, 0, 0, 0.5], "texture": "#missing"},
				"west": {"uv": [4.5, 0.8125, 3.875, 1.3125], "texture": "#0"},
				"up": {"uv": [0, 0.625, 0, 0], "texture": "#missing"},
				"down": {"uv": [0, 0.625, 0, 0], "texture": "#missing"}
			}
		},
		{
			"from": [9.5, 7, 10],
			"to": [9.5, 11, 15],
			"rotation": {"angle": 22.5, "axis": "y", "origin": [9.5, 8, 11]},
			"faces": {
				"north": {"uv": [0, 0, 0, 0.5], "texture": "#missing"},
				"east": {"uv": [4.5, 0.8125, 3.875, 1.3125], "texture": "#0"},
				"south": {"uv": [0, 0, 0, 0.5], "texture": "#missing"},
				"west": {"uv": [3.875, 0.8125, 4.5, 1.3125], "texture": "#0"},
				"up": {"uv": [0, 0, 0, 0.625], "texture": "#missing"},
				"down": {"uv": [0, 0, 0, 0.625], "texture": "#missing"}
			}
		},
		{
			"from": [9.5, 7, 1],
			"to": [9.5, 11, 6],
			"rotation": {"angle": -22.5, "axis": "y", "origin": [9.5, 8, 5]},
			"faces": {
				"north": {"uv": [0, 0, 0, 0.5], "texture": "#missing"},
				"east": {"uv": [3.875, 0.8125, 4.5, 1.3125], "texture": "#0"},
				"south": {"uv": [0, 0, 0, 0.5], "texture": "#missing"},
				"west": {"uv": [4.5, 0.8125, 3.875, 1.3125], "texture": "#0"},
				"up": {"uv": [0, 0.625, 0, 0], "texture": "#missing"},
				"down": {"uv": [0, 0.625, 0, 0], "texture": "#missing"}
			}
		},
		{
			"from": [7.5, 5.02598, 9.36898],
			"to": [8.5, 6.02598, 11.86898],
			"rotation": {"angle": 22.5, "axis": "x", "origin": [8, 5.12545, 9.93149]},
			"faces": {
				"north": {"uv": [1.9375, 0.75, 1.8125, 0.625], "rotation": 90, "texture": "#0"},
				"east": {"uv": [1.9375, 0.625, 1.8125, 0.3125], "rotation": 90, "texture": "#0"},
				"south": {"uv": [1.9375, 0.75, 1.8125, 0.625], "rotation": 90, "texture": "#0"},
				"west": {"uv": [1.9375, 0.3125, 1.8125, 0.625], "rotation": 90, "texture": "#0"},
				"up": {"uv": [3.375, 1.5625, 3.0625, 1.4375], "rotation": 90, "texture": "#0"},
				"down": {"uv": [3.375, 1.5625, 3.0625, 1.4375], "rotation": 90, "texture": "#0"}
			}
		},
		{
			"from": [7.25, 4.32837, 7.91215],
			"to": [8.75, 6.32837, 10.41215],
			"rotation": {"angle": -22.5, "axis": "x", "origin": [8, 5.12545, 9.93149]},
			"faces": {
				"north": {"uv": [1.5625, 1, 1.375, 0.75], "texture": "#0"},
				"east": {"uv": [3.75, 1.5, 3.4375, 1.25], "texture": "#0"},
				"south": {"uv": [1.5625, 1, 1.375, 0.75], "texture": "#0"},
				"west": {"uv": [3.4375, 1.5, 3.75, 1.25], "texture": "#0"},
				"up": {"uv": [3.0625, 1.4375, 3.4375, 1.25], "rotation": 90, "texture": "#0"},
				"down": {"uv": [3.0625, 1.4375, 3.4375, 1.25], "rotation": 90, "texture": "#0"}
			}
		},
		{
			"from": [7.25, 4.32837, 5.58785],
			"to": [8.75, 6.32837, 8.08785],
			"rotation": {"angle": 22.5, "axis": "x", "origin": [8, 5.12545, 6.06851]},
			"faces": {
				"north": {"uv": [1.375, 1, 1.5625, 0.75], "texture": "#0"},
				"east": {"uv": [3.4375, 1.5, 3.75, 1.25], "texture": "#0"},
				"south": {"uv": [1.375, 1, 1.5625, 0.75], "texture": "#0"},
				"west": {"uv": [3.75, 1.5, 3.4375, 1.25], "texture": "#0"},
				"up": {"uv": [3.4375, 1.4375, 3.0625, 1.25], "rotation": 90, "texture": "#0"},
				"down": {"uv": [3.4375, 1.4375, 3.0625, 1.25], "rotation": 90, "texture": "#0"}
			}
		},
		{
			"from": [7.5, 5.02598, 4.13102],
			"to": [8.5, 6.02598, 6.63102],
			"rotation": {"angle": -22.5, "axis": "x", "origin": [8, 5.12545, 6.06851]},
			"faces": {
				"north": {"uv": [1.9375, 0.625, 1.8125, 0.75], "rotation": 90, "texture": "#0"},
				"east": {"uv": [1.9375, 0.3125, 1.8125, 0.625], "rotation": 90, "texture": "#0"},
				"south": {"uv": [1.9375, 0.625, 1.8125, 0.75], "rotation": 90, "texture": "#0"},
				"west": {"uv": [1.9375, 0.625, 1.8125, 0.3125], "rotation": 90, "texture": "#0"},
				"up": {"uv": [3.0625, 1.5625, 3.375, 1.4375], "rotation": 90, "texture": "#0"},
				"down": {"uv": [3.0625, 1.5625, 3.375, 1.4375], "rotation": 90, "texture": "#0"}
			}
		},
		{
			"from": [6.75, 7.28298, 8.53283],
			"to": [9.25, 9.78298, 13.53283],
			"rotation": {"angle": 0, "axis": "y", "origin": [7.95, 9.28825, 12.77369]},
			"faces": {
				"north": {"uv": [1.9375, 0.3125, 1.625, 0], "rotation": 180, "texture": "#0"},
				"east": {"uv": [0.9375, 1, 0.625, 1.625], "rotation": 270, "texture": "#0"},
				"south": {"uv": [1.9375, 0.3125, 1.625, 0], "texture": "#0"},
				"west": {"uv": [0.625, 1, 0.9375, 1.625], "rotation": 90, "texture": "#0"},
				"up": {"uv": [1.25, 1, 1.5625, 1.625], "rotation": 180, "texture": "#0"},
				"down": {"uv": [0.9375, 1, 1.25, 1.625], "texture": "#0"}
			}
		},
		{
			"from": [7.9, 7.65223, 12.093],
			"to": [7.9, 13.65223, 16.093],
			"rotation": {"angle": 22.5, "axis": "x", "origin": [7.95, 9.28825, 12.77369]},
			"faces": {
				"north": {"uv": [1.25, 1, 1.5625, 1.625], "texture": "#0"},
				"east": {"uv": [5.0625, 0, 4.5625, 0.75], "texture": "#0"},
				"south": {"uv": [0.9375, 1, 1.25, 1.625], "texture": "#0"},
				"west": {"uv": [4.5625, 0, 5.0625, 0.75], "texture": "#0"},
				"up": {"uv": [1.9375, 0.3125, 1.625, 0], "texture": "#0"},
				"down": {"uv": [1.9375, 0.3125, 1.625, 0], "texture": "#0"}
			}
		},
		{
			"from": [6.75, 7.28298, 2.46717],
			"to": [9.25, 9.78298, 7.46717],
			"rotation": {"angle": 0, "axis": "y", "origin": [7.95, 9.28825, 3.22631]},
			"faces": {
				"north": {"uv": [1.625, 0.3125, 1.9375, 0], "texture": "#0"},
				"east": {"uv": [0.9375, 1.625, 0.625, 1], "rotation": 270, "texture": "#0"},
				"south": {"uv": [1.625, 0.3125, 1.9375, 0], "rotation": 180, "texture": "#0"},
				"west": {"uv": [0.625, 1.625, 0.9375, 1], "rotation": 90, "texture": "#0"},
				"up": {"uv": [1.25, 1.625, 1.5625, 1], "rotation": 180, "texture": "#0"},
				"down": {"uv": [0.9375, 1.625, 1.25, 1], "texture": "#0"}
			}
		},
		{
			"from": [7.9, 7.65223, -0.093],
			"to": [7.9, 13.65223, 3.907],
			"rotation": {"angle": -22.5, "axis": "x", "origin": [7.95, 9.28825, 3.22631]},
			"faces": {
				"north": {"uv": [1.25, 1, 0.9375, 1.625], "texture": "#0"},
				"east": {"uv": [4.5625, 0, 5.0625, 0.75], "texture": "#0"},
				"south": {"uv": [1.5625, 1, 1.25, 1.625], "texture": "#0"},
				"west": {"uv": [5.0625, 0, 4.5625, 0.75], "texture": "#0"},
				"up": {"uv": [1.9375, 0, 1.625, 0.3125], "texture": "#0"},
				"down": {"uv": [1.9375, 0, 1.625, 0.3125], "texture": "#0"}
			}
		},
		{
			"from": [7.55, 23.8, 5.6],
			"to": [8.45, 26.3, 8.1],
			"rotation": {"angle": 45, "axis": "x", "origin": [8.1, 23.9, 8]},
			"faces": {
				"north": {"uv": [9.0625, 8.75, 9.1875, 9.0625], "texture": "#0"},
				"east": {"uv": [9.1875, 8.4375, 8.875, 8.75], "texture": "#0"},
				"south": {"uv": [8.875, 8.75, 9, 9.0625], "texture": "#0"},
				"west": {"uv": [8.875, 8.4375, 9.1875, 8.75], "texture": "#0"},
				"up": {"uv": [8.875, 8.75, 9, 9.0625], "texture": "#0"},
				"down": {"uv": [8.875, 8.75, 9, 9.0625], "texture": "#0"}
			}
		},
		{
			"from": [7.5, 12, 6.75],
			"to": [8.5, 26, 9.25],
			"rotation": {"angle": 0, "axis": "y", "origin": [-0.5, 3, 4.7]},
			"faces": {
				"north": {"uv": [9.9375, 9.375, 9.8125, 11.125], "texture": "#0"},
				"east": {"uv": [9.5, 9.375, 9.8125, 11.125], "texture": "#0"},
				"south": {"uv": [9.9375, 9.375, 9.8125, 11.125], "texture": "#0"},
				"west": {"uv": [9.8125, 9.375, 9.5, 11.125], "texture": "#0"},
				"up": {"uv": [0, 0, 0, 0], "texture": "#0"},
				"down": {"uv": [0, 0, 0, 0], "texture": "#0"}
			}
		},
		{
			"from": [7.55, 22.1, 10.3],
			"to": [8.45, 23.1, 11.3],
			"rotation": {"angle": 45, "axis": "x", "origin": [8.1, 22.2, 12.2]},
			"faces": {
				"north": {"uv": [9.1875, 7.0625, 9.3125, 7.1875], "texture": "#0"},
				"east": {"uv": [9.1875, 6.9375, 9.3125, 7.0625], "texture": "#0"},
				"south": {"uv": [9.1875, 7.0625, 9.3125, 7.1875], "texture": "#0"},
				"west": {"uv": [9.1875, 6.9375, 9.3125, 7.0625], "texture": "#0"},
				"up": {"uv": [9.1875, 7.1875, 9.3125, 7.3125], "texture": "#0"},
				"down": {"uv": [9.1875, 7.1875, 9.3125, 7.3125], "texture": "#0"}
			}
		},
		{
			"from": [7.5, 16.5, 10.75],
			"to": [8.5, 23.5, 12.25],
			"rotation": {"angle": 0, "axis": "y", "origin": [-0.5, 0.5, 8.7]},
			"faces": {
				"north": {"uv": [9.3125, 7.3125, 9.1875, 7.5], "texture": "#0"},
				"east": {"uv": [9.1875, 8.375, 9.375, 9.25], "texture": "#0"},
				"south": {"uv": [9.3125, 7.5, 9.1875, 8.375], "texture": "#0"},
				"west": {"uv": [9.375, 8.375, 9.1875, 9.25], "texture": "#0"},
				"up": {"uv": [9.3125, 7.3125, 9.1875, 7.5], "texture": "#0"},
				"down": {"uv": [9.3125, 7.3125, 9.1875, 7.5], "texture": "#0"}
			}
		},
		{
			"from": [7.55, 22.1, 4.7],
			"to": [8.45, 23.1, 5.7],
			"rotation": {"angle": -45, "axis": "x", "origin": [8.1, 22.2, 3.8]},
			"faces": {
				"north": {"uv": [9.3125, 7.0625, 9.1875, 7.1875], "texture": "#0"},
				"east": {"uv": [9.3125, 6.9375, 9.1875, 7.0625], "texture": "#0"},
				"south": {"uv": [9.3125, 7.0625, 9.1875, 7.1875], "texture": "#0"},
				"west": {"uv": [9.3125, 6.9375, 9.1875, 7.0625], "texture": "#0"},
				"up": {"uv": [9.1875, 7.3125, 9.3125, 7.1875], "texture": "#0"},
				"down": {"uv": [9.1875, 7.3125, 9.3125, 7.1875], "texture": "#0"}
			}
		},
		{
			"from": [7.5, 16.5, 3.75],
			"to": [8.5, 23.5, 5.25],
			"rotation": {"angle": 0, "axis": "y", "origin": [-0.5, 0.5, 7.3]},
			"faces": {
				"north": {"uv": [9.1875, 7.5, 9.3125, 8.375], "texture": "#0"},
				"east": {"uv": [9.375, 8.375, 9.1875, 9.25], "texture": "#0"},
				"south": {"uv": [9.1875, 7.3125, 9.3125, 7.5], "texture": "#0"},
				"west": {"uv": [9.1875, 8.375, 9.375, 9.25], "texture": "#0"},
				"up": {"uv": [9.3125, 7.5, 9.1875, 7.3125], "texture": "#0"},
				"down": {"uv": [9.3125, 7.5, 9.1875, 7.3125], "texture": "#0"}
			}
		},
		{
			"from": [7.55, 13.5, 8.95],
			"to": [8.25, 25.5, 9.65],
			"rotation": {"angle": -45, "axis": "y", "origin": [8, 14, 9.4]},
			"faces": {
				"north": {"uv": [10.0625, 9.375, 10, 10.875], "texture": "#0"},
				"east": {"uv": [10.0625, 9.375, 10, 10.875], "texture": "#0"},
				"south": {"uv": [10.0625, 9.375, 10, 10.875], "texture": "#0"},
				"west": {"uv": [10.0625, 9.375, 10, 10.875], "texture": "#0"},
				"up": {"uv": [10.0625, 9.375, 10, 10.875], "texture": "#0"},
				"down": {"uv": [10.0625, 9.375, 10, 10.875], "texture": "#0"}
			}
		},
		{
			"from": [7.55, 13.5, 6.35],
			"to": [8.25, 25.5, 7.05],
			"rotation": {"angle": 45, "axis": "y", "origin": [8, 14, 6.6]},
			"faces": {
				"north": {"uv": [9.9375, 9.375, 10, 10.875], "texture": "#0"},
				"east": {"uv": [9.9375, 9.375, 10, 10.875], "texture": "#0"},
				"south": {"uv": [11.625, 4.6875, 11.6875, 6.1875], "texture": "#0"},
				"west": {"uv": [9.9375, 9.375, 10, 10.875], "texture": "#0"},
				"up": {"uv": [10, 9.4375, 9.9375, 9.375], "texture": "#0"},
				"down": {"uv": [10, 9.4375, 9.9375, 9.375], "texture": "#0"}
			}
		},
		{
			"from": [7.55, 12, 3.6],
			"to": [8.45, 15.5, 7.1],
			"rotation": {"angle": 45, "axis": "x", "origin": [8, 12, 6.6]},
			"faces": {
				"north": {"uv": [9.9375, 8.9375, 9.8125, 9.375], "texture": "#0"},
				"east": {"uv": [9.8125, 8.9375, 9.375, 9.375], "texture": "#0"},
				"south": {"uv": [9.9375, 8.9375, 9.8125, 9.375], "texture": "#0"},
				"west": {"uv": [9.8125, 8.9375, 9.375, 9.375], "texture": "#0"},
				"up": {"uv": [9.9375, 8.9375, 9.8125, 9.375], "texture": "#0"},
				"down": {"uv": [9.9375, 8.9375, 9.8125, 9.375], "texture": "#0"}
			}
		},
		{
			"from": [7.55, 12, 8.9],
			"to": [8.45, 15.5, 12.4],
			"rotation": {"angle": -45, "axis": "x", "origin": [8, 12, 9.4]},
			"faces": {
				"north": {"uv": [9.8125, 8.9375, 9.9375, 9.375], "texture": "#0"},
				"east": {"uv": [9.375, 8.9375, 9.8125, 9.375], "texture": "#0"},
				"south": {"uv": [9.8125, 8.9375, 9.9375, 9.375], "texture": "#0"},
				"west": {"uv": [9.375, 8.9375, 9.8125, 9.375], "texture": "#0"},
				"up": {"uv": [9.9375, 9.375, 9.8125, 8.9375], "texture": "#0"},
				"down": {"uv": [9.9375, 9.375, 9.8125, 8.9375], "texture": "#0"}
			}
		}
	],
	"gui_light": "front",
	"display": {
		"thirdperson_righthand": {
			"translation": [0, 6, 1.25],
			"scale": [0.6, 0.6, 0.6]
		},
		"thirdperson_lefthand": {
			"translation": [0, 6, 1.25],
			"scale": [0.6, 0.6, 0.6]
		},
		"firstperson_righthand": {
			"rotation": [-14, 14, 8],
			"translation": [6.5, 3.75, -5.5],
			"scale": [0.6, 0.6, 0.6]
		},
		"firstperson_lefthand": {
			"rotation": [-14, 14, 8],
			"translation": [6.5, 3.75, -5.5],
			"scale": [0.6, 0.6, 0.6]
		},
		"ground": {
			"rotation": [0, 0, 88],
			"translation": [-2, 2.5, 0.25],
			"scale": [0.45, 0.45, 0.45]
		},
		"gui": {
			"rotation": [-90, -135, -90],
			"translation": [-0.75, 0.75, -1.5],
			"scale": [0.45, 0.45, 0.45]
		},
		"head": {
			"rotation": [90, -156, 90],
			"translation": [-6.5, 10.5, 1.75],
			"scale": [0.6, 0.6, 0.6]
		},
		"fixed": {
			"rotation": [-90, -90, -90],
			"translation": [0, 2.75, -1.75],
			"scale": [1.2, 1.2, 1.2]
		}
	}
}