{"credit":"MadewithBlockbench","textures":{"0":"elitecreatures:steamsparks_animated_weapon_set/texture","1":"elitecreatures:steamsparks_animated_weapon_set/smoke_1","2":"elitecreatures:steamsparks_animated_weapon_set/cog_01","3":"elitecreatures:steamsparks_animated_weapon_set/lightning_1","particle":"elitecreatures:steamsparks_animated_weapon_set/texture"},"elements":[{"from":[7.56203,5.65828,9.3941],"to":[8.43797,7.51723,10.32357],"rotation":{"angle":22.5,"axis":"x","origin":[8.05,6.58776,9.85884]},"faces":{"north":{"uv":[10.8,7.5,10.4,6.8],"rotation":180,"texture":"#0"},"east":{"uv":[11.1,2.4,10.4,2],"rotation":270,"texture":"#0"},"south":{"uv":[10.8,7.6,10.4,8.3],"texture":"#0"},"west":{"uv":[11.1,6.8,10.4,6.4],"rotation":90,"texture":"#0"},"up":{"uv":[4.8,12,4.4,11.6],"rotation":180,"texture":"#0"},"down":{"uv":[12,4.4,11.6,4],"texture":"#0"}}},{"from":[7.51203,5.12302,8.17936],"to":[8.48797,6.05249,10.03831],"rotation":{"angle":-22.5,"axis":"x","origin":[8,5.58776,9.10884]},"faces":{"north":{"uv":[4.8,12,4.4,11.6],"texture":"#0"},"east":{"uv":[11.1,2.4,10.4,2],"texture":"#0"},"south":{"uv":[12,4.4,11.6,4],"texture":"#0"},"west":{"uv":[11.1,6.8,10.4,6.4],"texture":"#0"},"up":{"uv":[10.8,7.6,10.4,8.3],"texture":"#0"},"down":{"uv":[10.8,7.5,10.4,6.8],"texture":"#0"}}},{"from":[7.65609,10.14601,9.83402],"to":[8.34391,11.26138,10.51563],"rotation":{"angle":-45,"axis":"x","origin":[8,11.62224,10.47394]},"faces":{"north":{"uv":[11.9,10.8,11.6,10.4],"texture":"#0"},"east":{"uv":[11.9,10.4,11.6,10],"texture":"#0"},"south":{"uv":[11.9,10,11.6,9.6],"texture":"#0"},"west":{"uv":[11.9,11.2,11.6,10.8],"texture":"#0"},"up":{"uv":[12.3,8.8,12,9.1],"texture":"#0"},"down":{"uv":[9.1,12.3,8.8,12],"texture":"#0"}}},{"from":[7.56625,11.2304,9.74107],"to":[8.43376,11.57121,10.60858],"rotation":{"angle":-45,"axis":"x","origin":[8,11.62224,10.47394]},"faces":{"north":{"uv":[9.5,12.5,9.2,12.4],"texture":"#0"},"east":{"uv":[12.7,8.9,12.4,8.8],"texture":"#0"},"south":{"uv":[9.1,12.5,8.8,12.4],"texture":"#0"},"west":{"uv":[12.7,9.3,12.4,9.2],"texture":"#0"},"up":{"uv":[12.3,8.4,12,8.7],"texture":"#0"},"down":{"uv":[8.7,12.3,8.4,12],"texture":"#0"}}},{"from":[7.41133,10.14601,9.58616],"to":[8.58867,10.48682,10.76349],"rotation":{"angle":-45,"axis":"x","origin":[8,11.62224,10.47394]},"faces":{"north":{"uv":[12.9,7.3,12.4,7.2],"texture":"#0"},"east":{"uv":[7.7,12.5,7.2,12.4],"texture":"#0"},"south":{"uv":[12.9,6.9,12.4,6.8],"texture":"#0"},"west":{"uv":[12.9,7.7,12.4,7.6],"texture":"#0"},"up":{"uv":[11.3,4,10.8,4.5],"texture":"#0"},"down":{"uv":[4.5,11.3,4,10.8],"texture":"#0"}}},{"from":[6.75,7.27619,8.67382],"to":[9.25,9.77619,13.46419],"rotation":{"angle":0,"axis":"x","origin":[7.90491,8.51549,11.75]},"faces":{"north":{"uv":[11.9,0.4,11.8,0.5],"rotation":180,"texture":"#0"},"east":{"uv":[3.2,1,4.2,2.9],"rotation":270,"texture":"#0"},"south":{"uv":[10.6,13.3,9.6,12.3],"texture":"#0"},"west":{"uv":[4.4,0,5.4,2.9],"rotation":90,"texture":"#0"},"up":{"uv":[3.2,1,4.2,2.9],"rotation":180,"texture":"#0"},"down":{"uv":[3.2,2.9,4.2,1],"rotation":180,"texture":"#0"}}},{"from":[8,11.159,8.14268],"to":[8,13.6376,10.62128],"rotation":{"angle":22.5,"axis":"x","origin":[8,11.62224,10.47394]},"faces":{"north":{"uv":[0,1,0,0],"rotation":180,"texture":"#1"},"east":{"uv":[0,0,16,16],"texture":"#1"},"south":{"uv":[0,1,0,0],"rotation":180,"texture":"#1"},"west":{"uv":[16,0,0,16],"texture":"#1"},"up":{"uv":[0,1,0,0],"texture":"#1"},"down":{"uv":[0,0,0,1],"texture":"#1"}}},{"from":[6.5,6.77619,8.63102],"to":[9.5,10.25479,11.60962],"rotation":{"angle":0,"axis":"x","origin":[8,8.51549,12]},"faces":{"north":{"uv":[0,1,0,0],"rotation":180,"texture":"#3"},"east":{"uv":[0,16,16,0],"rotation":180,"texture":"#3"},"south":{"uv":[0,1,0,0],"rotation":180,"texture":"#3"},"west":{"uv":[16,16,0,0],"rotation":180,"texture":"#3"},"up":{"uv":[0,1,0,0],"rotation":180,"texture":"#3"},"down":{"uv":[0,0,0,1],"rotation":180,"texture":"#3"}}},{"from":[7.51203,8.70828,8.2941],"to":[8.48797,10.56723,9.22357],"rotation":{"angle":45,"axis":"x","origin":[8,9.63776,8.75884]},"faces":{"north":{"uv":[10.8,7.6,10.4,8.3],"rotation":180,"texture":"#0"},"east":{"uv":[11.1,2.4,10.4,2],"rotation":90,"texture":"#0"},"south":{"uv":[10.8,7.5,10.4,6.8],"texture":"#0"},"west":{"uv":[11.1,6.8,10.4,6.4],"rotation":270,"texture":"#0"},"up":{"uv":[12,4.4,11.6,4],"texture":"#0"},"down":{"uv":[4.8,12,4.4,11.6],"rotation":180,"texture":"#0"}}},{"from":[7.56203,9.17302,9.01169],"to":[8.43797,10.10249,10.87064],"rotation":{"angle":22.5,"axis":"x","origin":[8.05,9.63776,9.94116]},"faces":{"north":{"uv":[12,4,11.6,4.4],"rotation":180,"texture":"#0"},"east":{"uv":[11.1,2,10.4,2.4],"rotation":180,"texture":"#0"},"south":{"uv":[4.8,11.6,4.4,12],"rotation":180,"texture":"#0"},"west":{"uv":[11.1,6.4,10.4,6.8],"rotation":180,"texture":"#0"},"up":{"uv":[10.4,7.6,10.8,8.3],"rotation":180,"texture":"#0"},"down":{"uv":[10.4,7.5,10.8,6.8],"rotation":180,"texture":"#0"}}},{"from":[7.76763,9.47182,10.93293],"to":[8.23237,10.63366,12.09477],"rotation":{"angle":-22.5,"axis":"x","origin":[8,10.05274,11.51385]},"faces":{"north":{"uv":[4.6,12.5,4.4,12],"rotation":180,"texture":"#0"},"east":{"uv":[6.1,11.3,5.6,10.8],"rotation":180,"texture":"#0"},"south":{"uv":[5,12.5,4.8,12],"rotation":180,"texture":"#0"},"west":{"uv":[11.3,6.1,10.8,5.6],"rotation":180,"texture":"#0"},"up":{"uv":[12.2,5.3,12,4.8],"texture":"#0"},"down":{"uv":[5.4,12,5.2,12.5],"texture":"#0"}}},{"from":[7.11058,7.65574,12.61094],"to":[8.88942,9.37527,14.33047],"rotation":{"angle":45,"axis":"x","origin":[8,8.5155,13.4707]},"faces":{"north":{"uv":[12.5,3.2,12.4,3.9],"rotation":180,"texture":"#0"},"east":{"uv":[4.4,9.2,5.1,9.9],"rotation":270,"texture":"#0"},"south":{"uv":[12.5,3.1,12.4,2.4],"texture":"#0"},"west":{"uv":[9.2,4.8,9.9,5.5],"rotation":90,"texture":"#0"},"up":{"uv":[1.6,12.4,1.7,13.1],"rotation":180,"texture":"#0"},"down":{"uv":[2,12.4,2.1,13.1],"texture":"#0"}}},{"from":[7.32682,8.05851,8.1525],"to":[8.67318,8.97249,8.65666],"rotation":{"angle":0,"axis":"x","origin":[8,8.5155,8.69293]},"faces":{"north":{"uv":[3.7,11.6,3.2,12],"rotation":180,"texture":"#0"},"east":{"uv":[1.2,12.4,1.6,12.6],"rotation":270,"texture":"#0"},"south":{"uv":[12.1,3.2,11.6,2.8],"texture":"#0"},"west":{"uv":[12.4,1.2,12.8,1.4],"rotation":90,"texture":"#0"},"up":{"uv":[12,5.6,12.5,5.8],"rotation":180,"texture":"#0"},"down":{"uv":[12,6,12.5,6.2],"texture":"#0"}}},{"from":[6.45075,8.13846,8.5659],"to":[9.54925,9.30031,9.72774],"rotation":{"angle":45,"axis":"x","origin":[8,8.5155,8.94293]},"faces":{"north":{"uv":[1.2,11.6,0.8,12.1],"rotation":180,"texture":"#0"},"east":{"uv":[6.4,10.8,6.9,11.3],"rotation":270,"texture":"#0"},"south":{"uv":[12,0.5,11.6,0],"texture":"#0"},"west":{"uv":[10.8,6.8,11.3,7.3],"rotation":90,"texture":"#0"},"up":{"uv":[10.8,11.2,11.2,11.7],"rotation":180,"texture":"#0"},"down":{"uv":[11.2,11.2,11.6,11.7],"texture":"#0"}}},{"from":[6.64459,7.27619,8.55612],"to":[6.64459,9.75479,14.44279],"rotation":{"angle":0,"axis":"x","origin":[6.64459,8.51549,11.49945]},"faces":{"north":{"uv":[0,0,0,1],"rotation":180,"texture":"#0"},"east":{"uv":[3.2,6.8,4.2,9.2],"rotation":270,"texture":"#0"},"south":{"uv":[0,1,0,0],"texture":"#0"},"west":{"uv":[4.4,6.8,5.4,9.2],"rotation":90,"texture":"#0"},"up":{"uv":[0,0,0,2.4],"rotation":180,"texture":"#0"},"down":{"uv":[0,0,0,2.4],"texture":"#0"}}},{"from":[9.35541,7.27619,8.55612],"to":[9.35541,9.75479,14.44279],"rotation":{"angle":0,"axis":"x","origin":[9,8.51549,10.25]},"faces":{"north":{"uv":[0,0,0,1],"rotation":180,"texture":"#0"},"east":{"uv":[5.6,6.8,6.6,9.2],"rotation":270,"texture":"#0"},"south":{"uv":[0,1,0,0],"texture":"#0"},"west":{"uv":[6.8,6.8,7.8,9.2],"rotation":90,"texture":"#0"},"up":{"uv":[0,0,0,2.4],"rotation":180,"texture":"#0"},"down":{"uv":[0,0,0,2.4],"texture":"#0"}}},{"from":[7.19739,9.52444,8.30612],"to":[7.19739,10.45392,14.19279],"rotation":{"angle":-22.5,"axis":"z","origin":[8,8.51549,10]},"faces":{"north":{"uv":[0,0,0,0.4],"rotation":180,"texture":"#0"},"east":{"uv":[8,6.4,8.4,8.8],"rotation":270,"texture":"#0"},"south":{"uv":[0,0.4,0,0],"texture":"#0"},"west":{"uv":[8.4,0,8.8,2.4],"rotation":90,"texture":"#0"},"up":{"uv":[0,0,0,2.4],"rotation":180,"texture":"#0"},"down":{"uv":[0,0,0,2.4],"texture":"#0"}}},{"from":[8.80261,9.52444,8.30612],"to":[8.80261,10.45392,14.19279],"rotation":{"angle":22.5,"axis":"z","origin":[8,8.51549,10]},"faces":{"north":{"uv":[0,0,0,0.4],"rotation":180,"texture":"#0"},"east":{"uv":[8.4,2.4,8.8,4.8],"rotation":270,"texture":"#0"},"south":{"uv":[0,0.4,0,0],"texture":"#0"},"west":{"uv":[8.4,4.8,8.8,7.2],"rotation":90,"texture":"#0"},"up":{"uv":[0,0,0,2.4],"rotation":180,"texture":"#0"},"down":{"uv":[0,0,0,2.4],"texture":"#0"}}},{"from":[7.19739,6.57706,8.55612],"to":[7.19739,7.50654,14.44279],"rotation":{"angle":22.5,"axis":"z","origin":[8,8.51549,10.25]},"faces":{"north":{"uv":[0,0,0,0.4],"rotation":180,"texture":"#0"},"east":{"uv":[8.4,7.2,8.8,9.6],"rotation":270,"texture":"#0"},"south":{"uv":[0,0.4,0,0],"texture":"#0"},"west":{"uv":[8.8,0,9.2,2.4],"rotation":90,"texture":"#0"},"up":{"uv":[0,0,0,2.4],"rotation":180,"texture":"#0"},"down":{"uv":[0,0,0,2.4],"texture":"#0"}}},{"from":[8.80261,6.57706,8.55612],"to":[8.80261,7.50654,14.44279],"rotation":{"angle":-22.5,"axis":"z","origin":[8,8.51549,10.25]},"faces":{"north":{"uv":[0,0,0,0.4],"rotation":180,"texture":"#0"},"east":{"uv":[0.8,8.8,1.2,11.2],"rotation":270,"texture":"#0"},"south":{"uv":[0,0.4,0,0],"texture":"#0"},"west":{"uv":[1.2,8.8,1.6,11.2],"rotation":90,"texture":"#0"},"up":{"uv":[0,0,0,2.4],"rotation":180,"texture":"#0"},"down":{"uv":[0,0,0,2.4],"texture":"#0"}}},{"from":[8.39221,7.27619,14.97711],"to":[9.32169,9.75479,14.97711],"rotation":{"angle":22.5,"axis":"y","origin":[8,8.51549,14.62215]},"faces":{"north":{"uv":[9.6,4.4,10.6,4.8],"rotation":90,"texture":"#0"},"east":{"uv":[0,0,0,1],"rotation":180,"texture":"#0"},"south":{"uv":[9.6,4,10.6,4.4],"rotation":270,"texture":"#0"},"west":{"uv":[0,1,0,0],"texture":"#0"},"up":{"uv":[0,0.4,0,0],"rotation":90,"texture":"#0"},"down":{"uv":[0,0.4,0,0],"rotation":90,"texture":"#0"}}},{"from":[7.14023,7.62608,12.61094],"to":[8.85977,9.40492,14.33047],"rotation":{"angle":45,"axis":"y","origin":[8,8.5155,13.4707]},"faces":{"north":{"uv":[12.4,3.9,12.5,3.2],"rotation":90,"texture":"#0"},"east":{"uv":[2,12.4,2.1,13.1],"rotation":270,"texture":"#0"},"south":{"uv":[12.4,2.4,12.5,3.1],"rotation":90,"texture":"#0"},"west":{"uv":[1.6,12.4,1.7,13.1],"rotation":90,"texture":"#0"},"up":{"uv":[4.4,9.2,5.1,9.9],"rotation":180,"texture":"#0"},"down":{"uv":[9.2,4.8,9.9,5.5],"texture":"#0"}}},{"from":[6.7607,7.16008,8.55612],"to":[9.2393,7.16008,14.44279],"rotation":{"angle":0,"axis":"z","origin":[8,8.51549,11.49945]},"faces":{"north":{"uv":[0,1,0,0],"rotation":90,"texture":"#0"},"east":{"uv":[0,0,0,2.4],"rotation":270,"texture":"#0"},"south":{"uv":[0,0,0,1],"rotation":90,"texture":"#0"},"west":{"uv":[0,0,0,2.4],"rotation":90,"texture":"#0"},"up":{"uv":[3.2,6.8,4.2,9.2],"rotation":180,"texture":"#0"},"down":{"uv":[4.4,6.8,5.4,9.2],"texture":"#0"}}},{"from":[6.7607,9.8709,8.55612],"to":[9.2393,9.8709,14.44279],"rotation":{"angle":0,"axis":"z","origin":[8,8.51549,11.49945]},"faces":{"north":{"uv":[0,1,0,0],"rotation":90,"texture":"#0"},"east":{"uv":[0,0,0,2.4],"rotation":270,"texture":"#0"},"south":{"uv":[0,0,0,1],"rotation":90,"texture":"#0"},"west":{"uv":[0,0,0,2.4],"rotation":90,"texture":"#0"},"up":{"uv":[5.6,6.8,6.6,9.2],"rotation":180,"texture":"#0"},"down":{"uv":[6.8,6.8,7.8,9.2],"texture":"#0"}}},{"from":[6.67831,7.27619,14.97711],"to":[7.60779,9.75479,14.97711],"rotation":{"angle":-22.5,"axis":"y","origin":[8,8.51549,14.62215]},"faces":{"north":{"uv":[9.6,4.8,10.6,4.4],"rotation":90,"texture":"#0"},"east":{"uv":[0,1,0,0],"texture":"#0"},"south":{"uv":[9.6,4.4,10.6,4],"rotation":270,"texture":"#0"},"west":{"uv":[0,0,0,1],"rotation":180,"texture":"#0"},"up":{"uv":[0,0,0,0.4],"rotation":90,"texture":"#0"},"down":{"uv":[0,0,0,0.4],"rotation":90,"texture":"#0"}}},{"from":[6.7607,8.90771,14.97711],"to":[9.2393,9.83719,14.97711],"rotation":{"angle":-22.5,"axis":"x","origin":[8,8.51549,14.62215]},"faces":{"north":{"uv":[10.6,4.8,9.6,4.4],"texture":"#0"},"east":{"uv":[0,0.4,0,0],"texture":"#0"},"south":{"uv":[10.6,4.4,9.6,4],"texture":"#0"},"west":{"uv":[0,0.4,0,0],"texture":"#0"},"up":{"uv":[0,0,0,1],"rotation":90,"texture":"#0"},"down":{"uv":[0,1,0,0],"rotation":270,"texture":"#0"}}},{"from":[6.7607,7.1938,14.97711],"to":[9.2393,8.12328,14.97711],"rotation":{"angle":22.5,"axis":"x","origin":[8,8.51549,14.62215]},"faces":{"north":{"uv":[10.6,4.4,9.6,4.8],"texture":"#0"},"east":{"uv":[0,0,0,0.4],"texture":"#0"},"south":{"uv":[10.6,4,9.6,4.4],"texture":"#0"},"west":{"uv":[0,0,0,0.4],"texture":"#0"},"up":{"uv":[0,1,0,0],"rotation":270,"texture":"#0"},"down":{"uv":[0,0,0,1],"rotation":90,"texture":"#0"}}},{"from":[7.56203,5.65828,5.67643],"to":[8.43797,7.51723,6.6059],"rotation":{"angle":-22.5,"axis":"x","origin":[8.05,6.58776,6.14116]},"faces":{"north":{"uv":[10.4,7.6,10.8,8.3],"texture":"#0"},"east":{"uv":[11.1,2,10.4,2.4],"rotation":270,"texture":"#0"},"south":{"uv":[10.4,7.5,10.8,6.8],"rotation":180,"texture":"#0"},"west":{"uv":[11.1,6.4,10.4,6.8],"rotation":90,"texture":"#0"},"up":{"uv":[4.8,11.6,4.4,12],"rotation":180,"texture":"#0"},"down":{"uv":[12,4,11.6,4.4],"texture":"#0"}}},{"from":[7.51203,5.12302,5.96169],"to":[8.48797,6.05249,7.82064],"rotation":{"angle":22.5,"axis":"x","origin":[8,5.58776,6.89116]},"faces":{"north":{"uv":[11.6,4.4,12,4],"texture":"#0"},"east":{"uv":[10.4,2.4,11.1,2],"texture":"#0"},"south":{"uv":[4.4,12,4.8,11.6],"texture":"#0"},"west":{"uv":[10.4,6.8,11.1,6.4],"texture":"#0"},"up":{"uv":[10.8,8.3,10.4,7.6],"texture":"#0"},"down":{"uv":[10.8,6.8,10.4,7.5],"texture":"#0"}}},{"from":[7.65609,10.14601,5.48437],"to":[8.34391,11.26138,6.16598],"rotation":{"angle":45,"axis":"x","origin":[8,11.62224,5.52606]},"faces":{"north":{"uv":[11.6,10,11.9,9.6],"texture":"#0"},"east":{"uv":[11.6,10.4,11.9,10],"texture":"#0"},"south":{"uv":[11.6,10.8,11.9,10.4],"texture":"#0"},"west":{"uv":[11.6,11.2,11.9,10.8],"texture":"#0"},"up":{"uv":[12.3,9.1,12,8.8],"texture":"#0"},"down":{"uv":[9.1,12,8.8,12.3],"texture":"#0"}}},{"from":[7.56625,11.2304,5.39142],"to":[8.43376,11.57121,6.25893],"rotation":{"angle":45,"axis":"x","origin":[8,11.62224,5.52606]},"faces":{"north":{"uv":[8.8,12.5,9.1,12.4],"texture":"#0"},"east":{"uv":[12.4,8.9,12.7,8.8],"texture":"#0"},"south":{"uv":[9.2,12.5,9.5,12.4],"texture":"#0"},"west":{"uv":[12.4,9.3,12.7,9.2],"texture":"#0"},"up":{"uv":[12.3,8.7,12,8.4],"texture":"#0"},"down":{"uv":[8.7,12,8.4,12.3],"texture":"#0"}}},{"from":[7.41133,10.14601,5.23651],"to":[8.58867,10.48682,6.41384],"rotation":{"angle":45,"axis":"x","origin":[8,11.62224,5.52606]},"faces":{"north":{"uv":[12.4,6.9,12.9,6.8],"texture":"#0"},"east":{"uv":[7.2,12.5,7.7,12.4],"texture":"#0"},"south":{"uv":[12.4,7.3,12.9,7.2],"texture":"#0"},"west":{"uv":[12.4,7.7,12.9,7.6],"texture":"#0"},"up":{"uv":[11.3,4.5,10.8,4],"texture":"#0"},"down":{"uv":[4.5,10.8,4,11.3],"texture":"#0"}}},{"from":[6.75,7.27619,2.53581],"to":[9.25,9.77619,7.32618],"rotation":{"angle":0,"axis":"x","origin":[7.90491,8.51549,4.25]},"faces":{"north":{"uv":[9.6,13.3,10.6,12.3],"texture":"#0"},"east":{"uv":[3.2,2.9,4.2,1],"rotation":270,"texture":"#0"},"south":{"uv":[11.8,0.4,11.9,0.5],"rotation":180,"texture":"#0"},"west":{"uv":[4.4,2.9,5.4,0],"rotation":90,"texture":"#0"},"up":{"uv":[3.2,2.9,4.2,1],"rotation":180,"texture":"#0"},"down":{"uv":[3.2,1,4.2,2.9],"rotation":180,"texture":"#0"}}},{"from":[8,11.159,5.37872],"to":[8,13.6376,7.85732],"rotation":{"angle":-22.5,"axis":"x","origin":[8,11.62224,5.52606]},"faces":{"north":{"uv":[0,1,0,0],"rotation":180,"texture":"#1"},"east":{"uv":[16,0,0,16],"texture":"#1"},"south":{"uv":[0,1,0,0],"rotation":180,"texture":"#1"},"west":{"uv":[0,0,16,16],"texture":"#1"},"up":{"uv":[0,0,0,1],"texture":"#1"},"down":{"uv":[0,1,0,0],"texture":"#1"}}},{"from":[6.5,6.77619,4.39038],"to":[9.5,10.25479,7.36898],"rotation":{"angle":0,"axis":"x","origin":[8,8.51549,4]},"faces":{"north":{"uv":[0,1,0,0],"rotation":180,"texture":"#3"},"east":{"uv":[16,16,0,0],"rotation":180,"texture":"#3"},"south":{"uv":[0,1,0,0],"rotation":180,"texture":"#3"},"west":{"uv":[0,16,16,0],"rotation":180,"texture":"#3"},"up":{"uv":[0,0,0,1],"rotation":180,"texture":"#3"},"down":{"uv":[0,1,0,0],"rotation":180,"texture":"#3"}}},{"from":[7.51203,8.70828,6.77643],"to":[8.48797,10.56723,7.7059],"rotation":{"angle":-45,"axis":"x","origin":[8,9.63776,7.24116]},"faces":{"north":{"uv":[10.4,7.5,10.8,6.8],"texture":"#0"},"east":{"uv":[11.1,2,10.4,2.4],"rotation":90,"texture":"#0"},"south":{"uv":[10.4,7.6,10.8,8.3],"rotation":180,"texture":"#0"},"west":{"uv":[11.1,6.4,10.4,6.8],"rotation":270,"texture":"#0"},"up":{"uv":[12,4,11.6,4.4],"texture":"#0"},"down":{"uv":[4.8,11.6,4.4,12],"rotation":180,"texture":"#0"}}},{"from":[7.56203,9.17302,5.12936],"to":[8.43797,10.10249,6.98831],"rotation":{"angle":-22.5,"axis":"x","origin":[8.05,9.63776,6.05884]},"faces":{"north":{"uv":[4.4,11.6,4.8,12],"rotation":180,"texture":"#0"},"east":{"uv":[10.4,2,11.1,2.4],"rotation":180,"texture":"#0"},"south":{"uv":[11.6,4,12,4.4],"rotation":180,"texture":"#0"},"west":{"uv":[10.4,6.4,11.1,6.8],"rotation":180,"texture":"#0"},"up":{"uv":[10.4,8.3,10.8,7.6],"rotation":180,"texture":"#0"},"down":{"uv":[10.4,6.8,10.8,7.5],"rotation":180,"texture":"#0"}}},{"from":[7.76763,9.47182,3.90523],"to":[8.23237,10.63366,5.06707],"rotation":{"angle":22.5,"axis":"x","origin":[8,10.05274,4.48615]},"faces":{"north":{"uv":[4.8,12.5,5,12],"rotation":180,"texture":"#0"},"east":{"uv":[5.6,11.3,6.1,10.8],"rotation":180,"texture":"#0"},"south":{"uv":[4.4,12.5,4.6,12],"rotation":180,"texture":"#0"},"west":{"uv":[10.8,6.1,11.3,5.6],"rotation":180,"texture":"#0"},"up":{"uv":[12.2,4.8,12,5.3],"texture":"#0"},"down":{"uv":[5.4,12.5,5.2,12],"texture":"#0"}}},{"from":[7.11058,7.65574,1.66953],"to":[8.88942,9.37527,3.38906],"rotation":{"angle":-45,"axis":"x","origin":[8,8.5155,2.5293]},"faces":{"north":{"uv":[12.4,3.1,12.5,2.4],"texture":"#0"},"east":{"uv":[4.4,9.9,5.1,9.2],"rotation":270,"texture":"#0"},"south":{"uv":[12.4,3.2,12.5,3.9],"rotation":180,"texture":"#0"},"west":{"uv":[9.2,5.5,9.9,4.8],"rotation":90,"texture":"#0"},"up":{"uv":[1.6,13.1,1.7,12.4],"rotation":180,"texture":"#0"},"down":{"uv":[2,13.1,2.1,12.4],"texture":"#0"}}},{"from":[7.32682,8.05851,7.34334],"to":[8.67318,8.97249,7.8475],"rotation":{"angle":0,"axis":"x","origin":[8,8.5155,7.30707]},"faces":{"north":{"uv":[11.6,3.2,12.1,2.8],"texture":"#0"},"east":{"uv":[1.2,12.6,1.6,12.4],"rotation":270,"texture":"#0"},"south":{"uv":[3.2,11.6,3.7,12],"rotation":180,"texture":"#0"},"west":{"uv":[12.4,1.4,12.8,1.2],"rotation":90,"texture":"#0"},"up":{"uv":[12,5.8,12.5,5.6],"rotation":180,"texture":"#0"},"down":{"uv":[12,6.2,12.5,6],"texture":"#0"}}},{"from":[6.45075,8.13846,6.27226],"to":[9.54925,9.30031,7.4341],"rotation":{"angle":-45,"axis":"x","origin":[8,8.5155,7.05707]},"faces":{"north":{"uv":[11.6,0.5,12,0],"texture":"#0"},"east":{"uv":[6.4,11.3,6.9,10.8],"rotation":270,"texture":"#0"},"south":{"uv":[0.8,11.6,1.2,12.1],"rotation":180,"texture":"#0"},"west":{"uv":[10.8,7.3,11.3,6.8],"rotation":90,"texture":"#0"},"up":{"uv":[10.8,11.7,11.2,11.2],"rotation":180,"texture":"#0"},"down":{"uv":[11.2,11.7,11.6,11.2],"texture":"#0"}}},{"from":[6.64459,7.27619,1.55721],"to":[6.64459,9.75479,7.44388],"rotation":{"angle":0,"axis":"x","origin":[6.64459,8.51549,4.50055]},"faces":{"north":{"uv":[0,1,0,0],"texture":"#0"},"east":{"uv":[3.2,9.2,4.2,6.8],"rotation":270,"texture":"#0"},"south":{"uv":[0,0,0,1],"rotation":180,"texture":"#0"},"west":{"uv":[4.4,9.2,5.4,6.8],"rotation":90,"texture":"#0"},"up":{"uv":[0,2.4,0,0],"rotation":180,"texture":"#0"},"down":{"uv":[0,2.4,0,0],"texture":"#0"}}},{"from":[9.35541,7.27619,1.55721],"to":[9.35541,9.75479,7.44388],"rotation":{"angle":0,"axis":"x","origin":[9,8.51549,5.75]},"faces":{"north":{"uv":[0,1,0,0],"texture":"#0"},"east":{"uv":[5.6,9.2,6.6,6.8],"rotation":270,"texture":"#0"},"south":{"uv":[0,0,0,1],"rotation":180,"texture":"#0"},"west":{"uv":[6.8,9.2,7.8,6.8],"rotation":90,"texture":"#0"},"up":{"uv":[0,2.4,0,0],"rotation":180,"texture":"#0"},"down":{"uv":[0,2.4,0,0],"texture":"#0"}}},{"from":[7.19739,9.52444,1.80721],"to":[7.19739,10.45392,7.69388],"rotation":{"angle":-22.5,"axis":"z","origin":[8,8.51549,6]},"faces":{"north":{"uv":[0,0.4,0,0],"texture":"#0"},"east":{"uv":[8,8.8,8.4,6.4],"rotation":270,"texture":"#0"},"south":{"uv":[0,0,0,0.4],"rotation":180,"texture":"#0"},"west":{"uv":[8.4,2.4,8.8,0],"rotation":90,"texture":"#0"},"up":{"uv":[0,2.4,0,0],"rotation":180,"texture":"#0"},"down":{"uv":[0,2.4,0,0],"texture":"#0"}}},{"from":[8.80261,9.52444,1.80721],"to":[8.80261,10.45392,7.69388],"rotation":{"angle":22.5,"axis":"z","origin":[8,8.51549,6]},"faces":{"north":{"uv":[0,0.4,0,0],"texture":"#0"},"east":{"uv":[8.4,4.8,8.8,2.4],"rotation":270,"texture":"#0"},"south":{"uv":[0,0,0,0.4],"rotation":180,"texture":"#0"},"west":{"uv":[8.4,7.2,8.8,4.8],"rotation":90,"texture":"#0"},"up":{"uv":[0,2.4,0,0],"rotation":180,"texture":"#0"},"down":{"uv":[0,2.4,0,0],"texture":"#0"}}},{"from":[7.19739,6.57706,1.55721],"to":[7.19739,7.50654,7.44388],"rotation":{"angle":22.5,"axis":"z","origin":[8,8.51549,5.75]},"faces":{"north":{"uv":[0,0.4,0,0],"texture":"#0"},"east":{"uv":[8.4,9.6,8.8,7.2],"rotation":270,"texture":"#0"},"south":{"uv":[0,0,0,0.4],"rotation":180,"texture":"#0"},"west":{"uv":[8.8,2.4,9.2,0],"rotation":90,"texture":"#0"},"up":{"uv":[0,2.4,0,0],"rotation":180,"texture":"#0"},"down":{"uv":[0,2.4,0,0],"texture":"#0"}}},{"from":[8.80261,6.57706,1.55721],"to":[8.80261,7.50654,7.44388],"rotation":{"angle":-22.5,"axis":"z","origin":[8,8.51549,5.75]},"faces":{"north":{"uv":[0,0.4,0,0],"texture":"#0"},"east":{"uv":[0.8,11.2,1.2,8.8],"rotation":270,"texture":"#0"},"south":{"uv":[0,0,0,0.4],"rotation":180,"texture":"#0"},"west":{"uv":[1.2,11.2,1.6,8.8],"rotation":90,"texture":"#0"},"up":{"uv":[0,2.4,0,0],"rotation":180,"texture":"#0"},"down":{"uv":[0,2.4,0,0],"texture":"#0"}}},{"from":[8.39221,7.27619,1.02289],"to":[9.32169,9.75479,1.02289],"rotation":{"angle":-22.5,"axis":"y","origin":[8,8.51549,1.37785]},"faces":{"north":{"uv":[9.6,4.4,10.6,4],"rotation":270,"texture":"#0"},"east":{"uv":[0,0,0,1],"rotation":180,"texture":"#0"},"south":{"uv":[9.6,4.8,10.6,4.4],"rotation":90,"texture":"#0"},"west":{"uv":[0,1,0,0],"texture":"#0"},"up":{"uv":[0,0.4,0,0],"rotation":90,"texture":"#0"},"down":{"uv":[0,0.4,0,0],"rotation":90,"texture":"#0"}}},{"from":[7.14023,7.62608,1.66953],"to":[8.85977,9.40492,3.38906],"rotation":{"angle":-45,"axis":"y","origin":[8,8.5155,2.5293]},"faces":{"north":{"uv":[12.4,3.1,12.5,2.4],"rotation":90,"texture":"#0"},"east":{"uv":[2,13.1,2.1,12.4],"rotation":270,"texture":"#0"},"south":{"uv":[12.4,3.2,12.5,3.9],"rotation":90,"texture":"#0"},"west":{"uv":[1.6,13.1,1.7,12.4],"rotation":90,"texture":"#0"},"up":{"uv":[4.4,9.9,5.1,9.2],"rotation":180,"texture":"#0"},"down":{"uv":[9.2,5.5,9.9,4.8],"texture":"#0"}}},{"from":[6.7607,7.16008,1.55721],"to":[9.2393,7.16008,7.44388],"rotation":{"angle":0,"axis":"z","origin":[8,8.51549,4.50055]},"faces":{"north":{"uv":[0,1,0,0],"rotation":90,"texture":"#0"},"east":{"uv":[0,2.4,0,0],"rotation":270,"texture":"#0"},"south":{"uv":[0,0,0,1],"rotation":90,"texture":"#0"},"west":{"uv":[0,2.4,0,0],"rotation":90,"texture":"#0"},"up":{"uv":[3.2,9.2,4.2,6.8],"rotation":180,"texture":"#0"},"down":{"uv":[4.4,9.2,5.4,6.8],"texture":"#0"}}},{"from":[6.7607,9.8709,1.55721],"to":[9.2393,9.8709,7.44388],"rotation":{"angle":0,"axis":"z","origin":[8,8.51549,4.50055]},"faces":{"north":{"uv":[0,1,0,0],"rotation":90,"texture":"#0"},"east":{"uv":[0,2.4,0,0],"rotation":270,"texture":"#0"},"south":{"uv":[0,0,0,1],"rotation":90,"texture":"#0"},"west":{"uv":[0,2.4,0,0],"rotation":90,"texture":"#0"},"up":{"uv":[5.6,9.2,6.6,6.8],"rotation":180,"texture":"#0"},"down":{"uv":[6.8,9.2,7.8,6.8],"texture":"#0"}}},{"from":[6.67831,7.27619,1.02289],"to":[7.60779,9.75479,1.02289],"rotation":{"angle":22.5,"axis":"y","origin":[8,8.51549,1.37785]},"faces":{"north":{"uv":[9.6,4,10.6,4.4],"rotation":270,"texture":"#0"},"east":{"uv":[0,1,0,0],"texture":"#0"},"south":{"uv":[9.6,4.4,10.6,4.8],"rotation":90,"texture":"#0"},"west":{"uv":[0,0,0,1],"rotation":180,"texture":"#0"},"up":{"uv":[0,0,0,0.4],"rotation":90,"texture":"#0"},"down":{"uv":[0,0,0,0.4],"rotation":90,"texture":"#0"}}},{"from":[6.7607,8.90771,1.02289],"to":[9.2393,9.83719,1.02289],"rotation":{"angle":22.5,"axis":"x","origin":[8,8.51549,1.37785]},"faces":{"north":{"uv":[9.6,4.4,10.6,4],"texture":"#0"},"east":{"uv":[0,0.4,0,0],"texture":"#0"},"south":{"uv":[9.6,4.8,10.6,4.4],"texture":"#0"},"west":{"uv":[0,0.4,0,0],"texture":"#0"},"up":{"uv":[0,0,0,1],"rotation":90,"texture":"#0"},"down":{"uv":[0,1,0,0],"rotation":270,"texture":"#0"}}},{"from":[6.7607,7.1938,1.02289],"to":[9.2393,8.12328,1.02289],"rotation":{"angle":-22.5,"axis":"x","origin":[8,8.51549,1.37785]},"faces":{"north":{"uv":[9.6,4,10.6,4.4],"texture":"#0"},"east":{"uv":[0,0,0,0.4],"texture":"#0"},"south":{"uv":[9.6,4.4,10.6,4.8],"texture":"#0"},"west":{"uv":[0,0,0,0.4],"texture":"#0"},"up":{"uv":[0,1,0,0],"rotation":270,"texture":"#0"},"down":{"uv":[0,0,0,1],"rotation":90,"texture":"#0"}}},{"from":[8,-11.95349,6.5107],"to":[8,-8.97489,9.4893],"rotation":{"angle":0,"axis":"y","origin":[8,2.43673,8]},"faces":{"north":{"uv":[0,0,0,1],"rotation":180,"texture":"#2"},"east":{"uv":[0,0,16,16],"rotation":180,"texture":"#2"},"south":{"uv":[0,0,0,1],"rotation":180,"texture":"#2"},"west":{"uv":[16,0,0,16],"rotation":180,"texture":"#2"},"up":{"uv":[0,0,0,1],"texture":"#2"},"down":{"uv":[0,1,0,0],"texture":"#2"}}},{"from":[8,5.29651,6.5107],"to":[8,8.27511,9.4893],"rotation":{"angle":0,"axis":"y","origin":[8,19.68673,8]},"faces":{"north":{"uv":[0,0,0,1],"rotation":180,"texture":"#2"},"east":{"uv":[0,0,16,16],"rotation":180,"texture":"#2"},"south":{"uv":[0,0,0,1],"rotation":180,"texture":"#2"},"west":{"uv":[16,0,0,16],"rotation":180,"texture":"#2"},"up":{"uv":[0,0,0,1],"texture":"#2"},"down":{"uv":[0,1,0,0],"texture":"#2"}}},{"from":[7.67821,-4.94824,7.70145],"to":[8.32179,-1.23034,8.29855],"rotation":{"angle":-45,"axis":"y","origin":[8,2.43673,8]},"faces":{"north":{"uv":[6,9.2,6.3,10.7],"texture":"#0"},"east":{"uv":[6.4,9.2,6.7,10.7],"texture":"#0"},"south":{"uv":[9.2,6.4,9.5,7.9],"texture":"#0"},"west":{"uv":[6.8,9.2,7.1,10.7],"texture":"#0"},"up":{"uv":[6.7,12.3,6.4,12],"texture":"#0"},"down":{"uv":[12.3,6.4,12,6.7],"texture":"#0"}}},{"from":[7.67821,-1.16614,7.70145],"to":[8.32179,1.80176,8.29855],"rotation":{"angle":-45,"axis":"y","origin":[8,2.46883,8]},"faces":{"north":{"uv":[6,9.2,6.3,10.7],"texture":"#0"},"east":{"uv":[6.4,9.2,6.7,10.7],"texture":"#0"},"south":{"uv":[9.2,6.4,9.5,7.9],"texture":"#0"},"west":{"uv":[6.8,9.2,7.1,10.7],"texture":"#0"},"up":{"uv":[6.7,12.3,6.4,12],"texture":"#0"},"down":{"uv":[12.3,6.4,12,6.7],"texture":"#0"}}},{"from":[7.67821,1.80176,7.70145],"to":[8.32179,4.76966,8.29855],"rotation":{"angle":-45,"axis":"y","origin":[8,2.43673,8]},"faces":{"north":{"uv":[6,9.2,6.3,10.7],"texture":"#0"},"east":{"uv":[6.4,9.2,6.7,10.7],"texture":"#0"},"south":{"uv":[9.2,6.4,9.5,7.9],"texture":"#0"},"west":{"uv":[6.8,9.2,7.1,10.7],"texture":"#0"},"up":{"uv":[6.7,12.3,6.4,12],"texture":"#0"},"down":{"uv":[12.3,6.4,12,6.7],"texture":"#0"}}},{"from":[7.67821,-9.19824,7.70145],"to":[8.32179,-5.23034,8.29855],"rotation":{"angle":-45,"axis":"y","origin":[8,2.43673,8]},"faces":{"north":{"uv":[6,9.2,6.3,10.7],"texture":"#0"},"east":{"uv":[6.4,9.2,6.7,10.7],"texture":"#0"},"south":{"uv":[9.2,6.4,9.5,7.9],"texture":"#0"},"west":{"uv":[6.8,9.2,7.1,10.7],"texture":"#0"},"up":{"uv":[6.7,12.3,6.4,12],"texture":"#0"},"down":{"uv":[12.3,6.4,12,6.7],"texture":"#0"}}},{"from":[7.63174,-4.94824,7.65497],"to":[8.36826,-1.23034,8.34503],"rotation":{"angle":-45,"axis":"y","origin":[8,2.43673,8]},"faces":{"north":{"uv":[7.2,9.2,7.5,10.7],"texture":"#0"},"east":{"uv":[7.6,9.2,7.9,10.7],"texture":"#0"},"south":{"uv":[9.2,8,9.5,9.5],"texture":"#0"},"west":{"uv":[9.6,0,9.9,1.5],"texture":"#0"},"up":{"uv":[7.1,12.3,6.8,12],"texture":"#0"},"down":{"uv":[12.3,6.8,12,7.1],"texture":"#0"}}},{"from":[7.51203,-2.50837,7.53526],"to":[8.48797,-2.04363,8.46474],"rotation":{"angle":-45,"axis":"y","origin":[8,2.43673,8]},"faces":{"north":{"uv":[10,12,10.4,12.2],"texture":"#0"},"east":{"uv":[12,10,12.4,10.2],"texture":"#0"},"south":{"uv":[10.4,12,10.8,12.2],"texture":"#0"},"west":{"uv":[12,10.4,12.4,10.6],"texture":"#0"},"up":{"uv":[12,5.2,11.6,4.8],"texture":"#0"},"down":{"uv":[5.6,11.6,5.2,12],"texture":"#0"}}},{"from":[7.51203,-1.59508,7.53526],"to":[8.48797,-1.13034,8.46474],"rotation":{"angle":-45,"axis":"y","origin":[8,2.43673,8]},"faces":{"north":{"uv":[10,12,10.4,12.2],"texture":"#0"},"east":{"uv":[12,10,12.4,10.2],"texture":"#0"},"south":{"uv":[10.4,12,10.8,12.2],"texture":"#0"},"west":{"uv":[12,10.4,12.4,10.6],"texture":"#0"},"up":{"uv":[12,5.2,11.6,4.8],"texture":"#0"},"down":{"uv":[5.6,11.6,5.2,12],"texture":"#0"}}},{"from":[7.51203,-4.4835,7.53526],"to":[8.48797,-4.01877,8.46474],"rotation":{"angle":-45,"axis":"y","origin":[8,2.43673,8]},"faces":{"north":{"uv":[10,12,10.4,12.2],"texture":"#0"},"east":{"uv":[12,10,12.4,10.2],"texture":"#0"},"south":{"uv":[10.4,12,10.8,12.2],"texture":"#0"},"west":{"uv":[12,10.4,12.4,10.6],"texture":"#0"},"up":{"uv":[12,5.2,11.6,4.8],"texture":"#0"},"down":{"uv":[5.6,11.6,5.2,12],"texture":"#0"}}},{"from":[7.51203,-5.39679,7.53526],"to":[8.48797,-4.93206,8.46474],"rotation":{"angle":-45,"axis":"y","origin":[8,2.43673,8]},"faces":{"north":{"uv":[10,12,10.4,12.2],"texture":"#0"},"east":{"uv":[12,10,12.4,10.2],"texture":"#0"},"south":{"uv":[10.4,12,10.8,12.2],"texture":"#0"},"west":{"uv":[12,10.4,12.4,10.6],"texture":"#0"},"up":{"uv":[12,5.2,11.6,4.8],"texture":"#0"},"down":{"uv":[5.6,11.6,5.2,12],"texture":"#0"}}},{"from":[7.30289,6.3921,12.32295],"to":[8.69711,7.86377,13.79462],"rotation":{"angle":45,"axis":"x","origin":[8,12.18673,8]},"faces":{"north":{"uv":[9.6,6.4,10.2,7],"texture":"#0"},"east":{"uv":[9.6,7.2,10.2,7.8],"texture":"#0"},"south":{"uv":[9.6,8,10.2,8.6],"texture":"#0"},"west":{"uv":[8.4,9.6,9,10.2],"texture":"#0"},"up":{"uv":[10.2,9.4,9.6,8.8],"texture":"#0"},"down":{"uv":[9.8,9.6,9.2,10.2],"texture":"#0"}}},{"from":[7.30289,-6.72624,15.84621],"to":[8.69711,-5.40949,17.16297],"rotation":{"angle":45,"axis":"x","origin":[8,2.43673,8]},"faces":{"north":{"uv":[5.2,10,5.8,10.5],"texture":"#0"},"east":{"uv":[8,10.4,8.5,10.9],"texture":"#0"},"south":{"uv":[10,5.6,10.6,6.1],"texture":"#0"},"west":{"uv":[10.4,8.4,10.9,8.9],"texture":"#0"},"up":{"uv":[10.6,10.1,10,9.6],"texture":"#0"},"down":{"uv":[11,0,10.4,0.5],"texture":"#0"}}}],"gui_light":"front","display":{"thirdperson_righthand":{"translation":[0,13.75,2],"scale":[1.4,1.4,1.4]},"thirdperson_lefthand":{"translation":[0,13.75,2],"scale":[1.4,1.4,1.4]},"firstperson_righthand":{"translation":[10.25,11,-6.25],"scale":[1.19727,1.19727,1.19727]},"firstperson_lefthand":{"translation":[10.25,11.25,-6.25],"scale":[1.33398,1.33398,1.33398]},"ground":{"rotation":[-45,0,0],"translation":[-0.25,14,-6.5]},"gui":{"rotation":[-90,-45,-90],"translation":[3.25,3.25,0],"scale":[0.7668,0.7668,0.7668]},"head":{"scale":[0,0,0]},"fixed":{"rotation":[-180,-90,-180],"translation":[0,33.5,-2.1],"scale":[3,3,3]}},"groups":[{"name":"hammer","origin":[8,2.87353,8],"color":0,"nbt":"{}","children":[{"name":"group","origin":[8,8.71549,-1.87215],"color":0,"nbt":"{}","children":[0,1,2,3,4,5,6,7,8,9,10,11,12,13,14,15,16,17,18,19,20,21,22,23,24,25,26]},{"name":"group","origin":[8,8.71549,-1.87215],"color":0,"nbt":"{}","children":[27,28,29,30,31,32,33,34,35,36,37,38,39,40,41,42,43,44,45,46,47,48,49,50,51,52,53]},54,55,56,57,58,59,60,61,62,63,64,65,66]}]}