{
	"credit": "Made with Blockbench",
	"texture_size": [32, 32],
	"textures": {
		"0": "elitecreatures:gamer_girl_animated/keytex",
		"particle": "elitecreatures:gamer_girl_animated/keytex"
	},
	"elements": [
		{
			"from": [6, 7.5, 6],
			"to": [10, 11.5, 8],
			"rotation": {"angle": 45, "axis": "z", "origin": [8, 9.5, 7.25]},
			"faces": {
				"north": {"uv": [9.25, 14, 7.25, 16], "texture": "#0"},
				"east": {"uv": [7.25, 13, 9.25, 12], "rotation": 90, "texture": "#0"},
				"south": {"uv": [9.25, 16, 7.25, 14], "rotation": 180, "texture": "#0"},
				"west": {"uv": [9.25, 13, 7.25, 14], "rotation": 90, "texture": "#0"},
				"up": {"uv": [9.25, 14, 7.25, 13], "texture": "#0"},
				"down": {"uv": [9.25, 12, 7.25, 13], "texture": "#0"}
			}
		},
		{
			"from": [5.9, 4.4, 6],
			"to": [6.9, 7.4, 8],
			"rotation": {"angle": -45, "axis": "z", "origin": [11, 9.5, 7.25]},
			"faces": {
				"north": {"uv": [14.5, 12.25, 16, 12.75], "rotation": 90, "texture": "#0"},
				"east": {"uv": [15, 4.75, 16, 6.25], "texture": "#0"},
				"south": {"uv": [14.5, 12.25, 16, 12.75], "rotation": 90, "texture": "#0"},
				"west": {"uv": [15, 3.25, 16, 4.75], "rotation": 180, "texture": "#0"},
				"up": {"uv": [13, 11.25, 12, 11.75], "rotation": 90, "texture": "#0"},
				"down": {"uv": [11.5, 10, 10.5, 10.5], "rotation": 90, "texture": "#0"}
			}
		},
		{
			"from": [6.9, 4.4, 6],
			"to": [8.9, 5.4, 8],
			"rotation": {"angle": -45, "axis": "z", "origin": [11, 9.5, 7.25]},
			"faces": {
				"north": {"uv": [9.5, 7.5, 10.5, 8], "texture": "#0"},
				"east": {"uv": [9, 7.125, 9.5, 8], "rotation": 90, "texture": "#0"},
				"south": {"uv": [9.5, 8, 10.5, 7.5], "rotation": 180, "texture": "#0"},
				"west": {"uv": [9, 7.125, 9.5, 8], "rotation": 270, "texture": "#0"},
				"up": {"uv": [9.25, 6.875, 10.25, 6], "texture": "#0"},
				"down": {"uv": [9.25, 6, 10.25, 6.875], "texture": "#0"}
			}
		},
		{
			"from": [7.2, 10, 6.25],
			"to": [13.2, 12, 9.75],
			"rotation": {"angle": 0, "axis": "y", "origin": [13.2, 12, 7.75]},
			"faces": {
				"north": {"uv": [12.25, 5.5, 13.25, 2.5], "rotation": 270, "texture": "#0"},
				"east": {"uv": [14.25, 3.25, 13.25, 1.5], "rotation": 270, "texture": "#0"},
				"south": {"uv": [12.25, 2.5, 13.25, 5.5], "rotation": 270, "texture": "#0"},
				"west": {"uv": [14.25, 1.5, 13.25, 3.25], "rotation": 270, "texture": "#0"},
				"up": {"uv": [13.25, 3.25, 15, 6.25], "rotation": 90, "texture": "#0"},
				"down": {"uv": [13.25, 3.25, 15, 6.25], "rotation": 90, "texture": "#0"}
			}
		},
		{
			"from": [13.2, 10, 6.75],
			"to": [16.2, 12, 9.25],
			"rotation": {"angle": -22.5, "axis": "z", "origin": [13.2, 12, 7.75]},
			"faces": {
				"north": {"uv": [12, 14.5, 13, 13], "rotation": 270, "texture": "#0"},
				"east": {"uv": [11.25, 2.25, 12.5, 1.25], "texture": "#0"},
				"south": {"uv": [12, 13, 13, 14.5], "rotation": 270, "texture": "#0"},
				"west": {"uv": [11.25, 2.25, 12.5, 1.25], "texture": "#0"},
				"up": {"uv": [11.5, 10, 13, 11.25], "rotation": 180, "texture": "#0"},
				"down": {"uv": [14.25, 2, 15.75, 3.25], "texture": "#0"}
			}
		},
		{
			"from": [5.2, 0.1, 6.75],
			"to": [7.2, 3.1, 9.25],
			"rotation": {"angle": 22.5, "axis": "z", "origin": [5.2, 3.1, 7.75]},
			"faces": {
				"north": {"uv": [12, 13, 13, 14.5], "texture": "#0"},
				"east": {"uv": [15.75, 2, 14.25, 3.25], "rotation": 270, "texture": "#0"},
				"south": {"uv": [12, 14.5, 13, 13], "rotation": 180, "texture": "#0"},
				"west": {"uv": [13, 10, 11.5, 11.25], "rotation": 90, "texture": "#0"},
				"up": {"uv": [12.5, 2.25, 11.25, 1.25], "rotation": 270, "texture": "#0"},
				"down": {"uv": [12.5, 2.25, 11.25, 1.25], "rotation": 270, "texture": "#0"}
			}
		},
		{
			"from": [5.2, 3.1, 6.25],
			"to": [7.2, 9.1, 9.75],
			"rotation": {"angle": 0, "axis": "y", "origin": [5.2, 3.1, 7.75]},
			"faces": {
				"north": {"uv": [12.25, 2.5, 13.25, 5.5], "texture": "#0"},
				"east": {"uv": [13.25, 6.25, 15, 3.25], "texture": "#0"},
				"south": {"uv": [12.25, 5.5, 13.25, 2.5], "rotation": 180, "texture": "#0"},
				"west": {"uv": [13.25, 6.25, 15, 3.25], "texture": "#0"},
				"up": {"uv": [14.25, 3.25, 13.25, 1.5], "rotation": 180, "texture": "#0"},
				"down": {"uv": [14.25, 1.5, 13.25, 3.25], "rotation": 180, "texture": "#0"}
			}
		},
		{
			"from": [6.9, 4.4, 8],
			"to": [8.9, 5.4, 10],
			"rotation": {"angle": -45, "axis": "z", "origin": [11, 9.5, 8.75]},
			"faces": {
				"north": {"uv": [10.5, 8, 9.5, 7.5], "rotation": 180, "texture": "#0"},
				"east": {"uv": [9, 8, 9.5, 7.125], "rotation": 90, "texture": "#0"},
				"south": {"uv": [10.5, 7.5, 9.5, 8], "texture": "#0"},
				"west": {"uv": [9, 8, 9.5, 7.125], "rotation": 270, "texture": "#0"},
				"up": {"uv": [9.25, 6, 10.25, 6.875], "texture": "#0"},
				"down": {"uv": [9.25, 6.875, 10.25, 6], "texture": "#0"}
			}
		},
		{
			"from": [5.9, 4.4, 8],
			"to": [6.9, 7.4, 10],
			"rotation": {"angle": -45, "axis": "z", "origin": [11, 9.5, 8.75]},
			"faces": {
				"north": {"uv": [14.5, 12.75, 16, 12.25], "rotation": 90, "texture": "#0"},
				"east": {"uv": [16, 4.75, 15, 6.25], "texture": "#0"},
				"south": {"uv": [14.5, 12.75, 16, 12.25], "rotation": 90, "texture": "#0"},
				"west": {"uv": [16, 3.25, 15, 4.75], "rotation": 180, "texture": "#0"},
				"up": {"uv": [13, 11.25, 12, 11.75], "rotation": 90, "texture": "#0"},
				"down": {"uv": [11.5, 10, 10.5, 10.5], "rotation": 90, "texture": "#0"}
			}
		},
		{
			"from": [6, 7.5, 8],
			"to": [10, 11.5, 10],
			"rotation": {"angle": 45, "axis": "z", "origin": [8, 9.5, 8.75]},
			"faces": {
				"north": {"uv": [7.25, 16, 9.25, 14], "rotation": 180, "texture": "#0"},
				"east": {"uv": [7.25, 12, 9.25, 13], "rotation": 90, "texture": "#0"},
				"south": {"uv": [7.25, 14, 9.25, 16], "texture": "#0"},
				"west": {"uv": [7.25, 13, 9.25, 14], "rotation": 90, "texture": "#0"},
				"up": {"uv": [9.25, 13, 7.25, 14], "texture": "#0"},
				"down": {"uv": [9.25, 13, 7.25, 12], "texture": "#0"}
			}
		},
		{
			"from": [7, -10.12471, 5.85935],
			"to": [9, -4.12471, 7.85935],
			"rotation": {"angle": 22.5, "axis": "x", "origin": [8, -6.65224, 8]},
			"faces": {
				"north": {"uv": [2, 16, 1, 13], "texture": "#0"},
				"east": {"uv": [1, 16, 0, 13], "texture": "#0"},
				"south": {"uv": [1, 16, 2, 13], "texture": "#0"},
				"west": {"uv": [0, 16, 1, 13], "texture": "#0"},
				"up": {"uv": [1, 12, 0, 13], "rotation": 270, "texture": "#0"},
				"down": {"uv": [1, 12, 0, 13], "rotation": 90, "texture": "#0"}
			}
		},
		{
			"from": [6, -10.5, 6],
			"to": [10, -8.5, 10],
			"rotation": {"angle": 0, "axis": "y", "origin": [0, -15.5, 0]},
			"faces": {
				"north": {"uv": [2, 16, 4, 15], "texture": "#0"},
				"east": {"uv": [2, 16, 4, 15], "texture": "#0"},
				"south": {"uv": [2, 16, 4, 15], "texture": "#0"},
				"west": {"uv": [2, 16, 4, 15], "texture": "#0"},
				"up": {"uv": [4.25, 16, 6.25, 14], "texture": "#0"},
				"down": {"uv": [2, 15, 4, 13], "texture": "#0"}
			}
		},
		{
			"from": [7, -10.12471, 8.14065],
			"to": [9, -4.12471, 10.14065],
			"rotation": {"angle": -22.5, "axis": "x", "origin": [8, -6.65224, 8]},
			"faces": {
				"north": {"uv": [2, 16, 1, 13], "texture": "#0"},
				"east": {"uv": [0, 16, 1, 13], "texture": "#0"},
				"south": {"uv": [2, 16, 1, 13], "texture": "#0"},
				"west": {"uv": [1, 16, 0, 13], "texture": "#0"},
				"up": {"uv": [0, 12, 1, 13], "rotation": 270, "texture": "#0"},
				"down": {"uv": [0, 12, 1, 13], "rotation": 90, "texture": "#0"}
			}
		},
		{
			"from": [8.14065, -10.12471, 7],
			"to": [10.14065, -4.12471, 9],
			"rotation": {"angle": 22.5, "axis": "z", "origin": [8, -6.65224, 8]},
			"faces": {
				"north": {"uv": [0, 16, 1, 13], "texture": "#0"},
				"east": {"uv": [2, 16, 1, 13], "texture": "#0"},
				"south": {"uv": [1, 16, 0, 13], "texture": "#0"},
				"west": {"uv": [1, 16, 2, 13], "texture": "#0"},
				"up": {"uv": [0, 13, 1, 12], "rotation": 180, "texture": "#0"},
				"down": {"uv": [0, 13, 1, 12], "rotation": 180, "texture": "#0"}
			}
		},
		{
			"from": [5.85935, -10.12471, 7],
			"to": [7.85935, -4.12471, 9],
			"rotation": {"angle": -22.5, "axis": "z", "origin": [8, -6.65224, 8]},
			"faces": {
				"north": {"uv": [1, 16, 0, 13], "texture": "#0"},
				"east": {"uv": [2, 16, 1, 13], "texture": "#0"},
				"south": {"uv": [0, 16, 1, 13], "texture": "#0"},
				"west": {"uv": [2, 16, 1, 13], "texture": "#0"},
				"up": {"uv": [1, 13, 0, 12], "rotation": 180, "texture": "#0"},
				"down": {"uv": [1, 13, 0, 12], "rotation": 180, "texture": "#0"}
			}
		},
		{
			"from": [7, 2.5, 7],
			"to": [9, 8.5, 9],
			"rotation": {"angle": 0, "axis": "y", "origin": [4, 32.5, 7.75]},
			"faces": {
				"north": {"uv": [11.25, 13, 10.25, 16], "rotation": 180, "texture": "#0"},
				"east": {"uv": [10.25, 16, 9.25, 13], "texture": "#0"},
				"south": {"uv": [11.25, 16, 10.25, 13], "texture": "#0"},
				"west": {"uv": [10.25, 16, 9.25, 13], "texture": "#0"},
				"up": {"uv": [9, 0, 10, 1], "texture": "#0"},
				"down": {"uv": [9, 1, 10, 0], "texture": "#0"}
			}
		},
		{
			"from": [7, -3.5, 7],
			"to": [9, 2.5, 9],
			"rotation": {"angle": 0, "axis": "y", "origin": [4, -15.5, 7.75]},
			"faces": {
				"north": {"uv": [11.25, 16, 10.25, 13], "rotation": 180, "texture": "#0"},
				"east": {"uv": [10.25, 13, 9.25, 16], "texture": "#0"},
				"south": {"uv": [11.25, 13, 10.25, 16], "texture": "#0"},
				"west": {"uv": [10.25, 13, 9.25, 16], "texture": "#0"},
				"up": {"uv": [9, 0, 10, 1], "texture": "#0"},
				"down": {"uv": [9, 1, 10, 0], "texture": "#0"}
			}
		},
		{
			"from": [8, 6.7, 7.5],
			"to": [16, 10.7, 8.5],
			"rotation": {"angle": 0, "axis": "y", "origin": [0, 16, 0]},
			"faces": {
				"north": {"uv": [4.5, 2.5, 0.5, 0.5], "texture": "#0"},
				"east": {"uv": [0, 2, 0.5, 0], "texture": "#0"},
				"south": {"uv": [0.5, 2.5, 4.5, 0.5], "texture": "#0"},
				"west": {"uv": [0, 2, 0.5, 0], "texture": "#0"},
				"up": {"uv": [0.5, 3, 4.5, 2.5], "texture": "#0"},
				"down": {"uv": [0.5, 0.5, 4.5, 0], "texture": "#0"}
			}
		},
		{
			"from": [9, 3, 7.5],
			"to": [13, 6, 8.5],
			"faces": {
				"north": {"uv": [7, 0.5, 5, 2], "texture": "#0"},
				"east": {"uv": [4.5, 0.5, 5, 2], "texture": "#0"},
				"south": {"uv": [5, 0.5, 7, 2], "texture": "#0"},
				"west": {"uv": [4.5, 0.5, 5, 2], "texture": "#0"},
				"up": {"uv": [4.5, 0, 6.5, 0.5], "texture": "#0"},
				"down": {"uv": [6.5, 0, 8.5, 0.5], "texture": "#0"}
			}
		}
	],
	"gui_light": "front",
	"display": {
		"thirdperson_righthand": {
			"rotation": [1, 119, 0],
			"translation": [0, 4, 1],
			"scale": [0.54648, 0.54648, 0.54648]
		},
		"thirdperson_lefthand": {
			"rotation": [1, 119, 0],
			"translation": [0, 4, 1],
			"scale": [0.54648, 0.54648, 0.54648]
		},
		"firstperson_righthand": {
			"rotation": [-12, 15, 3],
			"translation": [2.75, 4.25, -2.25],
			"scale": [0.51953, 0.51953, 0.51953]
		},
		"firstperson_lefthand": {
			"rotation": [-12, 15, 3],
			"translation": [2.75, 4.25, -2.25],
			"scale": [0.51953, 0.51953, 0.51953]
		},
		"ground": {
			"rotation": [79, 0, 90],
			"translation": [-3.75, 0.25, 0],
			"scale": [0.5, 0.5, 0.5]
		},
		"gui": {
			"rotation": [27, -14, 51],
			"translation": [-2.75, 1.5, -1.25],
			"scale": [0.49859, 0.49859, 0.49859]
		},
		"head": {
			"rotation": [180, -168, 90],
			"translation": [4.5, 11.75, 0],
			"scale": [0.56, 0.56, 0.56]
		},
		"fixed": {
			"rotation": [0, 180, 0],
			"translation": [0, 7.75, -2.25],
			"scale": [1.09461, 1.09461, 1.09461]
		}
	}
}