{
	"credit": "Made with Blockbench",
	"texture_size": [128, 128],
	"textures": {
		"0": "elitecreatures:archdemon_animated/archdemon_texture",
		"2": "elitecreatures:archdemon_animated/archdemon_animation1",
		"3": "elitecreatures:archdemon_animated/archdemon_animation2",
		"4": "elitecreatures:archdemon_animated/archdemon_animation3",
		"particle": "elitecreatures:archdemon_animated/archdemon_texture"
	},
	"elements": [
		{
			"from": [7.25, -6.8, 6.75],
			"to": [8.75, -4.3, 9.25],
			"rotation": {"angle": 0, "axis": "y", "origin": [8, -7.05, 7.4]},
			"faces": {
				"north": {"uv": [5.0625, 1.1875, 4.875, 1.5], "texture": "#0"},
				"east": {"uv": [4.375, 1.1875, 4.6875, 1.5], "texture": "#0"},
				"south": {"uv": [4.875, 1.1875, 4.6875, 1.5], "texture": "#0"},
				"west": {"uv": [4.375, 1.1875, 4.6875, 1.5], "texture": "#0"},
				"up": {"uv": [4.375, 1.5, 4.6875, 1.6875], "rotation": 90, "texture": "#0"},
				"down": {"uv": [4.375, 1.5, 4.6875, 1.6875], "rotation": 90, "texture": "#0"}
			}
		},
		{
			"from": [6.75, -5.3, 7.25],
			"to": [9.25, -2.8, 8.75],
			"rotation": {"angle": 0, "axis": "y", "origin": [8, -4.05, 7.9]},
			"faces": {
				"north": {"uv": [4.375, 1.1875, 4.6875, 1.5], "texture": "#0"},
				"east": {"uv": [4.875, 1.1875, 4.6875, 1.5], "texture": "#0"},
				"south": {"uv": [4.375, 1.1875, 4.6875, 1.5], "texture": "#0"},
				"west": {"uv": [5.0625, 1.1875, 4.875, 1.5], "texture": "#0"},
				"up": {"uv": [4.375, 1.5, 4.6875, 1.6875], "texture": "#0"},
				"down": {"uv": [4.375, 1.5, 4.6875, 1.6875], "rotation": 180, "texture": "#0"}
			}
		},
		{
			"from": [6.75, -8.3, 7.25],
			"to": [9.25, -5.8, 8.75],
			"rotation": {"angle": 0, "axis": "y", "origin": [8, -7.05, 7.9]},
			"faces": {
				"north": {"uv": [4.375, 1.1875, 4.6875, 1.5], "texture": "#0"},
				"east": {"uv": [4.875, 1.1875, 4.6875, 1.5], "texture": "#0"},
				"south": {"uv": [4.375, 1.1875, 4.6875, 1.5], "texture": "#0"},
				"west": {"uv": [5.0625, 1.1875, 4.875, 1.5], "texture": "#0"},
				"up": {"uv": [4.375, 1.5, 4.6875, 1.6875], "texture": "#0"},
				"down": {"uv": [4.375, 1.5, 4.6875, 1.6875], "rotation": 180, "texture": "#0"}
			}
		},
		{
			"from": [7.25, -9.8, 6.75],
			"to": [8.75, -7.3, 9.25],
			"rotation": {"angle": 0, "axis": "y", "origin": [8, -10.05, 7.4]},
			"faces": {
				"north": {"uv": [5.0625, 1.1875, 4.875, 1.5], "texture": "#0"},
				"east": {"uv": [4.375, 1.1875, 4.6875, 1.5], "texture": "#0"},
				"south": {"uv": [4.875, 1.1875, 4.6875, 1.5], "texture": "#0"},
				"west": {"uv": [4.375, 1.1875, 4.6875, 1.5], "texture": "#0"},
				"up": {"uv": [4.375, 1.5, 4.6875, 1.6875], "rotation": 90, "texture": "#0"},
				"down": {"uv": [4.375, 1.5, 4.6875, 1.6875], "rotation": 90, "texture": "#0"}
			}
		},
		{
			"from": [6.75, -11.3, 6.8],
			"to": [9.25, -8.8, 8.3],
			"rotation": {"angle": 22.5, "axis": "x", "origin": [8, -10.05, 7.5]},
			"faces": {
				"north": {"uv": [4.375, 1.1875, 4.6875, 1.5], "texture": "#0"},
				"east": {"uv": [4.875, 1.1875, 4.6875, 1.5], "texture": "#0"},
				"south": {"uv": [4.375, 1.1875, 4.6875, 1.5], "texture": "#0"},
				"west": {"uv": [5.0625, 1.1875, 4.875, 1.5], "texture": "#0"},
				"up": {"uv": [4.375, 1.5, 4.6875, 1.6875], "texture": "#0"},
				"down": {"uv": [4.375, 1.5, 4.6875, 1.6875], "rotation": 180, "texture": "#0"}
			}
		},
		{
			"from": [6.5, 17.3, 5.65],
			"to": [9.5, 18.8, 8.45],
			"rotation": {"angle": -22.5, "axis": "x", "origin": [9.2, 18.05, 9.2]},
			"faces": {
				"north": {"uv": [3.75, 0.5625, 3.9375, 0.9375], "rotation": 270, "texture": "#0"},
				"east": {"uv": [3, 0.5625, 2.8125, 0.9125], "rotation": 270, "texture": "#0"},
				"south": {"uv": [3.75, 0.5625, 3.9375, 0.9375], "rotation": 90, "texture": "#0"},
				"west": {"uv": [2.8125, 0.5625, 3, 0.9125], "rotation": 90, "texture": "#0"},
				"up": {"uv": [3.75, 0.5625, 3.375, 0.9125], "rotation": 180, "texture": "#0"},
				"down": {"uv": [3.375, 0.5625, 3, 0.9125], "texture": "#0"}
			}
		},
		{
			"from": [6.25, 17.3, 4.95],
			"to": [9.75, 19.8, 9.45],
			"rotation": {"angle": 22.5, "axis": "x", "origin": [9, 18.05, 8.7]},
			"faces": {
				"north": {"uv": [3.5625, 0, 3.875, 0.4375], "rotation": 270, "texture": "#0"},
				"east": {"uv": [3.25, 0.5625, 3.5625, 0], "rotation": 90, "texture": "#0"},
				"south": {"uv": [3.875, 0, 4.1875, 0.4375], "rotation": 270, "texture": "#0"},
				"west": {"uv": [3.25, 0, 3.5625, 0.5625], "rotation": 90, "texture": "#0"},
				"up": {"uv": [3.25, 0, 2.8125, 0.5625], "rotation": 180, "texture": "#0"},
				"down": {"uv": [4.625, 0, 4.1875, 0.5625], "rotation": 180, "texture": "#0"}
			}
		},
		{
			"from": [7.25, -12.7, 5.5],
			"to": [8.75, -10.2, 8],
			"rotation": {"angle": 45, "axis": "x", "origin": [8, -11.45, 6.75]},
			"faces": {
				"north": {"uv": [5.0625, 1.1875, 4.875, 1.5], "texture": "#0"},
				"east": {"uv": [4.375, 1.1875, 4.6875, 1.5], "texture": "#0"},
				"south": {"uv": [4.875, 1.1875, 4.6875, 1.5], "texture": "#0"},
				"west": {"uv": [4.375, 1.1875, 4.6875, 1.5], "texture": "#0"},
				"up": {"uv": [4.375, 1.5, 4.6875, 1.6875], "rotation": 90, "texture": "#0"},
				"down": {"uv": [4.375, 1.5, 4.6875, 1.6875], "rotation": 90, "texture": "#0"}
			}
		},
		{
			"from": [6.75, -15.7, 4.65],
			"to": [9.25, -13.2, 7.15],
			"rotation": {"angle": 22.5, "axis": "x", "origin": [8.5, -13.15, 5.4]},
			"faces": {
				"north": {"uv": [3.5625, 0.9375, 3.25, 1.25], "texture": "#0"},
				"east": {"uv": [2.625, 0.9375, 2.9375, 1.25], "texture": "#0"},
				"south": {"uv": [3.5625, 0.9375, 3.25, 1.25], "texture": "#0"},
				"west": {"uv": [2.625, 0.9375, 2.9375, 1.25], "texture": "#0"},
				"up": {"uv": [2.9375, 0.9375, 3.25, 1.25], "rotation": 90, "texture": "#0"},
				"down": {"uv": [2.9375, 0.9375, 3.25, 1.25], "rotation": 90, "texture": "#0"}
			}
		},
		{
			"from": [6.25, -13.2, 2.45],
			"to": [9.75, -10.7, 6.95],
			"rotation": {"angle": -22.5, "axis": "x", "origin": [9, -12.45, 6.2]},
			"faces": {
				"north": {"uv": [3.5625, 0, 3.875, 0.4375], "rotation": 270, "texture": "#0"},
				"east": {"uv": [3.25, 0.5625, 3.5625, 0], "rotation": 90, "texture": "#0"},
				"south": {"uv": [3.875, 0, 4.1875, 0.4375], "rotation": 270, "texture": "#0"},
				"west": {"uv": [3.25, 0, 3.5625, 0.5625], "rotation": 90, "texture": "#0"},
				"up": {"uv": [3.25, 0, 2.8125, 0.5625], "rotation": 180, "texture": "#0"},
				"down": {"uv": [4.625, 0, 4.1875, 0.5625], "rotation": 180, "texture": "#0"}
			}
		},
		{
			"from": [6.5, -16, 5.45],
			"to": [9.5, -13.2, 6.95],
			"rotation": {"angle": -22.5, "axis": "x", "origin": [9.2, -12.45, 6.2]},
			"faces": {
				"north": {"uv": [3.75, 0.5625, 3.375, 0.9125], "texture": "#0"},
				"east": {"uv": [3, 0.5625, 2.8125, 0.9125], "texture": "#0"},
				"south": {"uv": [3.375, 0.5625, 3, 0.9125], "texture": "#0"},
				"west": {"uv": [2.8125, 0.5625, 3, 0.9125], "texture": "#0"},
				"up": {"uv": [3.75, 0.5625, 3.9375, 0.9375], "rotation": 90, "texture": "#0"},
				"down": {"uv": [3.75, 0.5625, 3.9375, 0.9375], "rotation": 90, "texture": "#0"}
			}
		},
		{
			"from": [6.75, -3, 6.75],
			"to": [9.25, -0.5, 9.25],
			"rotation": {"angle": 45, "axis": "y", "origin": [8, -5.125, 8]},
			"faces": {
				"north": {"uv": [1.25, 3.75, 1.5625, 4.0625], "texture": "#0"},
				"east": {"uv": [1.5625, 3.75, 1.25, 4.0625], "texture": "#0"},
				"south": {"uv": [1.25, 3.75, 1.5625, 4.0625], "texture": "#0"},
				"west": {"uv": [1.5625, 3.75, 1.25, 4.0625], "texture": "#0"},
				"up": {"uv": [0.9375, 3.75, 1.25, 4.0625], "texture": "#0"},
				"down": {"uv": [0.9375, 3.75, 1.25, 4.0625], "texture": "#0"}
			}
		},
		{
			"from": [8, -16, -2.5],
			"to": [8, -11, 4.5],
			"rotation": {"angle": 0, "axis": "y", "origin": [8, -16, 0]},
			"faces": {
				"north": {"uv": [0, 3, 0, 0], "rotation": 180, "texture": "#3"},
				"east": {"uv": [12, 0, 2, 14], "rotation": 90, "texture": "#3"},
				"south": {"uv": [0, 0, 0, 3], "texture": "#3"},
				"west": {"uv": [12, 14, 2, 0], "rotation": 90, "texture": "#3"},
				"up": {"uv": [0, 0, 0, 3.5], "texture": "#3"},
				"down": {"uv": [0, 0, 0, 3.5], "rotation": 180, "texture": "#3"}
			}
		},
		{
			"from": [8, -13, 1],
			"to": [8, -9.5, 7],
			"rotation": {"angle": 22.5, "axis": "x", "origin": [6, -12, 7]},
			"faces": {
				"north": {"uv": [0, 0, 0, 56], "rotation": 180, "texture": "#missing"},
				"east": {"uv": [5.4375, 1.6875, 5.875, 0.9375], "rotation": 270, "texture": "#0"},
				"south": {"uv": [0, 0, 0, 56], "texture": "#missing"},
				"west": {"uv": [5.4375, 0.9375, 5.875, 1.6875], "rotation": 270, "texture": "#0"},
				"up": {"uv": [0, 0, 0, 96], "texture": "#missing"},
				"down": {"uv": [0, 0, 0, 96], "rotation": 180, "texture": "#missing"}
			}
		},
		{
			"from": [8, -14, 7],
			"to": [8, -10.5, 13],
			"rotation": {"angle": 22.5, "axis": "x", "origin": [6, -13, 7]},
			"faces": {
				"north": {"uv": [0, 0, 0, 56], "texture": "#missing"},
				"east": {"uv": [5.875, 0.9375, 5.4375, 1.6875], "rotation": 270, "texture": "#0"},
				"south": {"uv": [0, 0, 0, 56], "rotation": 180, "texture": "#missing"},
				"west": {"uv": [5.875, 1.6875, 5.4375, 0.9375], "rotation": 270, "texture": "#0"},
				"up": {"uv": [0, 96, 0, 0], "texture": "#missing"},
				"down": {"uv": [0, 96, 0, 0], "rotation": 180, "texture": "#missing"}
			}
		},
		{
			"from": [7.8, -2, -3],
			"to": [7.8, 7, 7],
			"rotation": {"angle": 0, "axis": "y", "origin": [7.8, -1, 3]},
			"faces": {
				"north": {"uv": [0, 0, 0, 224], "texture": "#missing"},
				"east": {"uv": [0, 5.5, 10, 14.5], "texture": "#2"},
				"south": {"uv": [0, 0, 0, 224], "texture": "#missing"},
				"west": {"uv": [10, 5.5, 0, 14.5], "texture": "#2"},
				"up": {"uv": [0, 0, 0, 160], "texture": "#missing"},
				"down": {"uv": [0, 160, 0, 0], "texture": "#missing"}
			}
		},
		{
			"from": [8.2, 8, 7.5],
			"to": [8.2, 17, 17.5],
			"rotation": {"angle": 0, "axis": "y", "origin": [8.2, 9, 11.5]},
			"faces": {
				"north": {"uv": [0, 0, 0, 224], "texture": "#missing"},
				"east": {"uv": [10, 5.5, 0, 14.5], "texture": "#2"},
				"south": {"uv": [0, 0, 0, 224], "texture": "#missing"},
				"west": {"uv": [0, 5.5, 10, 14.5], "texture": "#2"},
				"up": {"uv": [0, 160, 0, 0], "texture": "#missing"},
				"down": {"uv": [0, 0, 0, 160], "texture": "#missing"}
			}
		},
		{
			"from": [7.25, 8, 2.25],
			"to": [8.75, 10.5, 6.75],
			"rotation": {"angle": 0, "axis": "y", "origin": [-0.2, -8.5, -0.2]},
			"faces": {
				"north": {"uv": [5.6875, 6.4375, 5.875, 6.75], "texture": "#0"},
				"east": {"uv": [6.125, 8.1875, 5.5625, 8.5], "texture": "#0"},
				"south": {"uv": [6.125, 8.0625, 6.3125, 8.375], "texture": "#0"},
				"west": {"uv": [6.125, 8.1875, 5.5625, 8.5], "texture": "#0"},
				"up": {"uv": [6.125, 7.5, 6.3125, 8.0625], "texture": "#0"},
				"down": {"uv": [6.125, 7.5, 6.3125, 8.0625], "texture": "#0"}
			}
		},
		{
			"from": [7.5, 3.5, 6.75],
			"to": [8.5, 17.5, 9.25],
			"rotation": {"angle": 0, "axis": "y", "origin": [0.2, -0.5, 0.3]},
			"faces": {
				"north": {"uv": [5.4375, 6.8125, 5.5625, 8.5625], "texture": "#0"},
				"east": {"uv": [5.4375, 6.8125, 5.125, 8.5625], "texture": "#0"},
				"south": {"uv": [6.3125, 6.8125, 6.4375, 8.5625], "texture": "#0"},
				"west": {"uv": [5.125, 6.8125, 5.4375, 8.5625], "texture": "#0"},
				"up": {"uv": [4, 7.125, 4.125, 7.4375], "texture": "#0"},
				"down": {"uv": [4, 7.125, 4.125, 7.4375], "texture": "#0"}
			}
		},
		{
			"from": [7.25, 11.5, 1.25],
			"to": [8.75, 17, 6.75],
			"rotation": {"angle": 0, "axis": "y", "origin": [-0.2, -2, -0.2]},
			"faces": {
				"north": {"uv": [5.5625, 7.5, 5.75, 8.1875], "texture": "#0"},
				"east": {"uv": [6.25, 6.8125, 5.5625, 7.5], "texture": "#0"},
				"south": {"uv": [5.75, 7.5, 5.9375, 8.1875], "texture": "#0"},
				"west": {"uv": [5.5625, 6.8125, 6.25, 7.5], "texture": "#0"},
				"up": {"uv": [5.9375, 7.5, 6.125, 8.1875], "texture": "#0"},
				"down": {"uv": [5.9375, 7.5, 6.125, 8.1875], "texture": "#0"}
			}
		},
		{
			"from": [6, -0.25, 6.25],
			"to": [10, 3.25, 9.75],
			"rotation": {"angle": 45, "axis": "x", "origin": [8, 1.5, 8]},
			"faces": {
				"north": {"uv": [4.9375, 3.5, 5.4375, 3.9375], "rotation": 180, "texture": "#0"},
				"east": {"uv": [4.5, 3.9375, 4.9375, 3.5], "rotation": 180, "texture": "#0"},
				"south": {"uv": [5.0625, 3.5, 5.5625, 3.0625], "rotation": 180, "texture": "#0"},
				"west": {"uv": [4.5, 3.5, 4.9375, 3.9375], "rotation": 180, "texture": "#0"},
				"up": {"uv": [4.9375, 3.5, 5.4375, 3.9375], "texture": "#0"},
				"down": {"uv": [5.0625, 3.0625, 5.5625, 3.5], "rotation": 180, "texture": "#0"}
			}
		},
		{
			"from": [5.9, -0.25, 6.25],
			"to": [5.9, 3.25, 9.75],
			"rotation": {"angle": 45, "axis": "x", "origin": [7.9, 1.5, 8]},
			"faces": {
				"north": {"uv": [0, 0, 0, 7], "texture": "#4"},
				"east": {"uv": [0, 0, 7, 7], "texture": "#4"},
				"south": {"uv": [0, 0, 0, 7], "texture": "#4"},
				"west": {"uv": [0, 0, 7, 7], "texture": "#4"},
				"up": {"uv": [0, 7, 0, 0], "texture": "#4"},
				"down": {"uv": [0, 0, 0, 7], "texture": "#4"}
			}
		},
		{
			"from": [10.1, -0.25, 6.25],
			"to": [10.1, 3.25, 9.75],
			"rotation": {"angle": 45, "axis": "x", "origin": [8.1, 1.5, 8]},
			"faces": {
				"north": {"uv": [0, 0, 0, 7], "texture": "#4"},
				"east": {"uv": [7, 0, 0, 7], "texture": "#4"},
				"south": {"uv": [0, 0, 0, 7], "texture": "#4"},
				"west": {"uv": [7, 0, 0, 7], "texture": "#4"},
				"up": {"uv": [0, 7, 0, 0], "texture": "#4"},
				"down": {"uv": [0, 0, 0, 7], "texture": "#4"}
			}
		},
		{
			"from": [7, -1, 5.5],
			"to": [9, 4, 10.5],
			"rotation": {"angle": 45, "axis": "x", "origin": [8, 1.5, 8]},
			"faces": {
				"north": {"uv": [4.25, 3.4375, 4.5, 4.0625], "rotation": 180, "texture": "#0"},
				"east": {"uv": [4.25, 3.4375, 3.625, 4.0625], "rotation": 180, "texture": "#0"},
				"south": {"uv": [2.3125, 0.875, 2.5625, 1.5], "texture": "#0"},
				"west": {"uv": [3.625, 3.4375, 4.25, 4.0625], "rotation": 180, "texture": "#0"},
				"up": {"uv": [4.25, 3.4375, 4.5, 4.0625], "rotation": 180, "texture": "#0"},
				"down": {"uv": [2.3125, 1.5, 2.5625, 0.875], "texture": "#0"}
			}
		},
		{
			"from": [7.25, 0.5, 3],
			"to": [8.75, 2.5, 7],
			"rotation": {"angle": 0, "axis": "y", "origin": [6.8, 0.5, 3]},
			"faces": {
				"north": {"uv": [3.25, 3.4375, 3.4375, 3.6875], "texture": "#0"},
				"east": {"uv": [4.125, 4.0625, 3.625, 4.3125], "texture": "#0"},
				"south": {"uv": [3.25, 3.4375, 3.4375, 3.6875], "texture": "#0"},
				"west": {"uv": [3.625, 4.0625, 4.125, 4.3125], "texture": "#0"},
				"up": {"uv": [3.4375, 3.4375, 3.625, 3.9375], "texture": "#0"},
				"down": {"uv": [3.4375, 3.9375, 3.625, 3.4375], "texture": "#0"}
			}
		},
		{
			"from": [7.25, 0.5, 9],
			"to": [8.75, 2.5, 13],
			"rotation": {"angle": 0, "axis": "y", "origin": [6.8, 0.5, 13]},
			"faces": {
				"north": {"uv": [3.4375, 3.4375, 3.25, 3.6875], "texture": "#0"},
				"east": {"uv": [3.625, 4.0625, 4.125, 4.3125], "texture": "#0"},
				"south": {"uv": [3.4375, 3.4375, 3.25, 3.6875], "texture": "#0"},
				"west": {"uv": [4.125, 4.0625, 3.625, 4.3125], "texture": "#0"},
				"up": {"uv": [3.4375, 3.9375, 3.625, 3.4375], "texture": "#0"},
				"down": {"uv": [3.4375, 3.4375, 3.625, 3.9375], "texture": "#0"}
			}
		}
	],
	"gui_light": "front",
	"display": {
		"thirdperson_righthand": {
			"translation": [0, 2.5, 0.75],
			"scale": [0.35, 0.35, 0.35]
		},
		"thirdperson_lefthand": {
			"translation": [0, 2.5, 0.75],
			"scale": [0.35, 0.35, 0.35]
		},
		"firstperson_righthand": {
			"rotation": [-54, 0, 0],
			"translation": [5, 1.75, -4.25],
			"scale": [0.41836, 0.41836, 0.41836]
		},
		"firstperson_lefthand": {
			"rotation": [-54, 0, 0],
			"translation": [5, 1.75, -4.25],
			"scale": [0.41836, 0.41836, 0.41836]
		},
		"ground": {
			"rotation": [0, 0, 88],
			"translation": [-2, 0.75, 0.25],
			"scale": [0.6, 0.6, 0.6]
		},
		"gui": {
			"rotation": [-90, 90, -90],
			"translation": [0.25, -2.75, -1.5],
			"scale": [0.42828, 0.42828, 0.42828]
		},
		"head": {
			"rotation": [-180, 0, 0],
			"translation": [0, 15.5, 1.75],
			"scale": [0.6, 0.6, 0.6]
		},
		"fixed": {
			"rotation": [-90, -90, -90],
			"translation": [0, 9.25, -2],
			"scale": [1.2, 1.2, 1.2]
		}
	}
}