{"credit":"Made with Blockbench","texture_size":[128,128],"textures":{"0":"elitecreatures:krampus_animated/krampus_texture","particle":"elitecreatures:krampus_animated/krampus_texture"},"elements":[{"from":[3,6,2],"to":[13,9.5,12],"rotation":{"angle":0,"axis":"y","origin":[8.5,7,6.75]},"faces":{"north":{"uv":[12.4375,12.375,12.875,13.625],"rotation":270,"texture":"#0"},"east":{"uv":[12.875,12.375,13.3125,13.625],"rotation":270,"texture":"#0"},"south":{"uv":[13.3125,12.375,13.75,13.625],"rotation":270,"texture":"#0"},"west":{"uv":[12.875,13.625,13.3125,12.375],"rotation":270,"texture":"#0"},"up":{"uv":[11.1875,12.375,12.4375,13.625],"rotation":270,"texture":"#0"},"down":{"uv":[11.1875,12.375,12.4375,13.625],"rotation":270,"texture":"#0"}}},{"from":[4,7.5,3.5],"to":[12,13,10.5],"rotation":{"angle":22.5,"axis":"x","origin":[8,9.5,7.5]},"faces":{"north":{"uv":[10.5,12.375,11.1875,13.375],"rotation":270,"texture":"#0"},"east":{"uv":[9.625,13.75,10.3125,12.875],"rotation":270,"texture":"#0"},"south":{"uv":[10.5,11.375,11.1875,12.375],"rotation":270,"texture":"#0"},"west":{"uv":[9.625,12.875,10.3125,13.75],"rotation":270,"texture":"#0"},"up":{"uv":[9.625,11.875,10.5,12.875],"rotation":270,"texture":"#0"},"down":{"uv":[9.625,11.875,10.5,12.875],"rotation":270,"texture":"#0"}}},{"from":[6.2,-1.5,-0.2],"to":[6.2,2.5,3.8],"rotation":{"angle":22.5,"axis":"y","origin":[6.2,0.5,1.8]},"faces":{"north":{"uv":[0,0,0,12],"texture":"#missing"},"east":{"uv":[5.125,0,5.625,0.5],"rotation":270,"texture":"#0"},"south":{"uv":[0,0,0,12],"rotation":180,"texture":"#missing"},"west":{"uv":[5.625,0,5.125,0.5],"rotation":90,"texture":"#0"},"up":{"uv":[0,0,0,12],"rotation":180,"texture":"#missing"},"down":{"uv":[0,0,0,12],"texture":"#missing"}}},{"from":[9.8,-1.5,-0.2],"to":[9.8,2.5,3.8],"rotation":{"angle":-22.5,"axis":"y","origin":[9.8,0.5,1.8]},"faces":{"north":{"uv":[0,0,0,12],"texture":"#missing"},"east":{"uv":[5.625,0.5,5.125,0],"rotation":90,"texture":"#0"},"south":{"uv":[0,0,0,12],"rotation":180,"texture":"#missing"},"west":{"uv":[5.125,0.5,5.625,0],"rotation":270,"texture":"#0"},"up":{"uv":[0,0,0,12],"rotation":180,"texture":"#missing"},"down":{"uv":[0,0,0,12],"texture":"#missing"}}},{"from":[11.9,3,7.1],"to":[17.9,8,7.1],"rotation":{"angle":-45,"axis":"y","origin":[12.9,4,7.1]},"faces":{"north":{"uv":[4.5,0.8125,3.875,1.3125],"texture":"#0"},"east":{"uv":[0,0,0,0.5],"texture":"#missing"},"south":{"uv":[3.875,0.8125,4.5,1.3125],"texture":"#0"},"west":{"uv":[0,0,0,0.5],"texture":"#missing"},"up":{"uv":[0,0.625,0,0],"rotation":90,"texture":"#missing"},"down":{"uv":[0,0.625,0,0],"rotation":270,"texture":"#missing"}}},{"from":[-1.9,3,7.1],"to":[4.1,8,7.1],"rotation":{"angle":45,"axis":"y","origin":[3.1,4,7.1]},"faces":{"north":{"uv":[3.875,0.8125,4.5,1.3125],"texture":"#0"},"east":{"uv":[0,0,0,0.5],"texture":"#missing"},"south":{"uv":[4.5,0.8125,3.875,1.3125],"texture":"#0"},"west":{"uv":[0,0,0,0.5],"texture":"#missing"},"up":{"uv":[0,0,0,0.625],"rotation":90,"texture":"#missing"},"down":{"uv":[0,0,0,0.625],"rotation":270,"texture":"#missing"}}},{"from":[2.8,6.14759,0.04217],"to":[4.8,9.14759,5.04217],"rotation":{"angle":22.5,"axis":"x","origin":[4.88425,10.23744,-0.18905]},"faces":{"north":{"uv":[6.375,6.3125,6.75,6.5625],"rotation":90,"texture":"#0"},"east":{"uv":[0.625,0,1,0.625],"rotation":90,"texture":"#0"},"south":{"uv":[2.625,7.1875,3,7.4375],"rotation":90,"texture":"#0"},"west":{"uv":[0.625,0.625,1,0],"rotation":90,"texture":"#0"},"up":{"uv":[1.625,0.375,1,0.625],"rotation":270,"texture":"#0"},"down":{"uv":[1.625,0.25,1,0],"rotation":270,"texture":"#0"}}},{"from":[2.55,7.24329,-0.75502],"to":[4.05,12.24329,1.74498],"rotation":{"angle":22.5,"axis":"y","origin":[3.20745,12.22164,-0.14485]},"faces":{"north":{"uv":[1.125,1,0.9375,1.625],"texture":"#0"},"east":{"uv":[0.625,1,0.9375,1.625],"texture":"#0"},"south":{"uv":[1.25,1,1.4375,1.625],"texture":"#0"},"west":{"uv":[0.9375,1,0.625,1.625],"texture":"#0"},"up":{"uv":[1.8125,0.3125,1.625,0],"rotation":180,"texture":"#0"},"down":{"uv":[1.8125,0.3125,1.625,0],"rotation":180,"texture":"#0"}}},{"from":[3.36679,11.7,-2.77139],"to":[3.36679,17.7,1.22861],"rotation":{"angle":45,"axis":"y","origin":[3.20745,12.22164,-0.14485]},"faces":{"north":{"uv":[0.9375,1,1.25,1.625],"texture":"#0"},"east":{"uv":[4.5625,0,5.0625,0.75],"texture":"#0"},"south":{"uv":[1.25,1,1.5625,1.625],"texture":"#0"},"west":{"uv":[5.0625,0,4.5625,0.75],"texture":"#0"},"up":{"uv":[1.9375,0.3125,1.625,0],"rotation":180,"texture":"#0"},"down":{"uv":[1.9375,0.3125,1.625,0],"rotation":180,"texture":"#0"}}},{"from":[11.2,6.14759,0.04217],"to":[13.2,9.14759,5.04217],"rotation":{"angle":22.5,"axis":"x","origin":[11.11575,10.23744,-0.18905]},"faces":{"north":{"uv":[6.375,6.5625,6.75,6.3125],"rotation":90,"texture":"#0"},"east":{"uv":[0.625,0,1,0.625],"rotation":90,"texture":"#0"},"south":{"uv":[2.625,7.4375,3,7.1875],"rotation":90,"texture":"#0"},"west":{"uv":[0.625,0.625,1,0],"rotation":90,"texture":"#0"},"up":{"uv":[1.625,0.625,1,0.375],"rotation":270,"texture":"#0"},"down":{"uv":[1.625,0,1,0.25],"rotation":270,"texture":"#0"}}},{"from":[11.95,7.24329,-0.75502],"to":[13.45,12.24329,1.74498],"rotation":{"angle":-22.5,"axis":"y","origin":[12.79255,12.22164,-0.14485]},"faces":{"north":{"uv":[0.9375,1,1.125,1.625],"texture":"#0"},"east":{"uv":[0.625,1,0.9375,1.625],"texture":"#0"},"south":{"uv":[1.4375,1,1.25,1.625],"texture":"#0"},"west":{"uv":[0.9375,1,0.625,1.625],"texture":"#0"},"up":{"uv":[1.625,0.3125,1.8125,0],"rotation":180,"texture":"#0"},"down":{"uv":[1.625,0.3125,1.8125,0],"rotation":180,"texture":"#0"}}},{"from":[12.63321,11.7,-2.77139],"to":[12.63321,17.7,1.22861],"rotation":{"angle":-45,"axis":"y","origin":[12.79255,12.22164,-0.14485]},"faces":{"north":{"uv":[1.25,1,0.9375,1.625],"texture":"#0"},"east":{"uv":[4.5625,0,5.0625,0.75],"texture":"#0"},"south":{"uv":[1.5625,1,1.25,1.625],"texture":"#0"},"west":{"uv":[5.0625,0,4.5625,0.75],"texture":"#0"},"up":{"uv":[1.625,0.3125,1.9375,0],"rotation":180,"texture":"#0"},"down":{"uv":[1.625,0.3125,1.9375,0],"rotation":180,"texture":"#0"}}},{"from":[6.5,10.5,11],"to":[9.5,13.5,14],"rotation":{"angle":45,"axis":"y","origin":[8,12,12.5]},"faces":{"north":{"uv":[9.9375,11.5,10.3125,11.875],"texture":"#0"},"east":{"uv":[10.3125,11.5,9.9375,11.875],"texture":"#0"},"south":{"uv":[9.9375,11.5,9.5625,11.875],"texture":"#0"},"west":{"uv":[9.5625,11.5,9.9375,11.875],"texture":"#0"},"up":{"uv":[9.5625,11.125,9.9375,11.5],"texture":"#0"},"down":{"uv":[9.5625,11.125,9.9375,11.5],"texture":"#0"}}}],"gui_light":"front","display":{"thirdperson_righthand":{"rotation":[42.76,10.93,-4.97],"translation":[0,0.75,0],"scale":[0.6,0.6,0.6]},"thirdperson_lefthand":{"rotation":[42.76,10.93,-4.97],"translation":[0,0.75,0],"scale":[0.6,0.6,0.6]},"firstperson_righthand":{"rotation":[16,26,0],"translation":[24.25,-9.5,-23.25],"scale":[1.73633,1.73633,1.73633]},"firstperson_lefthand":{"rotation":[16,26,0],"translation":[24.25,-9.5,-23.25],"scale":[1.73633,1.73633,1.73633]},"ground":{"translation":[0,3,0],"scale":[0.54688,0.54688,0.54688]},"gui":{"rotation":[29,143,0],"translation":[0.75,0,0],"scale":[0.73477,0.73477,0.73477]},"head":{"translation":[0,5.75,1.5],"scale":[1.5,1.5,1.5]},"fixed":{"translation":[0,0.5,-6.5],"scale":[1.61133,1.61133,1.61133]}}}