{
	"credit": "Made with Blockbench",
	"texture_size": [32, 32],
	"textures": {
		"0": "rainforestset:rainforestset/rainforest_wings",
		"particle": "rainforestset:rainforestset/rainforest_wings"
	},
	"elements": [
		{
			"from": [-8.6, -5.5, 8],
			"to": [6.6, 21.5, 8],
			"rotation": {"angle": 0, "axis": "y", "origin": [8, 8, 8]},
			"faces": {
				"north": {"uv": [6.75, 0, 0, 12.25], "texture": "#0"},
				"east": {"uv": [1, 0, 0, 1], "texture": "#0"},
				"south": {"uv": [0, 0, 6.75, 12.25], "texture": "#0"},
				"west": {"uv": [1, 0, 0, 1], "texture": "#0"},
				"up": {"uv": [1, 0, 0, 1], "texture": "#0"},
				"down": {"uv": [1, 0, 0, 1], "texture": "#0"}
			}
		},
		{
			"from": [9.4, -5.5, 8],
			"to": [24.6, 21.5, 8],
			"rotation": {"angle": 0, "axis": "y", "origin": [8, 8, 8]},
			"faces": {
				"north": {"uv": [0, 0, 6.75, 12.25], "texture": "#0"},
				"east": {"uv": [0, 0, 1, 1], "texture": "#0"},
				"south": {"uv": [6.75, 0, 0, 12.25], "texture": "#0"},
				"west": {"uv": [0, 0, 1, 1], "texture": "#0"},
				"up": {"uv": [0, 0, 1, 1], "texture": "#0"},
				"down": {"uv": [0, 0, 1, 1], "texture": "#0"}
			}
		},
		{
			"from": [0.92304, 7.47401, 7.5],
			"to": [1.92304, 10.47401, 8.5],
			"rotation": {"angle": 45, "axis": "z", "origin": [3.12304, 13.87401, 8]},
			"faces": {
				"north": {"uv": [4.3, 2.05, 4.5, 2.25], "texture": "#0"},
				"east": {"uv": [4.3, 2.05, 4.5, 2.25], "texture": "#0"},
				"south": {"uv": [4.3, 2.05, 4.5, 2.25], "texture": "#0"},
				"west": {"uv": [4.3, 2.05, 4.5, 2.25], "texture": "#0"},
				"up": {"uv": [4.3, 2.05, 4.5, 2.25], "texture": "#0"},
				"down": {"uv": [4.3, 2.05, 4.5, 2.25], "texture": "#0"}
			}
		},
		{
			"from": [2.13015, 10.7669, 7.5],
			"to": [2.63015, 15.9669, 8.5],
			"rotation": {"angle": 45, "axis": "z", "origin": [3.83015, 13.1669, 8]},
			"faces": {
				"north": {"uv": [4.3, 2.05, 4.5, 2.25], "texture": "#0"},
				"east": {"uv": [4.3, 2.05, 4.5, 2.25], "texture": "#0"},
				"south": {"uv": [4.3, 2.05, 4.5, 2.25], "texture": "#0"},
				"west": {"uv": [4.3, 2.05, 4.5, 2.25], "texture": "#0"},
				"up": {"uv": [4.3, 2.05, 4.5, 2.25], "texture": "#0"},
				"down": {"uv": [4.3, 2.05, 4.5, 2.25], "texture": "#0"}
			}
		},
		{
			"from": [14.07696, 7.47401, 7.5],
			"to": [15.07696, 10.47401, 8.5],
			"rotation": {"angle": -45, "axis": "z", "origin": [12.87696, 13.87401, 8]},
			"faces": {
				"north": {"uv": [4.3, 2.05, 4.5, 2.25], "texture": "#0"},
				"east": {"uv": [4.3, 2.05, 4.5, 2.25], "texture": "#0"},
				"south": {"uv": [4.3, 2.05, 4.5, 2.25], "texture": "#0"},
				"west": {"uv": [4.3, 2.05, 4.5, 2.25], "texture": "#0"},
				"up": {"uv": [4.3, 2.05, 4.5, 2.25], "texture": "#0"},
				"down": {"uv": [4.3, 2.05, 4.5, 2.25], "texture": "#0"}
			}
		},
		{
			"from": [13.36985, 10.7669, 7.5],
			"to": [13.86985, 15.9669, 8.5],
			"rotation": {"angle": -45, "axis": "z", "origin": [12.16985, 13.1669, 8]},
			"faces": {
				"north": {"uv": [4.3, 2.05, 4.5, 2.25], "texture": "#0"},
				"east": {"uv": [4.3, 2.05, 4.5, 2.25], "texture": "#0"},
				"south": {"uv": [4.3, 2.05, 4.5, 2.25], "texture": "#0"},
				"west": {"uv": [4.3, 2.05, 4.5, 2.25], "texture": "#0"},
				"up": {"uv": [4.3, 2.05, 4.5, 2.25], "texture": "#0"},
				"down": {"uv": [4.3, 2.05, 4.5, 2.25], "texture": "#0"}
			}
		}
	],
	"gui_light": "front",
	"display": {
		"thirdperson_righthand": {
			"rotation": [52.05, 28.84, 7.61],
			"translation": [-0.5, 0.25, 0.5],
			"scale": [0.26, 0.26, 0.26]
		},
		"thirdperson_lefthand": {
			"rotation": [67.75, 0, 0],
			"translation": [-6.25, -5.75, 9.25],
			"scale": [1.25977, 1.20313, 1.33008]
		},
		"firstperson_righthand": {
			"translation": [0, 0.25, 0],
			"scale": [0.71875, 0.71875, 0.71875]
		},
		"firstperson_lefthand": {
			"scale": [0, 0, 0]
		},
		"ground": {
			"rotation": [59, 0, 0],
			"translation": [0, 0, -1],
			"scale": [0.21, 0.22, 0.21]
		},
		"gui": {
			"scale": [0.50258, 0.50258, 0.50258]
		},
		"fixed": {
			"translation": [0, 0.75, -2],
			"scale": [1.5332, 1.5332, 1.5332]
		}
	},
	"groups": [
		{
			"name": "group",
			"origin": [8, 8, 8],
			"color": 0,
			"nbt": "{}",
			"armAnimationEnabled": false,
			"children": [0, 1, 2, 3, 4, 5]
		}
	]
}