{"credit":"Made with Blockbench","texture_size":[128,128],"textures":{"0":"elitecreatures:wukong_animated/wukong_texture_01","2":"elitecreatures:wukong_animated/wukong_animation_02","particle":"elitecreatures:wukong_animated/wukong_texture_01"},"elements":[{"from":[5.75,17,4.7],"to":[10.25,21.1,4.7],"rotation":{"angle":0,"axis":"y","origin":[8.5,19.75,2]},"faces":{"north":{"uv":[3.3125,0,2.75,0.5125],"rotation":180,"texture":"#0"},"east":{"uv":[0.9375,1.125,0.9375,1.6375],"texture":"#0"},"south":{"uv":[2.75,0,3.3125,0.5125],"rotation":180,"texture":"#0"},"west":{"uv":[0.9375,1.125,0.9375,1.6375],"texture":"#0"},"up":{"uv":[0.875,0.9375,0.875,1.5],"rotation":270,"texture":"#0"},"down":{"uv":[0.875,0.9375,0.875,1.5],"rotation":90,"texture":"#0"}}},{"from":[5.75,17,4.5],"to":[10.25,21.1,4.5],"rotation":{"angle":0,"axis":"y","origin":[8.5,19.75,2]},"faces":{"north":{"uv":[3.3125,0,2.75,0.5125],"rotation":180,"texture":"#0"},"east":{"uv":[0.9375,1.125,0.9375,1.6375],"texture":"#0"},"south":{"uv":[2.75,0,3.3125,0.5125],"rotation":180,"texture":"#0"},"west":{"uv":[0.9375,1.125,0.9375,1.6375],"texture":"#0"},"up":{"uv":[0.875,0.9375,0.875,1.5],"rotation":270,"texture":"#0"},"down":{"uv":[0.875,0.9375,0.875,1.5],"rotation":90,"texture":"#0"}}},{"from":[10.75,14.7,3.8],"to":[15.25,18.8,3.8],"rotation":{"angle":-22.5,"axis":"z","origin":[13,16.75,2.9]},"faces":{"north":{"uv":[2.75,0,3.3125,0.5125],"rotation":180,"texture":"#0"},"east":{"uv":[0.9375,1.125,0.9375,1.6375],"texture":"#0"},"south":{"uv":[3.3125,0,2.75,0.5125],"rotation":180,"texture":"#0"},"west":{"uv":[0.9375,1.125,0.9375,1.6375],"texture":"#0"},"up":{"uv":[0.875,1.5,0.875,0.9375],"rotation":270,"texture":"#0"},"down":{"uv":[0.875,1.5,0.875,0.9375],"rotation":90,"texture":"#0"}}},{"from":[10.75,14.7,4],"to":[15.25,18.8,4],"rotation":{"angle":-22.5,"axis":"z","origin":[13,16.75,2.9]},"faces":{"north":{"uv":[2.75,0,3.3125,0.5125],"rotation":180,"texture":"#0"},"east":{"uv":[0.9375,1.125,0.9375,1.6375],"texture":"#0"},"south":{"uv":[3.3125,0,2.75,0.5125],"rotation":180,"texture":"#0"},"west":{"uv":[0.9375,1.125,0.9375,1.6375],"texture":"#0"},"up":{"uv":[0.875,1.5,0.875,0.9375],"rotation":270,"texture":"#0"},"down":{"uv":[0.875,1.5,0.875,0.9375],"rotation":90,"texture":"#0"}}},{"from":[0.75,14.7,4],"to":[5.25,18.8,4],"rotation":{"angle":22.5,"axis":"z","origin":[3,16.75,2.9]},"faces":{"north":{"uv":[3.3125,0,2.75,0.5125],"rotation":180,"texture":"#0"},"east":{"uv":[0.9375,1.125,0.9375,1.6375],"texture":"#0"},"south":{"uv":[2.75,0,3.3125,0.5125],"rotation":180,"texture":"#0"},"west":{"uv":[0.9375,1.125,0.9375,1.6375],"texture":"#0"},"up":{"uv":[0.875,0.9375,0.875,1.5],"rotation":270,"texture":"#0"},"down":{"uv":[0.875,0.9375,0.875,1.5],"rotation":90,"texture":"#0"}}},{"from":[0.75,14.7,3.8],"to":[5.25,18.8,3.8],"rotation":{"angle":22.5,"axis":"z","origin":[3,16.75,2.9]},"faces":{"north":{"uv":[3.3125,0,2.75,0.5125],"rotation":180,"texture":"#0"},"east":{"uv":[0.9375,1.125,0.9375,1.6375],"texture":"#0"},"south":{"uv":[2.75,0,3.3125,0.5125],"rotation":180,"texture":"#0"},"west":{"uv":[0.9375,1.125,0.9375,1.6375],"texture":"#0"},"up":{"uv":[0.875,0.9375,0.875,1.5],"rotation":270,"texture":"#0"},"down":{"uv":[0.875,0.9375,0.875,1.5],"rotation":90,"texture":"#0"}}},{"from":[-10,5,4.5],"to":[-3.5,9,4.5],"rotation":{"angle":-22.5,"axis":"z","origin":[-1.75,-4,2.5]},"faces":{"north":{"uv":[4,0.5625,4.5,1.375],"rotation":90,"texture":"#0"},"east":{"uv":[0,0,0,6],"rotation":180,"texture":"#missing"},"south":{"uv":[4.5,0.5625,4,1.375],"rotation":270,"texture":"#0"},"west":{"uv":[0,0,0,6],"rotation":180,"texture":"#missing"},"up":{"uv":[0,0,0,16],"rotation":90,"texture":"#missing"},"down":{"uv":[0,0,0,16],"rotation":270,"texture":"#missing"}}},{"from":[-13,3.5,5.5],"to":[0,24.5,5.5],"rotation":{"angle":45,"axis":"z","origin":[0.5,18.5,4.5]},"faces":{"north":{"uv":[0,0,6.5,11],"texture":"#2"},"east":{"uv":[0,0,0,10],"texture":"#2"},"south":{"uv":[6.5,0,0,11],"texture":"#2"},"west":{"uv":[0,0,0,10],"texture":"#2"},"up":{"uv":[0,5,0,0],"rotation":90,"texture":"#2"},"down":{"uv":[0,0,0,5],"rotation":270,"texture":"#2"}}},{"from":[-2.5,-2,6.5],"to":[12.5,8,6.5],"rotation":{"angle":-22.5,"axis":"z","origin":[0.5,18.5,4.5]},"faces":{"north":{"uv":[0,0,6.5,11],"rotation":90,"texture":"#2"},"east":{"uv":[0,0,0,5],"rotation":180,"texture":"#2"},"south":{"uv":[6.5,0,0,11],"rotation":270,"texture":"#2"},"west":{"uv":[0,5,0,0],"texture":"#2"},"up":{"uv":[0,0,0,10],"rotation":270,"texture":"#2"},"down":{"uv":[0,0,0,10],"rotation":270,"texture":"#2"}}},{"from":[9.91421,-0.19239,5.5],"to":[22.91421,20.80761,5.5],"rotation":{"angle":-45,"axis":"z","origin":[16.91421,9.30761,5.5]},"faces":{"north":{"uv":[6.5,0,0,11],"texture":"#2"},"east":{"uv":[0,0,0,10],"texture":"#2"},"south":{"uv":[0,0,6.5,11],"texture":"#2"},"west":{"uv":[0,0,0,10],"texture":"#2"},"up":{"uv":[0,0,0,5],"rotation":90,"texture":"#2"},"down":{"uv":[0,5,0,0],"rotation":270,"texture":"#2"}}},{"from":[3.5,-2,6.5],"to":[18.5,8,6.5],"rotation":{"angle":22.5,"axis":"z","origin":[15.5,18.5,4.5]},"faces":{"north":{"uv":[0,11,6.5,0],"rotation":90,"texture":"#2"},"east":{"uv":[0,5,0,0],"texture":"#2"},"south":{"uv":[6.5,11,0,0],"rotation":270,"texture":"#2"},"west":{"uv":[0,0,0,5],"rotation":180,"texture":"#2"},"up":{"uv":[0,10,0,0],"rotation":270,"texture":"#2"},"down":{"uv":[0,10,0,0],"rotation":270,"texture":"#2"}}},{"from":[-3.09494,3.10474,4.7],"to":[1.40506,6.10474,4.7],"rotation":{"angle":0,"axis":"y","origin":[-1.84494,4.60474,4.7]},"faces":{"north":{"uv":[4,0,4.375,0.5625],"rotation":90,"texture":"#0"},"east":{"uv":[0,0,0,6],"rotation":180,"texture":"#missing"},"south":{"uv":[4,0.5625,4.375,0],"rotation":90,"texture":"#0"},"west":{"uv":[0,0,0,6],"rotation":180,"texture":"#missing"},"up":{"uv":[0,0,0,16],"rotation":90,"texture":"#missing"},"down":{"uv":[0,0,0,16],"rotation":270,"texture":"#missing"}}},{"from":[-5.20839,10.37323,4.45],"to":[3.29161,15.37323,4.45],"rotation":{"angle":-45,"axis":"z","origin":[-1.95839,12.87323,4.45]},"faces":{"north":{"uv":[3.375,0,4,1.0625],"rotation":90,"texture":"#0"},"east":{"uv":[0,0,0,6],"rotation":180,"texture":"#missing"},"south":{"uv":[4,0,3.375,1.0625],"rotation":270,"texture":"#0"},"west":{"uv":[0,0,0,6],"rotation":180,"texture":"#missing"},"up":{"uv":[0,0,0,16],"rotation":90,"texture":"#missing"},"down":{"uv":[0,0,0,16],"rotation":270,"texture":"#missing"}}},{"from":[12.70839,10.37323,4.45],"to":[21.20839,15.37323,4.45],"rotation":{"angle":45,"axis":"z","origin":[17.95839,12.87323,4.45]},"faces":{"north":{"uv":[3.375,1.0625,4,0],"rotation":90,"texture":"#0"},"east":{"uv":[0,0,0,6],"rotation":180,"texture":"#missing"},"south":{"uv":[4,1.0625,3.375,0],"rotation":270,"texture":"#0"},"west":{"uv":[0,0,0,6],"rotation":180,"texture":"#missing"},"up":{"uv":[0,16,0,0],"rotation":90,"texture":"#missing"},"down":{"uv":[0,16,0,0],"rotation":270,"texture":"#missing"}}},{"from":[19.5,5,4.5],"to":[26,9,4.5],"rotation":{"angle":22.5,"axis":"z","origin":[17.75,-4,2.5]},"faces":{"north":{"uv":[4,1.375,4.5,0.5625],"rotation":90,"texture":"#0"},"east":{"uv":[0,0,0,6],"rotation":180,"texture":"#missing"},"south":{"uv":[4.5,1.375,4,0.5625],"rotation":270,"texture":"#0"},"west":{"uv":[0,0,0,6],"rotation":180,"texture":"#missing"},"up":{"uv":[0,16,0,0],"rotation":90,"texture":"#missing"},"down":{"uv":[0,16,0,0],"rotation":270,"texture":"#missing"}}},{"from":[14.59494,3.10474,4.7],"to":[19.09494,6.10474,4.7],"rotation":{"angle":0,"axis":"y","origin":[17.84494,4.60474,4.7]},"faces":{"north":{"uv":[4,0.5625,4.375,0],"rotation":90,"texture":"#0"},"east":{"uv":[0,0,0,6],"rotation":180,"texture":"#missing"},"south":{"uv":[4,0,4.375,0.5625],"rotation":90,"texture":"#0"},"west":{"uv":[0,0,0,6],"rotation":180,"texture":"#missing"},"up":{"uv":[0,16,0,0],"rotation":90,"texture":"#missing"},"down":{"uv":[0,16,0,0],"rotation":270,"texture":"#missing"}}},{"from":[8.35,2,4],"to":[10.95,4.5,6.6],"rotation":{"angle":45,"axis":"y","origin":[9.6,6.5,5.25]},"faces":{"north":{"uv":[3.5625,2.5,3.875,2.8125],"texture":"#0"},"east":{"uv":[3.875,2.5,3.5625,2.8125],"texture":"#0"},"south":{"uv":[3.5625,2.5,3.875,2.8125],"texture":"#0"},"west":{"uv":[3.875,2.5,3.5625,2.8125],"texture":"#0"},"up":{"uv":[3.5625,3.125,3.875,2.8125],"rotation":90,"texture":"#0"},"down":{"uv":[3.5625,2.8125,3.875,3.125],"rotation":270,"texture":"#0"}}},{"from":[5.65,1.95,3.4],"to":[9.65,4.55,7.1],"rotation":{"angle":0,"axis":"y","origin":[25.15,-4,-2.75]},"faces":{"north":{"uv":[3.125,2.1875,3.625,2.5],"texture":"#0"},"east":{"uv":[3.625,2.1875,4.0625,2.5],"texture":"#0"},"south":{"uv":[3.125,2.1875,3.625,2.5],"texture":"#0"},"west":{"uv":[3.625,2.1875,4.0625,2.5],"texture":"#0"},"up":{"uv":[3.125,2.5,3.5625,3],"rotation":90,"texture":"#0"},"down":{"uv":[3.125,2.5,3.5625,3],"rotation":270,"texture":"#0"}}},{"from":[7.65,-1,3.45],"to":[11.35,3.5,4.45],"rotation":{"angle":-22.5,"axis":"y","origin":[7.65,1.75,3.45]},"faces":{"north":{"uv":[1.625,3.1875,2.1875,3.625],"rotation":270,"texture":"#0"},"east":{"uv":[8.625,2.0625,8.5,2.625],"rotation":180,"texture":"#0"},"south":{"uv":[1.625,3.1875,2.1875,3.625],"rotation":270,"texture":"#0"},"west":{"uv":[8.625,2.0625,8.5,2.625],"rotation":180,"texture":"#0"},"up":{"uv":[0.8125,2.6875,0.6875,3.125],"rotation":90,"texture":"#0"},"down":{"uv":[2.3125,3.1875,2.1875,3.625],"rotation":90,"texture":"#0"}}},{"from":[6.4,-3.5,4],"to":[8.9,-1,6.5],"rotation":{"angle":-45,"axis":"y","origin":[7.6,-4.25,5.25]},"faces":{"north":{"uv":[1.875,1.625,2.1875,1.9375],"texture":"#0"},"east":{"uv":[1.875,1.625,2.1875,1.9375],"texture":"#0"},"south":{"uv":[1.875,1.625,2.1875,1.9375],"texture":"#0"},"west":{"uv":[1.875,1.625,2.1875,1.9375],"texture":"#0"},"up":{"uv":[1.875,1.9375,2.1875,2.25],"rotation":90,"texture":"#0"},"down":{"uv":[1.875,1.9375,2.1875,2.25],"rotation":270,"texture":"#0"}}},{"from":[3.95,-1,3.45],"to":[7.65,3.5,4.45],"rotation":{"angle":22.5,"axis":"y","origin":[7.65,1.75,3.45]},"faces":{"north":{"uv":[1.625,3.625,2.1875,3.1875],"rotation":270,"texture":"#0"},"east":{"uv":[8.625,2.0625,8.5,2.625],"rotation":180,"texture":"#0"},"south":{"uv":[1.625,3.625,2.1875,3.1875],"rotation":270,"texture":"#0"},"west":{"uv":[8.625,2.0625,8.5,2.625],"rotation":180,"texture":"#0"},"up":{"uv":[0.8125,3.125,0.6875,2.6875],"rotation":90,"texture":"#0"},"down":{"uv":[2.3125,3.625,2.1875,3.1875],"rotation":90,"texture":"#0"}}},{"from":[7.65,-1,6.15],"to":[11.35,3.5,7.15],"rotation":{"angle":22.5,"axis":"y","origin":[7.65,1.75,7.15]},"faces":{"north":{"uv":[1.625,3.625,2.1875,3.1875],"rotation":270,"texture":"#0"},"east":{"uv":[8.5,2.0625,8.625,2.625],"rotation":180,"texture":"#0"},"south":{"uv":[1.625,3.625,2.1875,3.1875],"rotation":270,"texture":"#0"},"west":{"uv":[8.5,2.0625,8.625,2.625],"rotation":180,"texture":"#0"},"up":{"uv":[0.6875,2.6875,0.8125,3.125],"rotation":90,"texture":"#0"},"down":{"uv":[2.1875,3.1875,2.3125,3.625],"rotation":90,"texture":"#0"}}},{"from":[3.95,-1,6.15],"to":[7.65,3.5,7.15],"rotation":{"angle":-22.5,"axis":"y","origin":[7.65,1.75,7.15]},"faces":{"north":{"uv":[1.625,3.1875,2.1875,3.625],"rotation":270,"texture":"#0"},"east":{"uv":[8.5,2.0625,8.625,2.625],"rotation":180,"texture":"#0"},"south":{"uv":[1.625,3.1875,2.1875,3.625],"rotation":270,"texture":"#0"},"west":{"uv":[8.5,2.0625,8.625,2.625],"rotation":180,"texture":"#0"},"up":{"uv":[0.6875,3.125,0.8125,2.6875],"rotation":90,"texture":"#0"},"down":{"uv":[2.1875,3.625,2.3125,3.1875],"rotation":90,"texture":"#0"}}},{"from":[4.35,2,4],"to":[6.95,4.5,6.6],"rotation":{"angle":-45,"axis":"y","origin":[5.7,6.5,5.25]},"faces":{"north":{"uv":[3.875,2.5,3.5625,2.8125],"texture":"#0"},"east":{"uv":[3.5625,2.5,3.875,2.8125],"texture":"#0"},"south":{"uv":[3.875,2.5,3.5625,2.8125],"texture":"#0"},"west":{"uv":[3.5625,2.5,3.875,2.8125],"texture":"#0"},"up":{"uv":[3.5625,2.8125,3.875,3.125],"rotation":90,"texture":"#0"},"down":{"uv":[3.5625,3.125,3.875,2.8125],"rotation":270,"texture":"#0"}}},{"from":[6.9,4.5,4.2],"to":[8.9,7,6.2],"rotation":{"angle":-45,"axis":"y","origin":[7.7,4.75,4.95]},"faces":{"north":{"uv":[1.875,1.9375,2.1875,1.625],"rotation":180,"texture":"#0"},"east":{"uv":[1.875,1.9375,2.1875,1.625],"rotation":180,"texture":"#0"},"south":{"uv":[1.875,1.9375,2.1875,1.625],"rotation":180,"texture":"#0"},"west":{"uv":[1.875,1.9375,2.1875,1.625],"rotation":180,"texture":"#0"},"up":{"uv":[1.875,2.25,2.1875,1.9375],"rotation":90,"texture":"#0"},"down":{"uv":[1.875,2.25,2.1875,1.9375],"rotation":270,"texture":"#0"}}},{"from":[5.4,6.5,6.25],"to":[9.9,10.6,6.25],"rotation":{"angle":0,"axis":"y","origin":[24.65,12.5,13.25]},"faces":{"north":{"uv":[3.3125,0.5125,2.75,0],"texture":"#0"},"east":{"uv":[0.9375,1.6375,0.9375,1.125],"texture":"#0"},"south":{"uv":[3.3125,0.5125,2.75,0],"texture":"#0"},"west":{"uv":[0.9375,1.6375,0.9375,1.125],"texture":"#0"},"up":{"uv":[0.875,1.5,0.875,0.9375],"rotation":90,"texture":"#0"},"down":{"uv":[0.875,1.5,0.875,0.9375],"rotation":270,"texture":"#0"}}},{"from":[5.4,6.5,6.05],"to":[9.9,10.6,6.05],"rotation":{"angle":0,"axis":"y","origin":[24.65,12.5,-2.75]},"faces":{"north":{"uv":[2.75,0.5125,3.3125,0],"texture":"#0"},"east":{"uv":[0.9375,1.6375,0.9375,1.125],"texture":"#0"},"south":{"uv":[2.75,0.5125,3.3125,0],"texture":"#0"},"west":{"uv":[0.9375,1.6375,0.9375,1.125],"texture":"#0"},"up":{"uv":[0.875,1.5,0.875,0.9375],"rotation":90,"texture":"#0"},"down":{"uv":[0.875,1.5,0.875,0.9375],"rotation":270,"texture":"#0"}}}],"gui_light":"front","display":{"thirdperson_righthand":{"rotation":[68,0,0],"translation":[0.25,1.25,5],"scale":[0.5,0.5,0.5]},"thirdperson_lefthand":{"rotation":[68,0,0],"translation":[-6,-6.25,16.25]},"firstperson_righthand":{"rotation":[-10,0,0],"translation":[1.25,5.5,0],"scale":[0.6,0.6,0.6]},"firstperson_lefthand":{"rotation":[-10,0,0],"translation":[1.25,5.5,0],"scale":[0,0.00781,0]},"ground":{"rotation":[83,0,0],"translation":[0,1,3.75],"scale":[0.6,0.6,0.6]},"gui":{"rotation":[15,162,0],"translation":[0.5,1.5,-1.5],"scale":[0.4,0.4,0.4]},"head":{"rotation":[1,0,0],"translation":[0,16.75,1.75],"scale":[0.6,0.6,0.6]},"fixed":{"translation":[-0.5,8,-1.5],"scale":[1.4,1.4,1.4]}}}