{
	"credit": "Made with Blockbench",
	"texture_size": [128, 128],
	"textures": {
		"0": "elitecreatures:krampus_animated/krampus_texture",
		"1": "elitecreatures:krampus_animated/krampus_animation",
		"2": "elitecreatures:krampus_animated/krampus_animation2",
		"particle": "elitecreatures:krampus_animated/krampus_texture"
	},
	"elements": [
		{
			"from": [7, 4, 6.5],
			"to": [9, 13, 8.5],
			"rotation": {"angle": 45, "axis": "y", "origin": [8, 8, 7.5]},
			"faces": {
				"north": {"uv": [3.3125, 0, 3.0625, 1.125], "texture": "#0"},
				"east": {"uv": [3.0625, 0, 3.3125, 1.125], "texture": "#0"},
				"south": {"uv": [3.3125, 0, 3.0625, 1.125], "texture": "#0"},
				"west": {"uv": [3.0625, 0, 3.3125, 1.125], "texture": "#0"},
				"up": {"uv": [4.125, 0, 3.875, 0.25], "texture": "#0"},
				"down": {"uv": [4.125, 0, 3.875, 0.25], "texture": "#0"}
			}
		},
		{
			"from": [6.5, -6, 3.5],
			"to": [9.5, -5, 6.5],
			"rotation": {"angle": 0, "axis": "y", "origin": [8, -4.375, 5]},
			"faces": {
				"north": {"uv": [2.3125, 2.8125, 1.9375, 2.9375], "texture": "#0"},
				"east": {"uv": [2.3125, 2.6875, 1.9375, 2.8125], "texture": "#0"},
				"south": {"uv": [1.9375, 2.9375, 2.3125, 3.0625], "texture": "#0"},
				"west": {"uv": [1.9375, 2.6875, 2.3125, 2.8125], "texture": "#0"},
				"up": {"uv": [3.0625, 1.5625, 3.4375, 1.9375], "texture": "#0"},
				"down": {"uv": [3.4375, 1.5625, 3.8125, 1.9375], "texture": "#0"}
			}
		},
		{
			"from": [8, -5, 3],
			"to": [8, -1.5, 7],
			"rotation": {"angle": -45, "axis": "y", "origin": [8, -4.375, 5]},
			"faces": {
				"north": {"uv": [0, 0, 0, 0.4375], "texture": "#missing"},
				"east": {"uv": [5.0625, 0.875, 4.5625, 1.3125], "texture": "#0"},
				"south": {"uv": [0, 0, 0, 0.4375], "texture": "#missing"},
				"west": {"uv": [4.5625, 0.875, 5.0625, 1.3125], "texture": "#0"},
				"up": {"uv": [0, 0, 0, 0.5], "texture": "#missing"},
				"down": {"uv": [0, 0, 0, 0.5], "texture": "#missing"}
			}
		},
		{
			"from": [8, -5, 3],
			"to": [8, -1.5, 7],
			"rotation": {"angle": 45, "axis": "y", "origin": [8, -4.375, 5]},
			"faces": {
				"north": {"uv": [0, 0, 0, 0.4375], "texture": "#missing"},
				"east": {"uv": [5.0625, 0.875, 4.5625, 1.3125], "texture": "#0"},
				"south": {"uv": [0, 0, 0, 0.4375], "texture": "#missing"},
				"west": {"uv": [4.5625, 0.875, 5.0625, 1.3125], "texture": "#0"},
				"up": {"uv": [0, 0, 0, 0.5], "texture": "#missing"},
				"down": {"uv": [0, 0, 0, 0.5], "texture": "#missing"}
			}
		},
		{
			"from": [4.86679, 23.7, -0.27139],
			"to": [4.86679, 29.7, 3.72861],
			"rotation": {"angle": 45, "axis": "y", "origin": [4.70745, 24.22164, 2.35515]},
			"faces": {
				"north": {"uv": [0.9375, 1, 1.25, 1.625], "texture": "#0"},
				"east": {"uv": [4.5625, 0, 5.0625, 0.75], "texture": "#0"},
				"south": {"uv": [1.25, 1, 1.5625, 1.625], "texture": "#0"},
				"west": {"uv": [5.0625, 0, 4.5625, 0.75], "texture": "#0"},
				"up": {"uv": [1.9375, 0.3125, 1.625, 0], "rotation": 180, "texture": "#0"},
				"down": {"uv": [1.9375, 0.3125, 1.625, 0], "rotation": 180, "texture": "#0"}
			}
		},
		{
			"from": [4.05, 19.24329, 1.74498],
			"to": [5.55, 24.24329, 4.24498],
			"rotation": {"angle": 22.5, "axis": "y", "origin": [4.70745, 24.22164, 2.35515]},
			"faces": {
				"north": {"uv": [1.125, 1, 0.9375, 1.625], "texture": "#0"},
				"east": {"uv": [0.625, 1, 0.9375, 1.625], "texture": "#0"},
				"south": {"uv": [1.25, 1, 1.4375, 1.625], "texture": "#0"},
				"west": {"uv": [0.9375, 1, 0.625, 1.625], "texture": "#0"},
				"up": {"uv": [1.8125, 0.3125, 1.625, 0], "rotation": 180, "texture": "#0"},
				"down": {"uv": [1.8125, 0.3125, 1.625, 0], "rotation": 180, "texture": "#0"}
			}
		},
		{
			"from": [4.3, 18.14759, 2.54217],
			"to": [6.3, 21.14759, 7.54217],
			"rotation": {"angle": 22.5, "axis": "x", "origin": [6.38425, 22.23744, 2.31095]},
			"faces": {
				"north": {"uv": [6.375, 6.3125, 6.75, 6.5625], "rotation": 90, "texture": "#0"},
				"east": {"uv": [0.625, 0, 1, 0.625], "rotation": 90, "texture": "#0"},
				"south": {"uv": [2.625, 7.1875, 3, 7.4375], "rotation": 90, "texture": "#0"},
				"west": {"uv": [0.625, 0.625, 1, 0], "rotation": 90, "texture": "#0"},
				"up": {"uv": [1.625, 0.375, 1, 0.625], "rotation": 270, "texture": "#0"},
				"down": {"uv": [1.625, 0.25, 1, 0], "rotation": 270, "texture": "#0"}
			}
		},
		{
			"from": [11.13321, 23.7, -0.27139],
			"to": [11.13321, 29.7, 3.72861],
			"rotation": {"angle": -45, "axis": "y", "origin": [11.29255, 24.22164, 2.35515]},
			"faces": {
				"north": {"uv": [1.25, 1, 0.9375, 1.625], "texture": "#0"},
				"east": {"uv": [4.5625, 0, 5.0625, 0.75], "texture": "#0"},
				"south": {"uv": [1.5625, 1, 1.25, 1.625], "texture": "#0"},
				"west": {"uv": [5.0625, 0, 4.5625, 0.75], "texture": "#0"},
				"up": {"uv": [1.625, 0.3125, 1.9375, 0], "rotation": 180, "texture": "#0"},
				"down": {"uv": [1.625, 0.3125, 1.9375, 0], "rotation": 180, "texture": "#0"}
			}
		},
		{
			"from": [10.45, 19.24329, 1.74498],
			"to": [11.95, 24.24329, 4.24498],
			"rotation": {"angle": -22.5, "axis": "y", "origin": [11.29255, 24.22164, 2.35515]},
			"faces": {
				"north": {"uv": [0.9375, 1, 1.125, 1.625], "texture": "#0"},
				"east": {"uv": [0.625, 1, 0.9375, 1.625], "texture": "#0"},
				"south": {"uv": [1.4375, 1, 1.25, 1.625], "texture": "#0"},
				"west": {"uv": [0.9375, 1, 0.625, 1.625], "texture": "#0"},
				"up": {"uv": [1.625, 0.3125, 1.8125, 0], "rotation": 180, "texture": "#0"},
				"down": {"uv": [1.625, 0.3125, 1.8125, 0], "rotation": 180, "texture": "#0"}
			}
		},
		{
			"from": [9.7, 18.14759, 2.54217],
			"to": [11.7, 21.14759, 7.54217],
			"rotation": {"angle": 22.5, "axis": "x", "origin": [9.61575, 22.23744, 2.31095]},
			"faces": {
				"north": {"uv": [6.375, 6.5625, 6.75, 6.3125], "rotation": 90, "texture": "#0"},
				"east": {"uv": [0.625, 0, 1, 0.625], "rotation": 90, "texture": "#0"},
				"south": {"uv": [2.625, 7.4375, 3, 7.1875], "rotation": 90, "texture": "#0"},
				"west": {"uv": [0.625, 0.625, 1, 0], "rotation": 90, "texture": "#0"},
				"up": {"uv": [1.625, 0.625, 1, 0.375], "rotation": 270, "texture": "#0"},
				"down": {"uv": [1.625, 0, 1, 0.25], "rotation": 270, "texture": "#0"}
			}
		},
		{
			"from": [6.75, 12, 6.25],
			"to": [9.25, 14.5, 8.75],
			"rotation": {"angle": 45, "axis": "y", "origin": [8, 8.5, 7.5]},
			"faces": {
				"north": {"uv": [2.8125, 2.5625, 2.5, 2.25], "texture": "#0"},
				"east": {"uv": [2.5, 2.5625, 2.8125, 2.25], "texture": "#0"},
				"south": {"uv": [2.8125, 2.5625, 2.5, 2.25], "texture": "#0"},
				"west": {"uv": [2.5, 2.5625, 2.8125, 2.25], "texture": "#0"},
				"up": {"uv": [2.8125, 2.875, 2.5, 2.5625], "texture": "#0"},
				"down": {"uv": [2.8125, 2.875, 2.5, 2.5625], "texture": "#0"}
			}
		},
		{
			"from": [6.75, 1.5, 6.25],
			"to": [9.25, 4, 8.75],
			"rotation": {"angle": 45, "axis": "y", "origin": [8, 7.5, 7.5]},
			"faces": {
				"north": {"uv": [2.8125, 2.25, 2.5, 2.5625], "texture": "#0"},
				"east": {"uv": [2.5, 2.25, 2.8125, 2.5625], "texture": "#0"},
				"south": {"uv": [2.8125, 2.25, 2.5, 2.5625], "texture": "#0"},
				"west": {"uv": [2.5, 2.25, 2.8125, 2.5625], "texture": "#0"},
				"up": {"uv": [2.8125, 2.5625, 2.5, 2.875], "texture": "#0"},
				"down": {"uv": [2.8125, 2.5625, 2.5, 2.875], "texture": "#0"}
			}
		},
		{
			"from": [6, 14.1, 4],
			"to": [10, 17.1, 10],
			"rotation": {"angle": 22.5, "axis": "x", "origin": [8, 15.1, 6.5]},
			"faces": {
				"north": {"uv": [5, 6.5625, 5.5, 6.9375], "texture": "#0"},
				"east": {"uv": [5.4375, 7.3125, 6.1875, 7.6875], "texture": "#0"},
				"south": {"uv": [5.4375, 7.6875, 5.9375, 8.0625], "texture": "#0"},
				"west": {"uv": [5.4375, 7.3125, 6.1875, 7.6875], "texture": "#0"},
				"up": {"uv": [4.5625, 8.0625, 5.0625, 8.8125], "texture": "#0"},
				"down": {"uv": [5.0625, 8.0625, 5.5625, 8.8125], "texture": "#0"}
			}
		},
		{
			"from": [6, -1.1, 4],
			"to": [10, 1.9, 10],
			"rotation": {"angle": -22.5, "axis": "x", "origin": [8, 0.9, 6.5]},
			"faces": {
				"north": {"uv": [5, 6.9375, 5.5, 6.5625], "texture": "#0"},
				"east": {"uv": [5, 6.9375, 4.25, 6.5625], "texture": "#0"},
				"south": {"uv": [4.5625, 8.0625, 5.0625, 7.6875], "texture": "#0"},
				"west": {"uv": [4.25, 6.9375, 5, 6.5625], "texture": "#0"},
				"up": {"uv": [4.75, 7.6875, 5.25, 6.9375], "texture": "#0"},
				"down": {"uv": [4.25, 7.6875, 4.75, 6.9375], "texture": "#0"}
			}
		},
		{
			"from": [7, 17, 5.5],
			"to": [9, 22, 8.5],
			"rotation": {"angle": 22.5, "axis": "x", "origin": [9, 15, 7]},
			"faces": {
				"north": {"uv": [5.875, 6.3125, 6.125, 6.9375], "texture": "#0"},
				"east": {"uv": [5.875, 6.3125, 5.5, 6.9375], "texture": "#0"},
				"south": {"uv": [6.125, 6.3125, 6.375, 6.9375], "texture": "#0"},
				"west": {"uv": [5.5, 6.3125, 5.875, 6.9375], "texture": "#0"},
				"up": {"uv": [6.375, 5.75, 6.625, 6.125], "texture": "#0"},
				"down": {"uv": [6.375, 5.75, 6.625, 6.125], "texture": "#0"}
			}
		},
		{
			"from": [7.25, 20.04118, 8.29296],
			"to": [8.75, 21.54118, 15.29296],
			"rotation": {"angle": -22.5, "axis": "x", "origin": [7.7, 22.04118, 8.29296]},
			"faces": {
				"north": {"uv": [5.25, 6.9375, 5.4375, 7.125], "rotation": 90, "texture": "#0"},
				"east": {"uv": [5.25, 7.8125, 5.4375, 6.9375], "rotation": 90, "texture": "#0"},
				"south": {"uv": [5.25, 6.9375, 5.4375, 7.125], "rotation": 90, "texture": "#0"},
				"west": {"uv": [5.25, 6.9375, 5.4375, 7.8125], "rotation": 90, "texture": "#0"},
				"up": {"uv": [5.4375, 6.9375, 6.3125, 7.125], "rotation": 90, "texture": "#0"},
				"down": {"uv": [5.4375, 7.125, 6.3125, 7.3125], "rotation": 90, "texture": "#0"}
			}
		},
		{
			"from": [7.25, -5.54118, 8.29296],
			"to": [8.75, -4.04118, 15.29296],
			"rotation": {"angle": 22.5, "axis": "x", "origin": [7.7, -6.04118, 8.29296]},
			"faces": {
				"north": {"uv": [5.4375, 6.9375, 5.25, 7.125], "rotation": 90, "texture": "#0"},
				"east": {"uv": [5.4375, 7.8125, 5.25, 6.9375], "rotation": 90, "texture": "#0"},
				"south": {"uv": [5.4375, 6.9375, 5.25, 7.125], "rotation": 90, "texture": "#0"},
				"west": {"uv": [5.4375, 6.9375, 5.25, 7.8125], "rotation": 90, "texture": "#0"},
				"up": {"uv": [6.3125, 7.125, 5.4375, 7.3125], "rotation": 90, "texture": "#0"},
				"down": {"uv": [6.3125, 6.9375, 5.4375, 7.125], "rotation": 90, "texture": "#0"}
			}
		},
		{
			"from": [7, -6, 5.5],
			"to": [9, -1, 8.5],
			"rotation": {"angle": -22.5, "axis": "x", "origin": [9, 1, 7]},
			"faces": {
				"north": {"uv": [5.875, 6.9375, 6.125, 6.3125], "texture": "#0"},
				"east": {"uv": [5.875, 6.9375, 5.5, 6.3125], "texture": "#0"},
				"south": {"uv": [6.125, 6.9375, 6.375, 6.3125], "texture": "#0"},
				"west": {"uv": [5.5, 6.9375, 5.875, 6.3125], "texture": "#0"},
				"up": {"uv": [6.375, 6.125, 6.625, 5.75], "texture": "#0"},
				"down": {"uv": [6.375, 6.125, 6.625, 5.75], "texture": "#0"}
			}
		},
		{
			"from": [6.25, 22.20838, 14.72111],
			"to": [10.25, 25.20838, 18.72111],
			"rotation": {"angle": 45, "axis": "x", "origin": [8.25, 25.66682, 17.09359]},
			"faces": {
				"north": {"uv": [3.8125, 0.375, 3.3125, 0.75], "texture": "#0"},
				"east": {"uv": [3.8125, 0, 3.3125, 0.375], "texture": "#0"},
				"south": {"uv": [3.8125, 0.375, 3.3125, 0.75], "texture": "#0"},
				"west": {"uv": [3.8125, 0, 3.3125, 0.375], "texture": "#0"},
				"up": {"uv": [3.8125, 0.75, 3.3125, 1.25], "texture": "#0"},
				"down": {"uv": [3.8125, 0.75, 3.3125, 1.25], "texture": "#0"}
			}
		},
		{
			"from": [8.25, 24.61872, 14.43826],
			"to": [8.25, 30.61872, 18.93826],
			"rotation": {"angle": 22.5, "axis": "x", "origin": [8.25, 25.66682, 17.09359]},
			"faces": {
				"north": {"uv": [3.8125, 0.375, 3.3125, 0.75], "texture": "#0"},
				"east": {"uv": [4.4375, 0, 3.875, 0.75], "texture": "#0"},
				"south": {"uv": [3.8125, 0.375, 3.3125, 0.75], "texture": "#0"},
				"west": {"uv": [4.4375, 0.75, 3.875, 0], "rotation": 180, "texture": "#0"},
				"up": {"uv": [3.8125, 0.75, 3.3125, 1.25], "texture": "#0"},
				"down": {"uv": [3.8125, 0.75, 3.3125, 1.25], "texture": "#0"}
			}
		},
		{
			"from": [1.1, 15, 4.1],
			"to": [6.1, 19, 4.1],
			"rotation": {"angle": 22.5, "axis": "y", "origin": [5.1, 16, 4.1]},
			"faces": {
				"north": {"uv": [3.875, 0.8125, 4.5, 1.3125], "texture": "#0"},
				"east": {"uv": [0, 0, 0, 0.5], "texture": "#missing"},
				"south": {"uv": [4.5, 0.8125, 3.875, 1.3125], "texture": "#0"},
				"west": {"uv": [0, 0, 0, 0.5], "texture": "#missing"},
				"up": {"uv": [0, 0, 0, 0.625], "rotation": 90, "texture": "#missing"},
				"down": {"uv": [0, 0, 0, 0.625], "rotation": 270, "texture": "#missing"}
			}
		},
		{
			"from": [9.9, 15, 4.1],
			"to": [14.9, 19, 4.1],
			"rotation": {"angle": -22.5, "axis": "y", "origin": [10.9, 16, 4.1]},
			"faces": {
				"north": {"uv": [4.5, 0.8125, 3.875, 1.3125], "texture": "#0"},
				"east": {"uv": [0, 0, 0, 0.5], "texture": "#missing"},
				"south": {"uv": [3.875, 0.8125, 4.5, 1.3125], "texture": "#0"},
				"west": {"uv": [0, 0, 0, 0.5], "texture": "#missing"},
				"up": {"uv": [0, 0.625, 0, 0], "rotation": 90, "texture": "#missing"},
				"down": {"uv": [0, 0.625, 0, 0], "rotation": 270, "texture": "#missing"}
			}
		},
		{
			"from": [6.1, 13, 0.8],
			"to": [6.1, 17, 4.8],
			"rotation": {"angle": 22.5, "axis": "y", "origin": [6.1, 15, 2.8]},
			"faces": {
				"north": {"uv": [0, 0, 0, 12], "texture": "#missing"},
				"east": {"uv": [5.125, 0, 5.625, 0.5], "rotation": 270, "texture": "#0"},
				"south": {"uv": [0, 0, 0, 12], "rotation": 180, "texture": "#missing"},
				"west": {"uv": [5.625, 0, 5.125, 0.5], "rotation": 90, "texture": "#0"},
				"up": {"uv": [0, 0, 0, 12], "rotation": 180, "texture": "#missing"},
				"down": {"uv": [0, 0, 0, 12], "texture": "#missing"}
			}
		},
		{
			"from": [10.1, 13, 0.8],
			"to": [10.1, 17, 4.8],
			"rotation": {"angle": -22.5, "axis": "y", "origin": [10.1, 15, 2.8]},
			"faces": {
				"north": {"uv": [0, 0, 0, 12], "texture": "#missing"},
				"east": {"uv": [5.625, 0.5, 5.125, 0], "rotation": 90, "texture": "#0"},
				"south": {"uv": [0, 0, 0, 12], "rotation": 180, "texture": "#missing"},
				"west": {"uv": [5.125, 0.5, 5.625, 0], "rotation": 270, "texture": "#0"},
				"up": {"uv": [0, 0, 0, 12], "rotation": 180, "texture": "#missing"},
				"down": {"uv": [0, 0, 0, 12], "texture": "#missing"}
			}
		},
		{
			"from": [6.1, 14.5, 3.1],
			"to": [11.1, 19.5, 7.1],
			"rotation": {"angle": -45, "axis": "z", "origin": [8.1, 17.5, 5.1]},
			"faces": {
				"north": {"uv": [0, 0, 0.625, 0.625], "rotation": 90, "texture": "#0"},
				"east": {"uv": [0, 0.625, 0.625, 1.125], "rotation": 90, "texture": "#0"},
				"south": {"uv": [5.5625, 8.6875, 6.1875, 8.0625], "rotation": 90, "texture": "#0"},
				"west": {"uv": [0, 1.125, 0.625, 1.625], "rotation": 90, "texture": "#0"},
				"up": {"uv": [0.625, 1.125, 0, 1.625], "rotation": 180, "texture": "#0"},
				"down": {"uv": [0, 0.625, 0.625, 1.125], "texture": "#0"}
			}
		},
		{
			"from": [6.1, 14.5, 3],
			"to": [11.1, 19.5, 3],
			"rotation": {"angle": -45, "axis": "z", "origin": [8.1, 17.5, 5]},
			"faces": {
				"north": {"uv": [0, 0, 10, 10], "texture": "#2"},
				"east": {"uv": [0, 0, 0, 10], "texture": "#missing"},
				"south": {"uv": [0, 0, 10, 10], "texture": "#2"},
				"west": {"uv": [0, 0, 0, 10], "texture": "#missing"},
				"up": {"uv": [0, 10, 0, 0], "rotation": 90, "texture": "#missing"},
				"down": {"uv": [0, 0, 0, 10], "rotation": 270, "texture": "#missing"}
			}
		},
		{
			"from": [8.25, -14.61872, 14.43826],
			"to": [8.25, -8.61872, 18.93826],
			"rotation": {"angle": -22.5, "axis": "x", "origin": [8.25, -9.66682, 17.09359]},
			"faces": {
				"north": {"uv": [3.8125, 0.75, 3.3125, 0.375], "texture": "#0"},
				"east": {"uv": [4.4375, 0.75, 3.875, 0], "texture": "#0"},
				"south": {"uv": [3.8125, 0.75, 3.3125, 0.375], "texture": "#0"},
				"west": {"uv": [4.4375, 0, 3.875, 0.75], "rotation": 180, "texture": "#0"},
				"up": {"uv": [3.8125, 1.25, 3.3125, 0.75], "texture": "#0"},
				"down": {"uv": [3.8125, 1.25, 3.3125, 0.75], "texture": "#0"}
			}
		},
		{
			"from": [7.75, -7, 14],
			"to": [8.25, 8, 14.5],
			"rotation": {"angle": 0, "axis": "y", "origin": [8, -6.5, 14.25]},
			"faces": {
				"north": {"uv": [3.0625, 11.125, 3.125, 9.25], "texture": "#0"},
				"east": {"uv": [3.0625, 11.125, 3.125, 9.25], "texture": "#0"},
				"south": {"uv": [3.0625, 11.125, 3.125, 9.25], "texture": "#0"},
				"west": {"uv": [3.0625, 11.125, 3.125, 9.25], "texture": "#0"},
				"up": {"uv": [3.0625, 11.125, 3.125, 9.25], "texture": "#0"},
				"down": {"uv": [3.0625, 11.125, 3.125, 9.25], "texture": "#0"}
			}
		},
		{
			"from": [7.75, 8, 14],
			"to": [8.25, 23, 14.5],
			"rotation": {"angle": 0, "axis": "y", "origin": [8, 22.5, 14.25]},
			"faces": {
				"north": {"uv": [3.0625, 9.25, 3.125, 11.125], "texture": "#0"},
				"east": {"uv": [3.0625, 9.25, 3.125, 11.125], "texture": "#0"},
				"south": {"uv": [3.0625, 9.25, 3.125, 11.125], "texture": "#0"},
				"west": {"uv": [3.0625, 9.25, 3.125, 11.125], "texture": "#0"},
				"up": {"uv": [3.0625, 9.25, 3.125, 11.125], "texture": "#0"},
				"down": {"uv": [3.0625, 9.25, 3.125, 11.125], "texture": "#0"}
			}
		},
		{
			"from": [6.25, -9.20838, 14.72111],
			"to": [10.25, -6.20838, 18.72111],
			"rotation": {"angle": -45, "axis": "x", "origin": [8.25, -9.66682, 17.09359]},
			"faces": {
				"north": {"uv": [3.8125, 0.75, 3.3125, 0.375], "texture": "#0"},
				"east": {"uv": [3.8125, 0.375, 3.3125, 0], "texture": "#0"},
				"south": {"uv": [3.8125, 0.75, 3.3125, 0.375], "texture": "#0"},
				"west": {"uv": [3.8125, 0.375, 3.3125, 0], "texture": "#0"},
				"up": {"uv": [3.8125, 1.25, 3.3125, 0.75], "texture": "#0"},
				"down": {"uv": [3.8125, 1.25, 3.3125, 0.75], "texture": "#0"}
			}
		},
		{
			"from": [6, -1.5, 1.5],
			"to": [6, 2.5, 5.5],
			"rotation": {"angle": 22.5, "axis": "y", "origin": [6, 0.5, 3.5]},
			"faces": {
				"north": {"uv": [0, 12, 0, 0], "texture": "#missing"},
				"east": {"uv": [5.625, 0, 5.125, 0.5], "rotation": 270, "texture": "#0"},
				"south": {"uv": [0, 12, 0, 0], "rotation": 180, "texture": "#missing"},
				"west": {"uv": [5.125, 0, 5.625, 0.5], "rotation": 90, "texture": "#0"},
				"up": {"uv": [0, 12, 0, 0], "texture": "#missing"},
				"down": {"uv": [0, 12, 0, 0], "rotation": 180, "texture": "#missing"}
			}
		},
		{
			"from": [10, -1.5, 1.5],
			"to": [10, 2.5, 5.5],
			"rotation": {"angle": -22.5, "axis": "y", "origin": [10, 0.5, 3.5]},
			"faces": {
				"north": {"uv": [0, 12, 0, 0], "texture": "#missing"},
				"east": {"uv": [5.125, 0.5, 5.625, 0], "rotation": 90, "texture": "#0"},
				"south": {"uv": [0, 12, 0, 0], "rotation": 180, "texture": "#missing"},
				"west": {"uv": [5.625, 0.5, 5.125, 0], "rotation": 270, "texture": "#0"},
				"up": {"uv": [0, 12, 0, 0], "texture": "#missing"},
				"down": {"uv": [0, 12, 0, 0], "rotation": 180, "texture": "#missing"}
			}
		},
		{
			"from": [5, 19, 0.5],
			"to": [11, 30, 0.5],
			"rotation": {"angle": 0, "axis": "y", "origin": [8, 24, 0.5]},
			"faces": {
				"north": {"uv": [0, 0, 6, 11], "texture": "#1"},
				"east": {"uv": [0, 0, 0, 8], "texture": "#missing"},
				"south": {"uv": [6, 0, 0, 11], "texture": "#1"},
				"west": {"uv": [0, 0, 0, 8], "texture": "#missing"},
				"up": {"uv": [0, 6, 0, 0], "rotation": 90, "texture": "#missing"},
				"down": {"uv": [0, 0, 0, 6], "rotation": 270, "texture": "#missing"}
			}
		}
	],
	"gui_light": "front",
	"display": {
		"thirdperson_righthand": {
			"rotation": [0, -3, 0],
			"translation": [-0.75, -1.75, 2],
			"scale": [0.5, 0.5, 0.5]
		},
		"thirdperson_lefthand": {
			"rotation": [0, -3, 0],
			"translation": [-0.75, -1.75, 2],
			"scale": [0.5, 0.5, 0.5]
		},
		"firstperson_righthand": {
			"rotation": [-34.69, -9.23, -9],
			"translation": [6.5, -2, -2.5],
			"scale": [0.54883, 0.54883, 0.54883]
		},
		"firstperson_lefthand": {
			"rotation": [-34.69, -9.23, -9],
			"translation": [6.5, -2, -2.5],
			"scale": [0.54883, 0.54883, 0.54883]
		},
		"ground": {
			"rotation": [94, 85, 0],
			"translation": [0, 1.5, 0.25],
			"scale": [0.5, 0.5, 0.5]
		},
		"gui": {
			"rotation": [-57, 135, 71],
			"translation": [-1.5, 1.25, 0],
			"scale": [0.5, 0.5, 0.5]
		},
		"head": {
			"rotation": [91, -1, 90],
			"translation": [0, 10.5, 0.25],
			"scale": [0.7, 0.7, 0.7]
		},
		"fixed": {
			"rotation": [0, 90, 0],
			"translation": [-2, 0.75, -2.25],
			"scale": [1.2, 1.2, 1.2]
		}
	}
}