{
	"credit": "by w11shes",
	"texture_size": [32, 32],
	"textures": {
		"2": "elitecreatures:minotaur_assortment/axe",
		"particle": "elitecreatures:minotaur_assortment/axe"
	},
	"elements": [
		{
			"from": [6.02137, -10.93673, 7.49561],
			"to": [10.02137, -6.93673, 11.49561],
			"rotation": {"angle": 22.5, "axis": "x", "origin": [8.03387, -1.31179, 7.0125]},
			"faces": {
				"north": {"uv": [7, 5, 9, 7], "texture": "#2"},
				"east": {"uv": [7, 5, 9, 7], "texture": "#2"},
				"south": {"uv": [7, 5, 9, 7], "texture": "#2"},
				"west": {"uv": [7, 5, 9, 7], "texture": "#2"},
				"up": {"uv": [9, 9, 7, 7], "rotation": 270, "texture": "#2"},
				"down": {"uv": [2, 7.5, 0, 9.5], "rotation": 90, "texture": "#2"}
			}
		},
		{
			"from": [8.02137, -15.93673, 5.49561],
			"to": [8.07137, -10.93673, 11.49561],
			"rotation": {"angle": 22.5, "axis": "x", "origin": [8.03387, -1.31179, 7.0125]},
			"faces": {
				"east": {"uv": [8.5, 0, 5.5, 2.5], "texture": "#2"},
				"west": {"uv": [5.5, 0, 8.5, 2.5], "texture": "#2"}
			}
		},
		{
			"from": [7.52137, -13.93673, 8.49561],
			"to": [8.52137, -10.93673, 11.49561],
			"rotation": {"angle": 22.5, "axis": "x", "origin": [8.03387, -1.31179, 7.0125]},
			"faces": {
				"north": {"uv": [7, 0, 7.5, 1.5], "texture": "#2"},
				"east": {"uv": [8.5, 0, 7, 1.5], "texture": "#2"},
				"south": {"uv": [8, 0, 8.5, 1.5], "texture": "#2"},
				"west": {"uv": [7, 0, 8.5, 1.5], "texture": "#2"},
				"down": {"uv": [8.5, 1, 7, 1.5], "rotation": 90, "texture": "#2"}
			}
		},
		{
			"from": [7.00108, -8, 6.02761],
			"to": [9.00108, 14, 8.02761],
			"rotation": {"angle": 45, "axis": "y", "origin": [8.03387, -1.31179, 7.0125]},
			"faces": {
				"north": {"uv": [5.5, 0, 4.5, 11], "texture": "#2"},
				"east": {"uv": [4.5, 0, 5.5, 11], "texture": "#2"},
				"south": {"uv": [5.5, 0, 4.5, 11], "texture": "#2"},
				"west": {"uv": [4.5, 0, 5.5, 11], "texture": "#2"},
				"up": {"uv": [4.5, 8.5, 3.5, 7.5], "rotation": 270, "texture": "#2"}
			}
		},
		{
			"from": [6.52137, 6, 5.54637],
			"to": [9.52137, 12, 8.54637],
			"rotation": {"angle": 0, "axis": "y", "origin": [8.03387, -1.31179, 7.0125]},
			"faces": {
				"north": {"uv": [5.5, 5, 7, 8], "texture": "#2"},
				"east": {"uv": [5.5, 5, 7, 8], "texture": "#2"},
				"south": {"uv": [5.5, 5, 7, 8], "texture": "#2"},
				"west": {"uv": [5.5, 5, 7, 8], "texture": "#2"},
				"up": {"uv": [3.5, 9, 2, 7.5], "rotation": 270, "texture": "#2"},
				"down": {"uv": [7, 8, 5.5, 9.5], "rotation": 90, "texture": "#2"}
			}
		},
		{
			"from": [8.02137, -4.19376, -6.52281],
			"to": [8.07137, 10.80624, 2.47719],
			"rotation": {"angle": 22.5, "axis": "x", "origin": [8.03387, -1.31179, 7.0125]},
			"faces": {
				"east": {"uv": [4.5, 0, 0, 7.5], "texture": "#2"},
				"west": {"uv": [0, 0, 4.5, 7.5], "texture": "#2"}
			}
		},
		{
			"from": [7.52137, 5.80624, -4.52281],
			"to": [8.57137, 8.80624, 2.47719],
			"rotation": {"angle": 22.5, "axis": "x", "origin": [8.03387, -1.31179, 7.0125]},
			"faces": {
				"north": {"uv": [1, 1, 1.5, 2.5], "texture": "#2"},
				"east": {"uv": [4.5, 1, 1, 2.5], "texture": "#2"},
				"west": {"uv": [1, 1, 4.5, 2.5], "texture": "#2"},
				"up": {"uv": [4.5, 1, 1, 1.5], "rotation": 270, "texture": "#2"},
				"down": {"uv": [4.5, 2, 1, 2.5], "rotation": 90, "texture": "#2"}
			}
		},
		{
			"from": [7.52137, -1.19376, -4.52281],
			"to": [8.57137, 5.80624, -2.52281],
			"rotation": {"angle": 22.5, "axis": "x", "origin": [8.03387, -1.31179, 7.0125]},
			"faces": {
				"north": {"uv": [1, 2.5, 1.5, 6.5], "texture": "#2"},
				"east": {"uv": [2, 2.5, 1, 6.5], "texture": "#2"},
				"south": {"uv": [1.5, 2.5, 2, 6.5], "texture": "#2"},
				"west": {"uv": [1, 2.5, 2, 6.5], "texture": "#2"},
				"down": {"uv": [2, 6, 1, 6.5], "rotation": 90, "texture": "#2"}
			}
		},
		{
			"from": [8.02137, 5.78032, 11.6104],
			"to": [8.07137, 10.78032, 17.6104],
			"rotation": {"angle": -22.5, "axis": "x", "origin": [8.03387, -1.31179, 7.0125]},
			"faces": {
				"east": {"uv": [8.5, 2.5, 5.5, 5], "texture": "#2"},
				"west": {"uv": [5.5, 2.5, 8.5, 5], "texture": "#2"}
			}
		},
		{
			"from": [7.52137, 5.78032, 11.6104],
			"to": [8.57137, 8.78032, 15.6104],
			"rotation": {"angle": -22.5, "axis": "x", "origin": [8.03387, -1.31179, 7.0125]},
			"faces": {
				"east": {"uv": [7.5, 3.5, 5.5, 5], "texture": "#2"},
				"south": {"uv": [7, 3.5, 7.5, 5], "texture": "#2"},
				"west": {"uv": [5.5, 3.5, 7.5, 5], "texture": "#2"},
				"up": {"uv": [7.5, 3.5, 5.5, 4], "rotation": 270, "texture": "#2"},
				"down": {"uv": [7.5, 4.5, 5.5, 5], "rotation": 90, "texture": "#2"}
			}
		}
	],
	"gui_light": "front",
	"display": {
		"thirdperson_righthand": {
			"translation": [-0.25, 4, 1.75],
			"scale": [0.6, 0.6, 0.6]
		},
		"thirdperson_lefthand": {
			"translation": [-0.25, 4, 1.75],
			"scale": [0.6, 0.6, 0.6]
		},
		"firstperson_righthand": {
			"rotation": [9, 20, 0],
			"translation": [3.25, 5, -0.25],
			"scale": [0.54883, 0.54883, 0.54883]
		},
		"firstperson_lefthand": {
			"rotation": [9, 20, 0],
			"translation": [3.25, 5, -0.25],
			"scale": [0.54883, 0.54883, 0.54883]
		},
		"ground": {
			"rotation": [94, 85, 0],
			"translation": [0, 0.25, -0.75],
			"scale": [0.5, 0.5, 0.5]
		},
		"gui": {
			"rotation": [-90, 45, 88],
			"translation": [-1.25, 3.25, 0],
			"scale": [0.48, 0.48, 0.48]
		},
		"head": {
			"rotation": [90, -171, 90],
			"translation": [-2.25, 9.25, 0.25],
			"scale": [0.7, 0.7, 0.7]
		},
		"fixed": {
			"rotation": [0, 90, 0],
			"translation": [0, 0.25, -1.25],
			"scale": [1.2, 1.2, 1.2]
		}
	}
}