{
	"credit": "by w11shes",
	"texture_size": [32, 32],
	"textures": {
		"0": "elitecreatures:minotaur_assortment/bow",
		"particle": "elitecreatures:minotaur_assortment/bow"
	},
	"elements": [
		{
			"from": [7, 4, 5],
			"to": [9, 12, 7],
			"faces": {
				"north": {"uv": [3, 5.5, 4, 9.5], "texture": "#0"},
				"east": {"uv": [4, 5.5, 5, 9.5], "texture": "#0"},
				"south": {"uv": [5.5, 5.5, 6.5, 9.5], "texture": "#0"},
				"west": {"uv": [5, 5.5, 4, 9.5], "texture": "#0"}
			}
		},
		{
			"from": [6.98, 14, 5],
			"to": [9.02, 20, 8],
			"rotation": {"angle": 22.5, "axis": "x", "origin": [8, 14, 5]},
			"faces": {
				"north": {"uv": [8.5, 6.5, 9.5, 9.5], "texture": "#0"},
				"east": {"uv": [3.5, 0, 5, 3], "texture": "#0"},
				"south": {"uv": [0, 9, 1, 12], "texture": "#0"},
				"west": {"uv": [5, 0, 3.5, 3], "texture": "#0"},
				"up": {"uv": [8, 11, 7, 9.5], "texture": "#0"}
			}
		},
		{
			"from": [8, 19, 0],
			"to": [8.05, 24, 6],
			"rotation": {"angle": -22.5, "axis": "x", "origin": [8, 14, 5]},
			"faces": {
				"east": {"uv": [10.5, 1, 13.5, 3.5], "texture": "#0"},
				"west": {"uv": [13.5, 1, 10.5, 3.5], "texture": "#0"}
			}
		},
		{
			"from": [6.5, 13, 4],
			"to": [9.5, 19, 7],
			"rotation": {"angle": -22.5, "axis": "x", "origin": [8, 14, 5]},
			"faces": {
				"north": {"uv": [0, 6, 1.5, 9], "texture": "#0"},
				"east": {"uv": [5.5, 0.5, 7, 3.5], "texture": "#0"},
				"south": {"uv": [1.5, 6, 3, 9], "texture": "#0"},
				"west": {"uv": [7, 0.5, 5.5, 3.5], "texture": "#0"},
				"up": {"uv": [7, 11, 5.5, 9.5], "texture": "#0"}
			}
		},
		{
			"from": [5.5, 12, 4],
			"to": [10.5, 15, 9],
			"rotation": {"angle": 22.5, "axis": "x", "origin": [8, 14, 5]},
			"faces": {
				"north": {"uv": [7, 2, 9.5, 3.5], "texture": "#0"},
				"east": {"uv": [8, 3.5, 10.5, 5], "texture": "#0"},
				"south": {"uv": [8.5, 5, 11, 6.5], "texture": "#0"},
				"west": {"uv": [8, 3.5, 10.5, 5], "texture": "#0"},
				"up": {"uv": [2.5, 5.5, 0, 3], "texture": "#0"},
				"down": {"uv": [5, 3, 2.5, 5.5], "texture": "#0"}
			}
		},
		{
			"from": [7, 17.16059, 7.21998],
			"to": [9, 19.16059, 14.21998],
			"rotation": {"angle": 0, "axis": "y", "origin": [7.02, -4.33941, -0.03002]},
			"faces": {
				"east": {"uv": [9, 0, 12.5, 1], "texture": "#0"},
				"west": {"uv": [12.5, 0, 9, 1], "texture": "#0"},
				"up": {"uv": [2, 12.5, 1, 9], "texture": "#0"},
				"down": {"uv": [3, 9, 2, 12.5], "texture": "#0"}
			}
		},
		{
			"from": [7, -3.16059, 7.21998],
			"to": [9, -1.16059, 14.21998],
			"rotation": {"angle": 0, "axis": "y", "origin": [7.02, 20.33941, -0.03002]},
			"faces": {
				"east": {"uv": [9, 1, 12.5, 0], "texture": "#0"},
				"west": {"uv": [12.5, 1, 9, 0], "texture": "#0"},
				"up": {"uv": [3, 12.5, 2, 9], "texture": "#0"},
				"down": {"uv": [2, 9, 1, 12.5], "texture": "#0"}
			}
		},
		{
			"from": [6.98, 17.16059, 12.21998],
			"to": [9.02, 22.16059, 14.21998],
			"rotation": {"angle": 45, "axis": "x", "origin": [6.98, 17.16059, 14.21998]},
			"faces": {
				"north": {"uv": [9.5, 1, 10.5, 3.4], "texture": "#0"},
				"east": {"uv": [3, 9.5, 4, 11.9], "texture": "#0"},
				"south": {"uv": [4, 9.5, 5, 11.9], "texture": "#0"},
				"west": {"uv": [4, 9.5, 3, 11.9], "texture": "#0"}
			}
		},
		{
			"from": [8.02, 19.16059, 14.21998],
			"to": [8.07, 22.16059, 16.21998],
			"rotation": {"angle": 45, "axis": "x", "origin": [6.98, 17.16059, 14.21998]},
			"faces": {
				"east": {"uv": [8, 9.5, 9, 11], "texture": "#0"},
				"west": {"uv": [9, 9.5, 8, 11], "texture": "#0"}
			}
		},
		{
			"from": [6, 20.69613, 14.75551],
			"to": [10, 24.69613, 18.75551],
			"rotation": {"angle": 45, "axis": "x", "origin": [6.98, 20.69613, 17.75551]},
			"faces": {
				"north": {"uv": [6.5, 5.5, 8.5, 7.5], "texture": "#0"},
				"east": {"uv": [6.5, 5.5, 8.5, 7.5], "texture": "#0"},
				"south": {"uv": [6.5, 5.5, 8.5, 7.5], "texture": "#0"},
				"west": {"uv": [6.5, 5.5, 8.5, 7.5], "texture": "#0"},
				"up": {"uv": [9, 2, 7, 0], "texture": "#0"},
				"down": {"uv": [8.5, 7.5, 6.5, 9.5], "texture": "#0"}
			}
		},
		{
			"from": [8, 24.69613, 11.75551],
			"to": [8.05, 30.69613, 18.75551],
			"rotation": {"angle": 45, "axis": "x", "origin": [6.98, 20.69613, 17.75551]},
			"faces": {
				"east": {"uv": [0, 12.5, 3.5, 15.5], "texture": "#0"},
				"west": {"uv": [3.5, 12.5, 0, 15.5], "texture": "#0"}
			}
		},
		{
			"from": [7.5, 24.69613, 15.75551],
			"to": [8.5, 28.69613, 18.75551],
			"rotation": {"angle": 45, "axis": "x", "origin": [6.98, 20.69613, 17.75551]},
			"faces": {
				"north": {"uv": [1, 13.5, 1.5, 15.5], "texture": "#0"},
				"east": {"uv": [0, 13.5, 1.5, 15.5], "texture": "#0"},
				"south": {"uv": [0, 13.5, 0.5, 15.5], "texture": "#0"},
				"west": {"uv": [1.5, 13.5, 0, 15.5], "texture": "#0"},
				"up": {"uv": [1.5, 13.5, 0, 14], "rotation": 90, "texture": "#0"}
			}
		},
		{
			"from": [7.5, -12.69613, 15.75551],
			"to": [8.5, -8.69613, 18.75551],
			"rotation": {"angle": -45, "axis": "x", "origin": [6.98, -4.69613, 17.75551]},
			"faces": {
				"north": {"uv": [1, 3, 1.5, 1], "texture": "#0"},
				"east": {"uv": [0, 3, 1.5, 1], "texture": "#0"},
				"south": {"uv": [0, 3, 0.5, 1], "texture": "#0"},
				"west": {"uv": [1.5, 3, 0, 1], "texture": "#0"},
				"down": {"uv": [0, 1, 1.5, 1.5], "rotation": 90, "texture": "#0"}
			}
		},
		{
			"from": [8, -8, 0],
			"to": [8.05, -3, 6],
			"rotation": {"angle": 22.5, "axis": "x", "origin": [8, 2, 5]},
			"faces": {
				"east": {"uv": [10.5, 3.5, 13.5, 1], "texture": "#0"},
				"west": {"uv": [13.5, 3.5, 10.5, 1], "texture": "#0"}
			}
		},
		{
			"from": [6.5, -3, 4],
			"to": [9.5, 3, 7],
			"rotation": {"angle": 22.5, "axis": "x", "origin": [8, 2, 5]},
			"faces": {
				"north": {"uv": [0, 9, 1.5, 6], "texture": "#0"},
				"east": {"uv": [5.5, 3.5, 7, 0.5], "texture": "#0"},
				"south": {"uv": [1.5, 9, 3, 6], "texture": "#0"},
				"west": {"uv": [7, 3.5, 5.5, 0.5], "texture": "#0"},
				"down": {"uv": [7, 9.5, 5.5, 11], "texture": "#0"}
			}
		},
		{
			"from": [5.5, 1, 4],
			"to": [10.5, 4, 9],
			"rotation": {"angle": -22.5, "axis": "x", "origin": [8, 2, 5]},
			"faces": {
				"north": {"uv": [7, 3.5, 9.5, 2], "texture": "#0"},
				"east": {"uv": [8, 5, 10.5, 3.5], "texture": "#0"},
				"south": {"uv": [8.5, 6.5, 11, 5], "texture": "#0"},
				"west": {"uv": [8, 5, 10.5, 3.5], "texture": "#0"},
				"up": {"uv": [5, 5.5, 2.5, 3], "texture": "#0"},
				"down": {"uv": [2.5, 3, 0, 5.5], "texture": "#0"}
			}
		},
		{
			"from": [6.98, -4, 5],
			"to": [9.02, 2, 8],
			"rotation": {"angle": -22.5, "axis": "x", "origin": [8, 2, 5]},
			"faces": {
				"north": {"uv": [8.5, 9.5, 9.5, 6.5], "texture": "#0"},
				"east": {"uv": [3.5, 3, 5, 0], "texture": "#0"},
				"south": {"uv": [0, 12, 1, 9], "texture": "#0"},
				"west": {"uv": [5, 3, 3.5, 0], "texture": "#0"},
				"down": {"uv": [8, 9.5, 7, 11], "texture": "#0"}
			}
		},
		{
			"from": [6.98, -6.16059, 12.21998],
			"to": [9.02, -1.16059, 14.21998],
			"rotation": {"angle": -45, "axis": "x", "origin": [6.98, -1.16059, 14.21998]},
			"faces": {
				"north": {"uv": [9.5, 3.4, 10.5, 1], "texture": "#0"},
				"east": {"uv": [3, 11.9, 4, 9.5], "texture": "#0"},
				"south": {"uv": [4, 11.9, 5, 9.5], "texture": "#0"},
				"west": {"uv": [4, 11.9, 3, 9.5], "texture": "#0"}
			}
		},
		{
			"from": [8.02, -6.16059, 14.21998],
			"to": [8.07, -3.16059, 16.21998],
			"rotation": {"angle": -45, "axis": "x", "origin": [6.98, -1.16059, 14.21998]},
			"faces": {
				"east": {"uv": [8, 11, 9, 9.5], "texture": "#0"},
				"west": {"uv": [9, 11, 8, 9.5], "texture": "#0"}
			}
		},
		{
			"from": [6, -8.69613, 14.75551],
			"to": [10, -4.69613, 18.75551],
			"rotation": {"angle": -45, "axis": "x", "origin": [6.98, -4.69613, 17.75551]},
			"faces": {
				"north": {"uv": [6.5, 7.5, 8.5, 5.5], "texture": "#0"},
				"east": {"uv": [6.5, 7.5, 8.5, 5.5], "texture": "#0"},
				"south": {"uv": [6.5, 7.5, 8.5, 5.5], "texture": "#0"},
				"west": {"uv": [6.5, 7.5, 8.5, 5.5], "texture": "#0"},
				"up": {"uv": [8.5, 9.5, 6.5, 7.5], "texture": "#0"},
				"down": {"uv": [9, 0, 7, 2], "texture": "#0"}
			}
		},
		{
			"from": [8, -14.69613, 11.75551],
			"to": [8.05, -8.69613, 18.75551],
			"rotation": {"angle": -45, "axis": "x", "origin": [6.98, -4.69613, 17.75551]},
			"faces": {
				"east": {"uv": [0, 3, 3.5, 0], "texture": "#0"},
				"west": {"uv": [3.5, 3, 0, 0], "texture": "#0"}
			}
		},
		{
			"from": [8, -4, 22.65],
			"to": [8.05, 8, 23.65],
			"rotation": {"angle": 22.5, "axis": "x", "origin": [8.05, 8, 23.65]},
			"faces": {
				"east": {"uv": [5, 5, 5.5, 11], "texture": "#0"},
				"west": {"uv": [5, 5, 5.5, 11], "texture": "#0"}
			}
		},
		{
			"from": [8, 8, 22.65],
			"to": [8.05, 20, 23.65],
			"rotation": {"angle": -22.5, "axis": "x", "origin": [8.05, 8, 23.65]},
			"faces": {
				"east": {"uv": [5, 11, 5.5, 5], "texture": "#0"},
				"west": {"uv": [5, 11, 5.5, 5], "texture": "#0"}
			}
		},
		{
			"from": [6.55, 5.5, 0],
			"to": [6.6, 10.5, 24],
			"rotation": {"angle": 0, "axis": "y", "origin": [1.15, 7.5, 8]},
			"faces": {
				"east": {"uv": [4, 13.5, 16, 16], "texture": "#0"},
				"west": {"uv": [16, 13.5, 4, 16], "texture": "#0"}
			}
		},
		{
			"from": [4.075, 7.975, 0],
			"to": [9.075, 8.025, 24],
			"rotation": {"angle": 0, "axis": "y", "origin": [1.15, 7.5, 8]},
			"faces": {
				"up": {"uv": [4, 13.5, 16, 16], "rotation": 270, "texture": "#0"},
				"down": {"uv": [16, 13.5, 4, 16], "rotation": 270, "texture": "#0"}
			}
		},
		{
			"from": [6.05, 7.5, 4],
			"to": [7.05, 8.5, 23],
			"rotation": {"angle": 0, "axis": "y", "origin": [1.15, 7.5, 8]},
			"faces": {
				"north": {"uv": [13.5, 14.5, 14, 15], "texture": "#0"},
				"east": {"uv": [4.5, 14.5, 14, 15], "texture": "#0"},
				"south": {"uv": [4.5, 14.5, 5, 15], "texture": "#0"},
				"west": {"uv": [14, 14.5, 4.5, 15], "texture": "#0"},
				"up": {"uv": [14, 14.5, 4.5, 15], "rotation": 90, "texture": "#0"},
				"down": {"uv": [4.5, 14.5, 14, 15], "rotation": 90, "texture": "#0"}
			}
		}
	],
	"gui_light": "front",
	"display": {
		"thirdperson_righthand": {
			"translation": [-1, -1.75, 1],
			"scale": [0.6, 0.6, 0.6]
		},
		"thirdperson_lefthand": {
			"translation": [-1, -1.75, 1],
			"scale": [0.6, 0.6, 0.6]
		},
		"firstperson_righthand": {
			"rotation": [21, 27, 3],
			"translation": [1.5, 5, -2.5],
			"scale": [0.54883, 0.54883, 0.54883]
		},
		"firstperson_lefthand": {
			"rotation": [21, 27, 3],
			"translation": [1.5, 5, -2.5],
			"scale": [0.54883, 0.54883, 0.54883]
		},
		"ground": {
			"rotation": [94, 85, 0],
			"translation": [0, 0.75, -0.5],
			"scale": [0.5, 0.5, 0.5]
		},
		"gui": {
			"rotation": [90, 45, 90],
			"translation": [-1.5, 1.5, 0],
			"scale": [0.44, 0.44, 0.44]
		},
		"head": {
			"rotation": [91, -1, 90],
			"translation": [1.25, 8.5, 0.25],
			"scale": [0.7, 0.7, 0.7]
		},
		"fixed": {
			"rotation": [0, 90, 0],
			"translation": [3.75, -0.75, -3.5]
		}
	},
	"groups": [
		0,
		1,
		2,
		3,
		4,
		5,
		6,
		7,
		8,
		9,
		10,
		11,
		12,
		13,
		14,
		15,
		16,
		17,
		18,
		19,
		20,
		21,
		22,
		{
			"name": "arrow",
			"origin": [0, 0, 0],
			"color": 0,
			"boneType": "",
			"children": [23, 24, 25]
		}
	]
}