{
	"credit": "by w11shes",
	"texture_size": [32, 32],
	"textures": {
		"0": "elitecreatures:minotaur_assortment/hoe",
		"particle": "elitecreatures:minotaur_assortment/hoe"
	},
	"elements": [
		{
			"from": [5.70226, 5.00684, 11.0584],
			"to": [9.70226, 9.00684, 15.0584],
			"rotation": {"angle": 22.5, "axis": "x", "origin": [7.71476, 15.11999, 8.0125]},
			"faces": {
				"north": {"uv": [6, 3.5, 8, 5.5], "texture": "#0"},
				"east": {"uv": [6, 3.5, 8, 5.5], "texture": "#0"},
				"south": {"uv": [6, 3.5, 8, 5.5], "texture": "#0"},
				"west": {"uv": [6, 3.5, 8, 5.5], "texture": "#0"},
				"up": {"uv": [8, 7.5, 6, 5.5], "rotation": 270, "texture": "#0"},
				"down": {"uv": [9.5, 0, 7.5, 2], "rotation": 90, "texture": "#0"}
			}
		},
		{
			"from": [7.70226, 0.00684, 9.0584],
			"to": [7.75226, 5.00684, 15.0584],
			"rotation": {"angle": 22.5, "axis": "x", "origin": [7.71476, 15.11999, 8.0125]},
			"faces": {
				"east": {"uv": [6, 3, 3, 5.5], "texture": "#0"},
				"west": {"uv": [3, 3, 6, 5.5], "texture": "#0"}
			}
		},
		{
			"from": [7.20226, 2.00684, 12.0584],
			"to": [8.25226, 5.00684, 15.0584],
			"rotation": {"angle": 22.5, "axis": "x", "origin": [7.71476, 15.11999, 8.0125]},
			"faces": {
				"north": {"uv": [4.5, 3, 5, 4.5], "texture": "#0"},
				"east": {"uv": [6, 3, 4.5, 4.5], "texture": "#0"},
				"south": {"uv": [5.5, 3, 6, 4.5], "texture": "#0"},
				"west": {"uv": [4.5, 3, 6, 4.5], "texture": "#0"},
				"down": {"uv": [6, 4, 4.5, 4.5], "rotation": 90, "texture": "#0"}
			}
		},
		{
			"from": [6.68226, 6.51356, 6.01159],
			"to": [8.72226, 13.51356, 8.01159],
			"rotation": {"angle": -22.5, "axis": "x", "origin": [7.71476, 15.11999, 8.0125]},
			"faces": {
				"north": {"uv": [8, 3.5, 9, 7], "texture": "#0"},
				"east": {"uv": [3, 8, 4, 11.5], "texture": "#0"},
				"south": {"uv": [4, 8, 5, 11.5], "texture": "#0"},
				"west": {"uv": [3, 8, 4, 11.5], "texture": "#0"}
			}
		},
		{
			"from": [6.70226, 12.87013, 6.77865],
			"to": [8.70226, 31.87013, 8.77865],
			"rotation": {"angle": 0, "axis": "y", "origin": [7.71476, 15.11999, 8.0125]},
			"faces": {
				"north": {"uv": [1, 0, 2, 9.5], "texture": "#0"},
				"east": {"uv": [0, 0, 1, 9.5], "texture": "#0"},
				"south": {"uv": [2, 0, 3, 9.5], "texture": "#0"},
				"west": {"uv": [0, 0, 1, 9.5], "texture": "#0"},
				"up": {"uv": [10, 7, 9, 6], "rotation": 270, "texture": "#0"}
			}
		},
		{
			"from": [6.37128, 22.87013, 6.3383],
			"to": [9.37128, 29.87013, 9.3383],
			"rotation": {"angle": 45, "axis": "y", "origin": [7.71476, 15.11999, 8.0125]},
			"faces": {
				"north": {"uv": [6, 0, 7.5, 3.5], "texture": "#0"},
				"east": {"uv": [6, 0, 7.5, 3.5], "texture": "#0"},
				"south": {"uv": [6, 0, 7.5, 3.5], "texture": "#0"},
				"west": {"uv": [6, 0, 7.5, 3.5], "texture": "#0"},
				"up": {"uv": [10, 9.5, 8.5, 8], "rotation": 270, "texture": "#0"},
				"down": {"uv": [10.5, 3.5, 9, 5], "rotation": 90, "texture": "#0"}
			}
		},
		{
			"from": [6.20226, 25.9, 2.22726],
			"to": [9.20226, 27.9, 7.22726],
			"rotation": {"angle": 0, "axis": "y", "origin": [7.71476, 15.11999, 8.0125]},
			"faces": {
				"north": {"uv": [5, 9, 6.5, 10], "texture": "#0"},
				"east": {"uv": [11, 7, 8.5, 8], "texture": "#0"},
				"west": {"uv": [8.5, 7, 11, 8], "texture": "#0"},
				"up": {"uv": [10, 3.5, 7.5, 2], "rotation": 270, "texture": "#0"},
				"down": {"uv": [8.5, 7.5, 6, 9], "rotation": 90, "texture": "#0"}
			}
		},
		{
			"from": [9.77158, 26.9, -0.062],
			"to": [15.77158, 26.95, 5.938],
			"rotation": {"angle": 45, "axis": "y", "origin": [7.71476, 15.11999, 8.0125]},
			"faces": {
				"up": {"uv": [6, 3, 3, 0], "rotation": 270, "texture": "#0"},
				"down": {"uv": [6, 0, 3, 3], "rotation": 90, "texture": "#0"}
			}
		},
		{
			"from": [7.70226, 23.60564, 12.98751],
			"to": [7.75226, 28.60564, 18.98751],
			"rotation": {"angle": -22.5, "axis": "x", "origin": [7.71476, 15.11999, 8.0125]},
			"faces": {
				"east": {"uv": [6, 5.5, 3, 8], "texture": "#0"},
				"west": {"uv": [3, 5.5, 6, 8], "texture": "#0"}
			}
		},
		{
			"from": [7.20226, 23.60564, 12.98751],
			"to": [8.25226, 26.60564, 16.98751],
			"rotation": {"angle": -22.5, "axis": "x", "origin": [7.71476, 15.11999, 8.0125]},
			"faces": {
				"east": {"uv": [5, 6.5, 3, 8], "texture": "#0"},
				"south": {"uv": [4.5, 6.5, 5, 8], "texture": "#0"},
				"west": {"uv": [3, 6.5, 5, 8], "texture": "#0"},
				"up": {"uv": [5, 6.5, 3, 7], "rotation": 270, "texture": "#0"},
				"down": {"uv": [3, 7.5, 5, 8], "rotation": 90, "texture": "#0"}
			}
		}
	],
	"gui_light": "front",
	"display": {
		"thirdperson_righthand": {
			"translation": [-0.25, -5.25, 1],
			"scale": [0.6, 0.6, 0.6]
		},
		"thirdperson_lefthand": {
			"translation": [-0.25, -5.25, 1],
			"scale": [0.6, 0.6, 0.6]
		},
		"firstperson_righthand": {
			"rotation": [21.25, 15.06, 14.6],
			"translation": [3.25, -2.75, -2.25],
			"scale": [0.54883, 0.54883, 0.54883]
		},
		"firstperson_lefthand": {
			"rotation": [21.25, 15.06, 14.6],
			"translation": [3.25, -2.75, -2.25],
			"scale": [0.54883, 0.54883, 0.54883]
		},
		"ground": {
			"rotation": [94, 85, 0],
			"translation": [0, 0.25, -0.75],
			"scale": [0.5, 0.5, 0.5]
		},
		"gui": {
			"rotation": [-91, 45, 70],
			"translation": [4, -2.75, 0],
			"scale": [0.55, 0.55, 0.55]
		},
		"head": {
			"rotation": [90, -171, 90],
			"translation": [-2.25, 9.25, 0.25],
			"scale": [0.7, 0.7, 0.7]
		},
		"fixed": {
			"rotation": [0, 90, 0],
			"translation": [0, -9.25, -2.5],
			"scale": [1.2, 1.2, 1.2]
		}
	}
}