{
	"credit": "by w11shes",
	"textures": {
		"0": "elitecreatures:minotaur_assortment/staff",
		"1": "elitecreatures:minotaur_assortment/staff_flame",
		"particle": "elitecreatures:minotaur_assortment/staff"
	},
	"elements": [
		{
			"from": [7.26687, -0.41233, 7.2725],
			"to": [8.76687, 11.58767, 8.7725],
			"rotation": {"angle": 0, "axis": "y", "origin": [8, 7.54595, 8.0225]},
			"faces": {
				"north": {"uv": [5, 0, 6, 8], "texture": "#0"},
				"east": {"uv": [3, 3, 4, 11], "texture": "#0"},
				"south": {"uv": [4, 0, 5, 8], "texture": "#0"},
				"west": {"uv": [4, 3, 3, 11], "texture": "#0"}
			}
		},
		{
			"from": [6.51193, 1.08767, 6.53443],
			"to": [9.51193, 3.33767, 9.53443],
			"rotation": {"angle": 45, "axis": "y", "origin": [8, 7.54595, 8.0225]},
			"faces": {
				"north": {"uv": [10.5, 6.5, 12.5, 8], "texture": "#0"},
				"east": {"uv": [10.5, 6.5, 12.5, 8], "texture": "#0"},
				"south": {"uv": [10.5, 6.5, 12.5, 8], "texture": "#0"},
				"west": {"uv": [10.5, 6.5, 12.5, 8], "texture": "#0"},
				"up": {"uv": [10.5, 6, 8.5, 4], "rotation": 90, "texture": "#0"},
				"down": {"uv": [10.5, 6, 8.5, 8], "rotation": 270, "texture": "#0"}
			}
		},
		{
			"from": [6.51193, 7.08767, 6.53443],
			"to": [9.51193, 9.33767, 9.53443],
			"rotation": {"angle": 45, "axis": "y", "origin": [8, 7.54595, 8.0225]},
			"faces": {
				"north": {"uv": [11, 11, 13, 12.5], "texture": "#0"},
				"east": {"uv": [11, 11, 13, 12.5], "texture": "#0"},
				"south": {"uv": [11, 11, 13, 12.5], "texture": "#0"},
				"west": {"uv": [11, 11, 13, 12.5], "texture": "#0"},
				"up": {"uv": [7.5, 12, 5.5, 10], "rotation": 90, "texture": "#0"},
				"down": {"uv": [9.5, 10, 7.5, 12], "rotation": 270, "texture": "#0"}
			}
		},
		{
			"from": [7.25188, -4.01953, 10.26091],
			"to": [8.78187, 0.48047, 11.76091],
			"rotation": {"angle": 22.5, "axis": "x", "origin": [8, 7.54595, 8.0225]},
			"faces": {
				"north": {"uv": [11, 8, 12, 11], "texture": "#0"},
				"east": {"uv": [1.5, 11, 2.5, 14], "texture": "#0"},
				"south": {"uv": [2.5, 11, 3.5, 14], "texture": "#0"},
				"west": {"uv": [1.5, 11, 2.5, 14], "texture": "#0"}
			}
		},
		{
			"from": [6.50188, -6.99576, 4.91461],
			"to": [9.50187, -3.99576, 7.91461],
			"rotation": {"angle": 0, "axis": "y", "origin": [8, 7.54595, 8.0225]},
			"faces": {
				"north": {"uv": [8.5, 8, 10.5, 10], "texture": "#0"},
				"east": {"uv": [8.5, 8, 10.5, 10], "texture": "#0"},
				"south": {"uv": [8.5, 8, 10.5, 10], "texture": "#0"},
				"west": {"uv": [8.5, 8, 10.5, 10], "texture": "#0"},
				"up": {"uv": [12, 2, 10, 0], "rotation": 90, "texture": "#0"},
				"down": {"uv": [12, 2, 10, 4], "rotation": 270, "texture": "#0"}
			}
		},
		{
			"from": [7.96437, -11.49576, 4.91461],
			"to": [8.00188, -6.99576, 10.16461],
			"rotation": {"angle": 0, "axis": "y", "origin": [8, 7.54595, 8.0225]},
			"faces": {
				"east": {"uv": [0, 0, 3.5, 3], "texture": "#0"},
				"west": {"uv": [3.5, 0, 0, 3], "texture": "#0"}
			}
		},
		{
			"from": [7.62688, -9.24576, 4.91461],
			"to": [8.37687, -6.99576, 7.16461],
			"rotation": {"angle": 0, "axis": "y", "origin": [8, 7.54595, 8.0225]},
			"faces": {
				"north": {"uv": [3, 0, 3.5, 1.5], "texture": "#0"},
				"east": {"uv": [2, 0, 3.5, 1.5], "texture": "#0"},
				"south": {"uv": [2, 0, 2.5, 1.5], "texture": "#0"},
				"west": {"uv": [3.5, 0, 2, 1.5], "texture": "#0"},
				"down": {"uv": [3.5, 1, 2, 1.5], "rotation": 270, "texture": "#0"}
			}
		},
		{
			"from": [6.87688, 13.2752, 10.75174],
			"to": [9.15687, 19.2752, 13.00174],
			"rotation": {"angle": -45, "axis": "x", "origin": [8, 7.54595, 8.0225]},
			"faces": {
				"north": {"uv": [8.5, 0, 10, 4], "texture": "#0"},
				"east": {"uv": [4, 8, 5.5, 12], "texture": "#0"},
				"south": {"uv": [0, 8.5, 1.5, 12.5], "texture": "#0"},
				"west": {"uv": [5.5, 8, 4, 12], "texture": "#0"},
				"up": {"uv": [13.5, 1.5, 12, 0], "rotation": 90, "texture": "#0"}
			}
		},
		{
			"from": [7.99438, 14.7752, 9.25174],
			"to": [8.03187, 17.0252, 10.75174],
			"rotation": {"angle": -45, "axis": "x", "origin": [8, 7.54595, 8.0225]},
			"faces": {
				"east": {"uv": [13.5, 0, 15, 1], "rotation": 90, "texture": "#0"},
				"west": {"uv": [13.5, 1, 15, 0], "rotation": 90, "texture": "#0"}
			}
		},
		{
			"from": [6.14187, 9.5252, 10.00174],
			"to": [9.89187, 13.2752, 13.75174],
			"rotation": {"angle": -45, "axis": "x", "origin": [8, 7.54595, 8.0225]},
			"faces": {
				"north": {"uv": [6, 2.5, 8.5, 5], "texture": "#0"},
				"east": {"uv": [0, 6, 2.5, 8.5], "texture": "#0"},
				"south": {"uv": [6, 0, 8.5, 2.5], "texture": "#0"},
				"west": {"uv": [2.5, 6, 0, 8.5], "texture": "#0"},
				"up": {"uv": [8.5, 7.5, 6, 5], "rotation": 90, "texture": "#0"},
				"down": {"uv": [8.5, 7.5, 6, 10], "rotation": 270, "texture": "#0"}
			}
		},
		{
			"from": [6.89187, 13.98751, 14.46406],
			"to": [9.14187, 16.23751, 16.71406],
			"rotation": {"angle": -45, "axis": "x", "origin": [8, 7.54595, 8.0225]},
			"faces": {
				"north": {"uv": [15, 0, 16, 1], "texture": "#0"},
				"east": {"uv": [15, 0, 16, 1], "texture": "#0"},
				"south": {"uv": [15, 0, 16, 1], "texture": "#0"},
				"west": {"uv": [15, 0, 16, 1], "texture": "#0"},
				"up": {"uv": [15, 0, 16, 1], "rotation": 90, "texture": "#0"},
				"down": {"uv": [15, 0, 16, 1], "rotation": 270, "texture": "#0"}
			}
		},
		{
			"from": [9.66687, 16.76251, 17.23906],
			"to": [6.36687, 13.46251, 13.93906],
			"rotation": {"angle": -45, "axis": "x", "origin": [8, 7.54595, 8.0225]},
			"faces": {
				"north": {"uv": [15, 1, 16, 2], "texture": "#0"},
				"east": {"uv": [15, 1, 16, 2], "texture": "#0"},
				"south": {"uv": [15, 1, 16, 2], "texture": "#0"},
				"west": {"uv": [15, 1, 16, 2], "texture": "#0"},
				"up": {"uv": [15, 1, 16, 2], "rotation": 90, "texture": "#0"},
				"down": {"uv": [15, 1, 16, 2], "rotation": 270, "texture": "#0"}
			}
		},
		{
			"from": [10.26687, 17.36251, 17.83906],
			"to": [5.76687, 12.86251, 13.33906],
			"rotation": {"angle": -45, "axis": "x", "origin": [8, 7.54595, 8.0225]},
			"faces": {
				"north": {"uv": [15, 2, 16, 3], "texture": "#0"},
				"east": {"uv": [15, 2, 16, 3], "texture": "#0"},
				"south": {"uv": [15, 2, 16, 3], "texture": "#0"},
				"west": {"uv": [15, 2, 16, 3], "texture": "#0"},
				"up": {"uv": [15, 2, 16, 3], "rotation": 90, "texture": "#0"},
				"down": {"uv": [15, 2, 16, 3], "rotation": 270, "texture": "#0"}
			}
		},
		{
			"from": [6.89187, 15.51358, -1.17524],
			"to": [9.14187, 19.26358, 1.07476],
			"rotation": {"angle": 22.5, "axis": "x", "origin": [8, 7.54595, 8.0225]},
			"faces": {
				"north": {"uv": [10.5, 4, 12, 6.5], "texture": "#0"},
				"east": {"uv": [1.5, 8.5, 3, 11], "texture": "#0"},
				"south": {"uv": [9.5, 10, 11, 12.5], "texture": "#0"},
				"west": {"uv": [3, 8.5, 1.5, 11], "texture": "#0"},
				"up": {"uv": [13.5, 3, 12, 1.5], "rotation": 90, "texture": "#0"}
			}
		},
		{
			"from": [7.97937, 21.03042, 0.83777],
			"to": [8.01687, 25.53042, 5.33777],
			"rotation": {"angle": 0, "axis": "y", "origin": [8, 7.54595, 8.0225]},
			"faces": {
				"east": {"uv": [0, 3, 3, 6], "texture": "#0"},
				"west": {"uv": [3, 3, 0, 6], "texture": "#0"}
			}
		},
		{
			"from": [6.87688, 13.2752, 3.04326],
			"to": [9.15687, 19.2752, 5.29326],
			"rotation": {"angle": 45, "axis": "x", "origin": [8, 7.54595, 8.0225]},
			"faces": {
				"north": {"uv": [1.5, 8.5, 0, 12.5], "texture": "#0"},
				"east": {"uv": [5.5, 8, 4, 12], "texture": "#0"},
				"south": {"uv": [10, 0, 8.5, 4], "texture": "#0"},
				"west": {"uv": [4, 8, 5.5, 12], "texture": "#0"},
				"up": {"uv": [12, 1.5, 13.5, 0], "rotation": 90, "texture": "#0"}
			}
		},
		{
			"from": [6.89187, 15.51358, 14.97024],
			"to": [9.14187, 19.26358, 17.22024],
			"rotation": {"angle": -22.5, "axis": "x", "origin": [8, 7.54595, 8.0225]},
			"faces": {
				"north": {"uv": [11, 10, 9.5, 12.5], "texture": "#0"},
				"east": {"uv": [3, 8.5, 1.5, 11], "texture": "#0"},
				"south": {"uv": [12, 4, 10.5, 6.5], "texture": "#0"},
				"west": {"uv": [1.5, 8.5, 3, 11], "texture": "#0"},
				"up": {"uv": [12, 3, 13.5, 1.5], "rotation": 90, "texture": "#0"}
			}
		},
		{
			"from": [7.97937, 21.03042, 10.70723],
			"to": [8.01687, 25.53042, 15.20723],
			"rotation": {"angle": 0, "axis": "y", "origin": [8, 7.54595, 8.0225]},
			"faces": {
				"east": {"uv": [3, 3, 0, 6], "texture": "#0"},
				"west": {"uv": [0, 3, 3, 6], "texture": "#0"}
			}
		},
		{
			"from": [6.89187, 12.33767, 3.785],
			"to": [9.14187, 14.58767, 3.8225],
			"rotation": {"angle": 0, "axis": "y", "origin": [8, 7.54595, 8.0225]},
			"faces": {
				"north": {"uv": [13.5, 1, 15, 2.5], "texture": "#0"},
				"south": {"uv": [13.5, 1, 15, 2.5], "texture": "#0"}
			}
		},
		{
			"from": [7.97937, 10.83767, 2.66],
			"to": [8.01687, 13.08767, 4.91],
			"rotation": {"angle": 0, "axis": "y", "origin": [8, 7.54595, 8.0225]},
			"faces": {
				"east": {"uv": [13.5, 1, 15, 2.5], "texture": "#0"},
				"west": {"uv": [13.5, 1, 15, 2.5], "texture": "#0"}
			}
		},
		{
			"from": [7.99438, 14.7752, 5.29326],
			"to": [8.03187, 17.0252, 6.79326],
			"rotation": {"angle": 45, "axis": "x", "origin": [8, 7.54595, 8.0225]},
			"faces": {
				"east": {"uv": [13.5, 1, 15, 0], "rotation": 90, "texture": "#0"},
				"west": {"uv": [13.5, 0, 15, 1], "rotation": 90, "texture": "#0"}
			}
		},
		{
			"from": [6.89187, 12.33767, 12.2225],
			"to": [9.14187, 14.58767, 12.26],
			"rotation": {"angle": 0, "axis": "y", "origin": [8, 7.54595, 8.0225]},
			"faces": {
				"north": {"uv": [15, 1, 13.5, 2.5], "texture": "#0"},
				"south": {"uv": [15, 1, 13.5, 2.5], "texture": "#0"}
			}
		},
		{
			"from": [7.97937, 10.83767, 11.135],
			"to": [8.01687, 13.08767, 13.385],
			"rotation": {"angle": 0, "axis": "y", "origin": [8, 7.54595, 8.0225]},
			"faces": {
				"east": {"uv": [15, 1, 13.5, 2.5], "texture": "#0"},
				"west": {"uv": [15, 1, 13.5, 2.5], "texture": "#0"}
			}
		},
		{
			"from": [5.01193, 18.33767, 7.99693],
			"to": [11.01193, 30.33767, 8.03443],
			"shade": false,
			"rotation": {"angle": 45, "axis": "y", "origin": [8, 7.54595, 8.0225]},
			"faces": {
				"north": {"uv": [4, 0, 11, 16], "texture": "#1"},
				"south": {"uv": [4, 0, 11, 16], "texture": "#1"}
			}
		},
		{
			"from": [5.01193, 18.33767, 8.01057],
			"to": [11.01193, 30.33767, 8.04807],
			"shade": false,
			"rotation": {"angle": -45, "axis": "y", "origin": [8, 7.54595, 8.0225]},
			"faces": {
				"north": {"uv": [4, 0, 11, 16], "texture": "#1"},
				"south": {"uv": [4, 0, 11, 16], "texture": "#1"}
			}
		}
	],
	"gui_light": "front",
	"display": {
		"thirdperson_righthand": {
			"rotation": [34, 42, 0],
			"translation": [-0.25, 2.25, 2.75],
			"scale": [0.75, 0.75, 0.75]
		},
		"thirdperson_lefthand": {
			"rotation": [34, 42, 0],
			"translation": [-0.25, 2.25, 2.75],
			"scale": [0.75, 0.75, 0.75]
		},
		"firstperson_righthand": {
			"rotation": [6, 38, 0],
			"translation": [1.5, 1.5, -2.25],
			"scale": [0.54883, 0.54883, 0.54883]
		},
		"firstperson_lefthand": {
			"rotation": [6, 38, 0],
			"translation": [1.5, 1.5, -2.25],
			"scale": [0.54883, 0.54883, 0.54883]
		},
		"ground": {
			"rotation": [94, 85, 0],
			"translation": [0, 0.25, -0.75],
			"scale": [0.5, 0.5, 0.5]
		},
		"gui": {
			"rotation": [-90, 45, 88],
			"scale": [0.515, 0.515, 0.515]
		},
		"head": {
			"rotation": [90, -171, 90],
			"translation": [-2.25, 9.25, 0.25],
			"scale": [0.7, 0.7, 0.7]
		},
		"fixed": {
			"rotation": [0, 90, 0],
			"translation": [0, 0.25, -1.25],
			"scale": [1.3, 1.3, 1.3]
		}
	}
}