{"credit":"MadewithBlockbench","textures":{"0":"elitecreatures:steamsparks_animated_weapon_set/texture","1":"elitecreatures:steamsparks_animated_weapon_set/smoke_1","2":"elitecreatures:steamsparks_animated_weapon_set/cog_01","3":"elitecreatures:steamsparks_animated_weapon_set/lightning_1","particle":"elitecreatures:steamsparks_animated_weapon_set/texture"},"elements":[{"from":[7.65609,4.02501,10.37317],"to":[8.34391,4.70662,11.48854],"rotation":{"angle":-45,"axis":"x","origin":[8,-1.93824,8]},"faces":{"north":{"uv":[7.9,12.3,7.6,12],"rotation":180,"texture":"#0"},"east":{"uv":[11.6,8.4,11.9,8.8],"rotation":90,"texture":"#0"},"south":{"uv":[12.3,7.6,12,7.9],"texture":"#0"},"west":{"uv":[11.6,9.2,11.9,9.6],"rotation":270,"texture":"#0"},"up":{"uv":[11.6,8.8,11.9,9.2],"texture":"#0"},"down":{"uv":[11.6,8,11.9,8.4],"rotation":180,"texture":"#0"}}},{"from":[7.56625,3.93206,11.45756],"to":[8.43376,4.79957,11.79837],"rotation":{"angle":-45,"axis":"x","origin":[8,-1.93824,8]},"faces":{"north":{"uv":[8.3,12.3,8,12],"rotation":180,"texture":"#0"},"east":{"uv":[12.4,8,12.7,8.1],"rotation":90,"texture":"#0"},"south":{"uv":[12.3,8,12,8.3],"texture":"#0"},"west":{"uv":[12.4,8.4,12.7,8.5],"rotation":270,"texture":"#0"},"up":{"uv":[8.4,12.4,8.7,12.5],"texture":"#0"},"down":{"uv":[8,12.4,8.3,12.5],"rotation":180,"texture":"#0"}}},{"from":[7.41133,3.77715,10.37317],"to":[8.58867,4.95448,10.71398],"rotation":{"angle":-45,"axis":"x","origin":[8,-1.93824,8]},"faces":{"north":{"uv":[3.7,11.3,3.2,10.8],"rotation":180,"texture":"#0"},"east":{"uv":[5.6,12.4,6.1,12.5],"rotation":90,"texture":"#0"},"south":{"uv":[11.3,3.2,10.8,3.7],"texture":"#0"},"west":{"uv":[12.4,6.4,12.9,6.5],"rotation":270,"texture":"#0"},"up":{"uv":[6.4,12.4,6.9,12.5],"texture":"#0"},"down":{"uv":[12.4,5.2,12.9,5.3],"rotation":180,"texture":"#0"}}},{"from":[5.22514,3.83214,4.56811],"to":[5.22514,4.76162,7.97618],"rotation":{"angle":-22.5,"axis":"z","origin":[8,-1.93824,8]},"faces":{"north":{"uv":[0,0.4,0,0],"texture":"#0"},"east":{"uv":[3.2,10.6,3.6,9.2],"rotation":270,"texture":"#0"},"south":{"uv":[0,0,0,0.4],"rotation":180,"texture":"#0"},"west":{"uv":[9.2,4.6,9.6,3.2],"rotation":90,"texture":"#0"},"up":{"uv":[0,1.4,0,0],"rotation":180,"texture":"#0"},"down":{"uv":[0,1.4,0,0],"texture":"#0"}}},{"from":[10.77486,3.83214,4.56811],"to":[10.77486,4.76162,7.97618],"rotation":{"angle":22.5,"axis":"z","origin":[8,-1.93824,8]},"faces":{"north":{"uv":[0,0.4,0,0],"texture":"#0"},"east":{"uv":[8.8,9.4,9.2,8],"rotation":270,"texture":"#0"},"south":{"uv":[0,0,0,0.4],"rotation":180,"texture":"#0"},"west":{"uv":[9.2,1.4,9.6,0],"rotation":90,"texture":"#0"},"up":{"uv":[0,1.4,0,0],"rotation":180,"texture":"#0"},"down":{"uv":[0,1.4,0,0],"texture":"#0"}}},{"from":[8,-0.64552,7.44754],"to":[8,2.76255,8.37702],"rotation":{"angle":-22.5,"axis":"x","origin":[8,-1.93824,8]},"faces":{"north":{"uv":[0,0,0,1.4],"texture":"#0"},"east":{"uv":[9.2,3.2,8.8,4.6],"texture":"#0"},"south":{"uv":[0,0,0,1.4],"texture":"#0"},"west":{"uv":[9.2,4.8,8.8,6.2],"texture":"#0"},"up":{"uv":[0,0,0,0.4],"texture":"#0"},"down":{"uv":[0,0.4,0,0],"texture":"#0"}}},{"from":[7.625,1.97619,4.56811],"to":[8.375,4.45479,7.97618],"rotation":{"angle":0,"axis":"y","origin":[8,-1.93824,8]},"faces":{"north":{"uv":[0,1,0,0],"texture":"#0"},"east":{"uv":[7.2,1.4,8.2,0],"rotation":270,"texture":"#0"},"south":{"uv":[0,0,0,1],"rotation":180,"texture":"#0"},"west":{"uv":[7.2,3,8.2,1.6],"rotation":90,"texture":"#0"},"up":{"uv":[0,1.4,0,0],"rotation":180,"texture":"#0"},"down":{"uv":[0,1.4,0,0],"texture":"#0"}}},{"from":[7.65,1.72619,3.34038],"to":[8.35,4.70479,6.31898],"rotation":{"angle":0,"axis":"y","origin":[8,-1.93824,8]},"faces":{"north":{"uv":[0,0,0,1],"texture":"#2"},"east":{"uv":[0,16,16,0],"rotation":90,"texture":"#2"},"south":{"uv":[0,1,0,0],"rotation":180,"texture":"#2"},"west":{"uv":[16,16,0,0],"rotation":270,"texture":"#2"},"up":{"uv":[0,1,0,0],"texture":"#2"},"down":{"uv":[0,1,0,0],"rotation":180,"texture":"#2"}}},{"from":[8,5.17216,8.88211],"to":[8,7.65076,11.36071],"rotation":{"angle":-22.5,"axis":"x","origin":[8,-1.93824,8]},"faces":{"north":{"uv":[0,1,0,0],"rotation":180,"texture":"#1"},"east":{"uv":[0,16,16,0],"rotation":180,"texture":"#1"},"south":{"uv":[0,1,0,0],"rotation":180,"texture":"#1"},"west":{"uv":[16,16,0,0],"rotation":180,"texture":"#1"},"up":{"uv":[0,1,0,0],"rotation":180,"texture":"#1"},"down":{"uv":[0,0,0,1],"rotation":180,"texture":"#1"}}},{"from":[7.5,1.72619,4.79038],"to":[8.5,5.20479,7.76898],"rotation":{"angle":0,"axis":"y","origin":[8,-1.93824,8]},"faces":{"north":{"uv":[0,1,0,0],"rotation":180,"texture":"#3"},"east":{"uv":[16,16,0,0],"rotation":180,"texture":"#3"},"south":{"uv":[0,1,0,0],"rotation":180,"texture":"#3"},"west":{"uv":[0,16,16,0],"rotation":180,"texture":"#3"},"up":{"uv":[0,0,0,1],"rotation":180,"texture":"#3"},"down":{"uv":[0,1,0,0],"rotation":180,"texture":"#3"}}},{"from":[7.69017,2.59584,4.28964],"to":[8.30983,3.83514,11.71036],"rotation":{"angle":0,"axis":"y","origin":[8,-1.93824,8]},"faces":{"north":{"uv":[12,1.7,12.2,1.2],"texture":"#0"},"east":{"uv":[5.6,6.6,6.1,4.2],"rotation":270,"texture":"#0"},"south":{"uv":[3.2,12,3.4,12.5],"rotation":180,"texture":"#0"},"west":{"uv":[6.4,6.6,6.9,4.2],"rotation":90,"texture":"#0"},"up":{"uv":[0,14.2,0.2,7.6],"rotation":180,"texture":"#0"},"down":{"uv":[0.4,14.2,0.6,7.6],"texture":"#0"}}},{"from":[7.69017,3.62891,6.83866],"to":[8.30983,4.86821,10.25938],"rotation":{"angle":-45,"axis":"x","origin":[8,-1.93824,8]},"faces":{"north":{"uv":[12,1.7,12.2,1.2],"texture":"#0"},"east":{"uv":[5.6,2.4,6.1,0],"rotation":270,"texture":"#0"},"south":{"uv":[3.2,12,3.4,12.5],"rotation":180,"texture":"#0"},"west":{"uv":[6.4,2.4,6.9,0],"rotation":90,"texture":"#0"},"up":{"uv":[0,14.2,0.2,7.6],"rotation":180,"texture":"#0"},"down":{"uv":[0.4,14.2,0.6,7.6],"texture":"#0"}}},{"from":[7.51203,3.04235,9.49078],"to":[8.48797,4.9013,10.42025],"rotation":{"angle":-45,"axis":"x","origin":[8,-1.93824,8]},"faces":{"north":{"uv":[10.8,1.9,10.4,1.2],"rotation":180,"texture":"#0"},"east":{"uv":[7.2,6.4,7.9,6.8],"rotation":90,"texture":"#0"},"south":{"uv":[10.8,4.8,10.4,5.5],"texture":"#0"},"west":{"uv":[10.4,0.8,11.1,1.2],"rotation":270,"texture":"#0"},"up":{"uv":[4,11.6,4.4,12],"texture":"#0"},"down":{"uv":[11.6,3.6,12,4],"rotation":180,"texture":"#0"}}},{"from":[7.76763,1.77547,2.00717],"to":[8.23237,2.93731,3.16901],"rotation":{"angle":22.5,"axis":"x","origin":[8,-1.93824,8]},"faces":{"north":{"uv":[4.2,12.5,4,12],"rotation":180,"texture":"#0"},"east":{"uv":[4.8,10.8,5.3,11.3],"rotation":90,"texture":"#0"},"south":{"uv":[12.2,4,12,4.5],"texture":"#0"},"west":{"uv":[10.8,4.8,11.3,5.3],"rotation":270,"texture":"#0"},"up":{"uv":[3.6,12,3.8,12.5],"texture":"#0"},"down":{"uv":[12,3.2,12.2,3.7],"rotation":180,"texture":"#0"}}},{"from":[7.70567,1.18027,2.36905],"to":[8.29433,2.03229,3.22107],"rotation":{"angle":0,"axis":"x","origin":[8,-1.93824,8]},"faces":{"north":{"uv":[12.4,1.9,12.6,1.6],"texture":"#0"},"east":{"uv":[7.2,12.3,7.5,12],"texture":"#0"},"south":{"uv":[12.4,4.3,12.6,4],"texture":"#0"},"west":{"uv":[12,7.5,12.3,7.2],"texture":"#0"},"up":{"uv":[12.4,4.8,12.6,5.1],"rotation":180,"texture":"#0"},"down":{"uv":[12.4,4.7,12.6,4.4],"rotation":180,"texture":"#0"}}},{"from":[7.54301,3.97015,7.15483],"to":[8.45699,4.47431,8.30119],"rotation":{"angle":-45,"axis":"x","origin":[8,-1.93824,8]},"faces":{"north":{"uv":[1.2,12.6,1.6,12.4],"rotation":180,"texture":"#0"},"east":{"uv":[12,5.8,12.5,5.6],"rotation":180,"texture":"#0"},"south":{"uv":[12.4,1.4,12.8,1.2],"rotation":180,"texture":"#0"},"west":{"uv":[12,6.2,12.5,6],"rotation":180,"texture":"#0"},"up":{"uv":[11.6,3.2,12.1,2.8],"rotation":90,"texture":"#0"},"down":{"uv":[3.2,11.6,3.7,12],"rotation":270,"texture":"#0"}}},{"from":[7.55075,3.42641,8.76198],"to":[8.44925,4.58826,9.92382],"rotation":{"angle":-45,"axis":"x","origin":[8,-1.93824,8]},"faces":{"north":{"uv":[0.8,11.6,1.2,12.1],"texture":"#0"},"east":{"uv":[6.4,11.3,6.9,10.8],"rotation":90,"texture":"#0"},"south":{"uv":[11.6,0.5,12,0],"rotation":180,"texture":"#0"},"west":{"uv":[10.8,7.3,11.3,6.8],"rotation":270,"texture":"#0"},"up":{"uv":[11.2,11.7,11.6,11.2],"texture":"#0"},"down":{"uv":[10.8,11.7,11.2,11.2],"rotation":180,"texture":"#0"}}},{"from":[7.55075,-0.36544,7.41908],"to":[8.44925,0.79641,8.58092],"rotation":{"angle":45,"axis":"x","origin":[8,0.21549,8]},"faces":{"north":{"uv":[0.8,11.6,1.2,12.1],"texture":"#0"},"east":{"uv":[6.4,11.3,6.9,10.8],"rotation":90,"texture":"#0"},"south":{"uv":[11.6,0.5,12,0],"rotation":180,"texture":"#0"},"west":{"uv":[10.8,7.3,11.3,6.8],"rotation":270,"texture":"#0"},"up":{"uv":[11.2,11.7,11.6,11.2],"texture":"#0"},"down":{"uv":[10.8,11.7,11.2,11.2],"rotation":180,"texture":"#0"}}},{"from":[7.65609,4.02501,4.51146],"to":[8.34391,4.70662,5.62683],"rotation":{"angle":45,"axis":"x","origin":[8,-1.93824,8]},"faces":{"north":{"uv":[12,7.6,12.3,7.9],"texture":"#0"},"east":{"uv":[11.6,8.8,11.9,8.4],"rotation":90,"texture":"#0"},"south":{"uv":[7.6,12.3,7.9,12],"rotation":180,"texture":"#0"},"west":{"uv":[11.6,9.6,11.9,9.2],"rotation":270,"texture":"#0"},"up":{"uv":[11.6,9.2,11.9,8.8],"texture":"#0"},"down":{"uv":[11.6,8.4,11.9,8],"rotation":180,"texture":"#0"}}},{"from":[7.56625,3.93206,4.20163],"to":[8.43376,4.79957,4.54244],"rotation":{"angle":45,"axis":"x","origin":[8,-1.93824,8]},"faces":{"north":{"uv":[12,8,12.3,8.3],"texture":"#0"},"east":{"uv":[12.4,8.1,12.7,8],"rotation":90,"texture":"#0"},"south":{"uv":[8,12.3,8.3,12],"rotation":180,"texture":"#0"},"west":{"uv":[12.4,8.5,12.7,8.4],"rotation":270,"texture":"#0"},"up":{"uv":[8.4,12.5,8.7,12.4],"texture":"#0"},"down":{"uv":[8,12.5,8.3,12.4],"rotation":180,"texture":"#0"}}},{"from":[7.41133,3.77715,5.28602],"to":[8.58867,4.95448,5.62683],"rotation":{"angle":45,"axis":"x","origin":[8,-1.93824,8]},"faces":{"north":{"uv":[10.8,3.2,11.3,3.7],"texture":"#0"},"east":{"uv":[5.6,12.5,6.1,12.4],"rotation":90,"texture":"#0"},"south":{"uv":[3.2,11.3,3.7,10.8],"rotation":180,"texture":"#0"},"west":{"uv":[12.4,6.5,12.9,6.4],"rotation":270,"texture":"#0"},"up":{"uv":[6.4,12.5,6.9,12.4],"texture":"#0"},"down":{"uv":[12.4,5.3,12.9,5.2],"rotation":180,"texture":"#0"}}},{"from":[5.22514,3.83214,8.02382],"to":[5.22514,4.76162,11.43189],"rotation":{"angle":-22.5,"axis":"z","origin":[8,-1.93824,8]},"faces":{"north":{"uv":[0,0,0,0.4],"rotation":180,"texture":"#0"},"east":{"uv":[3.2,9.2,3.6,10.6],"rotation":270,"texture":"#0"},"south":{"uv":[0,0.4,0,0],"texture":"#0"},"west":{"uv":[9.2,3.2,9.6,4.6],"rotation":90,"texture":"#0"},"up":{"uv":[0,0,0,1.4],"rotation":180,"texture":"#0"},"down":{"uv":[0,0,0,1.4],"texture":"#0"}}},{"from":[10.77486,3.83214,8.02382],"to":[10.77486,4.76162,11.43189],"rotation":{"angle":22.5,"axis":"z","origin":[8,-1.93824,8]},"faces":{"north":{"uv":[0,0,0,0.4],"rotation":180,"texture":"#0"},"east":{"uv":[8.8,8,9.2,9.4],"rotation":270,"texture":"#0"},"south":{"uv":[0,0.4,0,0],"texture":"#0"},"west":{"uv":[9.2,0,9.6,1.4],"rotation":90,"texture":"#0"},"up":{"uv":[0,0,0,1.4],"rotation":180,"texture":"#0"},"down":{"uv":[0,0,0,1.4],"texture":"#0"}}},{"from":[8,-0.64552,7.62298],"to":[8,2.76255,8.55246],"rotation":{"angle":22.5,"axis":"x","origin":[8,-1.93824,8]},"faces":{"north":{"uv":[0,0,0,1.4],"texture":"#0"},"east":{"uv":[8.8,3.2,9.2,4.6],"texture":"#0"},"south":{"uv":[0,0,0,1.4],"texture":"#0"},"west":{"uv":[8.8,4.8,9.2,6.2],"texture":"#0"},"up":{"uv":[0,0.4,0,0],"texture":"#0"},"down":{"uv":[0,0,0,0.4],"texture":"#0"}}},{"from":[7.625,1.97619,8.02382],"to":[8.375,4.45479,11.43189],"rotation":{"angle":0,"axis":"y","origin":[8,-1.93824,8]},"faces":{"north":{"uv":[0,0,0,1],"rotation":180,"texture":"#0"},"east":{"uv":[7.2,0,8.2,1.4],"rotation":270,"texture":"#0"},"south":{"uv":[0,1,0,0],"texture":"#0"},"west":{"uv":[7.2,1.6,8.2,3],"rotation":90,"texture":"#0"},"up":{"uv":[0,0,0,1.4],"rotation":180,"texture":"#0"},"down":{"uv":[0,0,0,1.4],"texture":"#0"}}},{"from":[7.65,1.72619,9.68102],"to":[8.35,4.70479,12.65962],"rotation":{"angle":0,"axis":"y","origin":[8,-1.93824,8]},"faces":{"north":{"uv":[0,1,0,0],"rotation":180,"texture":"#2"},"east":{"uv":[0,0,16,16],"rotation":90,"texture":"#2"},"south":{"uv":[0,0,0,1],"texture":"#2"},"west":{"uv":[16,0,0,16],"rotation":270,"texture":"#2"},"up":{"uv":[0,0,0,1],"texture":"#2"},"down":{"uv":[0,0,0,1],"rotation":180,"texture":"#2"}}},{"from":[8,5.17216,4.63929],"to":[8,7.65076,7.11789],"rotation":{"angle":22.5,"axis":"x","origin":[8,-1.93824,8]},"faces":{"north":{"uv":[0,1,0,0],"rotation":180,"texture":"#1"},"east":{"uv":[16,16,0,0],"rotation":180,"texture":"#1"},"south":{"uv":[0,1,0,0],"rotation":180,"texture":"#1"},"west":{"uv":[0,16,16,0],"rotation":180,"texture":"#1"},"up":{"uv":[0,0,0,1],"rotation":180,"texture":"#1"},"down":{"uv":[0,1,0,0],"rotation":180,"texture":"#1"}}},{"from":[7.5,1.72619,8.23102],"to":[8.5,5.20479,11.20962],"rotation":{"angle":0,"axis":"y","origin":[8,-1.93824,8]},"faces":{"north":{"uv":[0,1,0,0],"rotation":180,"texture":"#3"},"east":{"uv":[0,16,16,0],"rotation":180,"texture":"#3"},"south":{"uv":[0,1,0,0],"rotation":180,"texture":"#3"},"west":{"uv":[16,16,0,0],"rotation":180,"texture":"#3"},"up":{"uv":[0,1,0,0],"rotation":180,"texture":"#3"},"down":{"uv":[0,0,0,1],"rotation":180,"texture":"#3"}}},{"from":[7.69017,3.62891,5.74062],"to":[8.30983,4.86821,9.16134],"rotation":{"angle":45,"axis":"x","origin":[8,-1.93824,8]},"faces":{"north":{"uv":[3.4,12,3.2,12.5],"rotation":180,"texture":"#0"},"east":{"uv":[5.6,0,6.1,2.4],"rotation":270,"texture":"#0"},"south":{"uv":[12.2,1.7,12,1.2],"texture":"#0"},"west":{"uv":[6.4,0,6.9,2.4],"rotation":90,"texture":"#0"},"up":{"uv":[0,7.6,0.2,14.2],"rotation":180,"texture":"#0"},"down":{"uv":[0.4,7.6,0.6,14.2],"texture":"#0"}}},{"from":[7.51203,3.04235,5.57975],"to":[8.48797,4.9013,6.50922],"rotation":{"angle":45,"axis":"x","origin":[8,-1.93824,8]},"faces":{"north":{"uv":[10.4,4.8,10.8,5.5],"texture":"#0"},"east":{"uv":[7.2,6.8,7.9,6.4],"rotation":90,"texture":"#0"},"south":{"uv":[10.4,1.9,10.8,1.2],"rotation":180,"texture":"#0"},"west":{"uv":[10.4,1.2,11.1,0.8],"rotation":270,"texture":"#0"},"up":{"uv":[4,12,4.4,11.6],"texture":"#0"},"down":{"uv":[11.6,4,12,3.6],"rotation":180,"texture":"#0"}}},{"from":[7.76763,1.77547,12.83099],"to":[8.23237,2.93731,13.99283],"rotation":{"angle":-22.5,"axis":"x","origin":[8,-1.93824,8]},"faces":{"north":{"uv":[12,4,12.2,4.5],"texture":"#0"},"east":{"uv":[4.8,11.3,5.3,10.8],"rotation":90,"texture":"#0"},"south":{"uv":[4,12.5,4.2,12],"rotation":180,"texture":"#0"},"west":{"uv":[10.8,5.3,11.3,4.8],"rotation":270,"texture":"#0"},"up":{"uv":[3.6,12.5,3.8,12],"texture":"#0"},"down":{"uv":[12,3.7,12.2,3.2],"rotation":180,"texture":"#0"}}},{"from":[7.70567,1.18027,12.77893],"to":[8.29433,2.03229,13.63095],"rotation":{"angle":0,"axis":"x","origin":[8,-1.93824,8]},"faces":{"north":{"uv":[12.6,4.3,12.4,4],"texture":"#0"},"east":{"uv":[7.5,12.3,7.2,12],"texture":"#0"},"south":{"uv":[12.6,1.9,12.4,1.6],"texture":"#0"},"west":{"uv":[12.3,7.5,12,7.2],"texture":"#0"},"up":{"uv":[12.4,5.1,12.6,4.8],"rotation":180,"texture":"#0"},"down":{"uv":[12.4,4.4,12.6,4.7],"rotation":180,"texture":"#0"}}},{"from":[7.54301,3.97015,7.69881],"to":[8.45699,4.47431,8.84517],"rotation":{"angle":45,"axis":"x","origin":[8,-1.93824,8]},"faces":{"north":{"uv":[12.8,1.4,12.4,1.2],"rotation":180,"texture":"#0"},"east":{"uv":[12.5,5.8,12,5.6],"rotation":180,"texture":"#0"},"south":{"uv":[1.6,12.6,1.2,12.4],"rotation":180,"texture":"#0"},"west":{"uv":[12.5,6.2,12,6],"rotation":180,"texture":"#0"},"up":{"uv":[12.1,3.2,11.6,2.8],"rotation":90,"texture":"#0"},"down":{"uv":[3.7,11.6,3.2,12],"rotation":270,"texture":"#0"}}},{"from":[7.55075,3.42641,6.07618],"to":[8.44925,4.58826,7.23802],"rotation":{"angle":45,"axis":"x","origin":[8,-1.93824,8]},"faces":{"north":{"uv":[12,0.5,11.6,0],"rotation":180,"texture":"#0"},"east":{"uv":[6.4,10.8,6.9,11.3],"rotation":90,"texture":"#0"},"south":{"uv":[1.2,11.6,0.8,12.1],"texture":"#0"},"west":{"uv":[10.8,6.8,11.3,7.3],"rotation":270,"texture":"#0"},"up":{"uv":[11.2,11.2,11.6,11.7],"texture":"#0"},"down":{"uv":[10.8,11.2,11.2,11.7],"rotation":180,"texture":"#0"}}},{"from":[8,-11.95349,6.5107],"to":[8,-8.97489,9.4893],"rotation":{"angle":0,"axis":"y","origin":[8,-1.93824,8]},"faces":{"north":{"uv":[0,0,0,1],"rotation":180,"texture":"#2"},"east":{"uv":[0,0,16,16],"rotation":180,"texture":"#2"},"south":{"uv":[0,0,0,1],"rotation":180,"texture":"#2"},"west":{"uv":[16,0,0,16],"rotation":180,"texture":"#2"},"up":{"uv":[0,0,0,1],"texture":"#2"},"down":{"uv":[0,1,0,0],"texture":"#2"}}},{"from":[8,2.54651,6.5107],"to":[8,5.52511,9.4893],"rotation":{"angle":0,"axis":"y","origin":[8,-1.93824,8]},"faces":{"north":{"uv":[0,0,0,1],"rotation":180,"texture":"#2"},"east":{"uv":[0,0,16,16],"rotation":180,"texture":"#2"},"south":{"uv":[0,0,0,1],"rotation":180,"texture":"#2"},"west":{"uv":[16,0,0,16],"rotation":180,"texture":"#2"},"up":{"uv":[0,0,0,1],"texture":"#2"},"down":{"uv":[0,1,0,0],"texture":"#2"}}},{"from":[7.9,-0.20349,6.5107],"to":[8.1,2.77511,9.4893],"rotation":{"angle":0,"axis":"y","origin":[8,-1.93824,8]},"faces":{"north":{"uv":[0,0,0,1],"rotation":180,"texture":"#2"},"east":{"uv":[0,0,16,16],"rotation":180,"texture":"#2"},"south":{"uv":[0,0,0,1],"rotation":180,"texture":"#2"},"west":{"uv":[16,0,0,16],"rotation":180,"texture":"#2"},"up":{"uv":[0,0,0,1],"texture":"#2"},"down":{"uv":[0,1,0,0],"texture":"#2"}}},{"from":[7.67821,-7.29824,7.70145],"to":[8.32179,-3.58034,8.29855],"rotation":{"angle":-45,"axis":"y","origin":[8,-1.93824,8]},"faces":{"north":{"uv":[6,9.2,6.3,10.7],"texture":"#0"},"east":{"uv":[6.4,9.2,6.7,10.7],"texture":"#0"},"south":{"uv":[9.2,6.4,9.5,7.9],"texture":"#0"},"west":{"uv":[6.8,9.2,7.1,10.7],"texture":"#0"},"up":{"uv":[6.7,12.3,6.4,12],"texture":"#0"},"down":{"uv":[12.3,6.4,12,6.7],"texture":"#0"}}},{"from":[7.67821,-3.54824,7.70145],"to":[8.32179,0.16966,8.29855],"rotation":{"angle":-45,"axis":"y","origin":[8,-1.93824,8]},"faces":{"north":{"uv":[6,9.2,6.3,10.7],"texture":"#0"},"east":{"uv":[6.4,9.2,6.7,10.7],"texture":"#0"},"south":{"uv":[9.2,6.4,9.5,7.9],"texture":"#0"},"west":{"uv":[6.8,9.2,7.1,10.7],"texture":"#0"},"up":{"uv":[6.7,12.3,6.4,12],"texture":"#0"},"down":{"uv":[12.3,6.4,12,6.7],"texture":"#0"}}},{"from":[7.67821,-10.19824,7.70145],"to":[8.32179,-6.48034,8.29855],"rotation":{"angle":-45,"axis":"y","origin":[8,-1.93824,8]},"faces":{"north":{"uv":[6,9.2,6.3,10.7],"texture":"#0"},"east":{"uv":[6.4,9.2,6.7,10.7],"texture":"#0"},"south":{"uv":[9.2,6.4,9.5,7.9],"texture":"#0"},"west":{"uv":[6.8,9.2,7.1,10.7],"texture":"#0"},"up":{"uv":[6.7,12.3,6.4,12],"texture":"#0"},"down":{"uv":[12.3,6.4,12,6.7],"texture":"#0"}}},{"from":[7.63174,-7.29824,7.65497],"to":[8.36826,-3.58034,8.34503],"rotation":{"angle":-45,"axis":"y","origin":[8,-1.93824,8]},"faces":{"north":{"uv":[7.2,9.2,7.5,10.7],"texture":"#0"},"east":{"uv":[7.6,9.2,7.9,10.7],"texture":"#0"},"south":{"uv":[9.2,8,9.5,9.5],"texture":"#0"},"west":{"uv":[9.6,0,9.9,1.5],"texture":"#0"},"up":{"uv":[7.1,12.3,6.8,12],"texture":"#0"},"down":{"uv":[12.3,6.8,12,7.1],"texture":"#0"}}},{"from":[7.51203,-4.85837,7.53526],"to":[8.48797,-4.39363,8.46474],"rotation":{"angle":-45,"axis":"y","origin":[8,-1.93824,8]},"faces":{"north":{"uv":[10,12,10.4,12.2],"texture":"#0"},"east":{"uv":[12,10,12.4,10.2],"texture":"#0"},"south":{"uv":[10.4,12,10.8,12.2],"texture":"#0"},"west":{"uv":[12,10.4,12.4,10.6],"texture":"#0"},"up":{"uv":[12,5.2,11.6,4.8],"texture":"#0"},"down":{"uv":[5.6,11.6,5.2,12],"texture":"#0"}}},{"from":[7.51203,-3.94508,7.53526],"to":[8.48797,-3.48034,8.46474],"rotation":{"angle":-45,"axis":"y","origin":[8,-1.93824,8]},"faces":{"north":{"uv":[10,12,10.4,12.2],"texture":"#0"},"east":{"uv":[12,10,12.4,10.2],"texture":"#0"},"south":{"uv":[10.4,12,10.8,12.2],"texture":"#0"},"west":{"uv":[12,10.4,12.4,10.6],"texture":"#0"},"up":{"uv":[12,5.2,11.6,4.8],"texture":"#0"},"down":{"uv":[5.6,11.6,5.2,12],"texture":"#0"}}},{"from":[7.51203,-6.8335,7.53526],"to":[8.48797,-6.36877,8.46474],"rotation":{"angle":-45,"axis":"y","origin":[8,-1.93824,8]},"faces":{"north":{"uv":[10,12,10.4,12.2],"texture":"#0"},"east":{"uv":[12,10,12.4,10.2],"texture":"#0"},"south":{"uv":[10.4,12,10.8,12.2],"texture":"#0"},"west":{"uv":[12,10.4,12.4,10.6],"texture":"#0"},"up":{"uv":[12,5.2,11.6,4.8],"texture":"#0"},"down":{"uv":[5.6,11.6,5.2,12],"texture":"#0"}}},{"from":[7.51203,-7.74679,7.53526],"to":[8.48797,-7.28206,8.46474],"rotation":{"angle":-45,"axis":"y","origin":[8,-1.93824,8]},"faces":{"north":{"uv":[10,12,10.4,12.2],"texture":"#0"},"east":{"uv":[12,10,12.4,10.2],"texture":"#0"},"south":{"uv":[10.4,12,10.8,12.2],"texture":"#0"},"west":{"uv":[12,10.4,12.4,10.6],"texture":"#0"},"up":{"uv":[12,5.2,11.6,4.8],"texture":"#0"},"down":{"uv":[5.6,11.6,5.2,12],"texture":"#0"}}},{"from":[7.30289,0.31045,4.27964],"to":[8.69711,1.78212,5.75131],"rotation":{"angle":45,"axis":"x","origin":[8,-1.93824,8]},"faces":{"north":{"uv":[9.6,6.4,10.2,7],"texture":"#0"},"east":{"uv":[9.6,7.2,10.2,7.8],"texture":"#0"},"south":{"uv":[9.6,8,10.2,8.6],"texture":"#0"},"west":{"uv":[8.4,9.6,9,10.2],"texture":"#0"},"up":{"uv":[10.2,9.4,9.6,8.8],"texture":"#0"},"down":{"uv":[9.8,9.6,9.2,10.2],"texture":"#0"}}},{"from":[7.30289,-8.00764,12.75264],"to":[8.69711,-6.69089,14.0694],"rotation":{"angle":45,"axis":"x","origin":[8,-1.93824,8]},"faces":{"north":{"uv":[5.2,10,5.8,10.5],"texture":"#0"},"east":{"uv":[8,10.4,8.5,10.9],"texture":"#0"},"south":{"uv":[10,5.6,10.6,6.1],"texture":"#0"},"west":{"uv":[10.4,8.4,10.9,8.9],"texture":"#0"},"up":{"uv":[10.6,10.1,10,9.6],"texture":"#0"},"down":{"uv":[11,0,10.4,0.5],"texture":"#0"}}}],"gui_light":"front","display":{"thirdperson_righthand":{"translation":[0,17,2],"scale":[1.4,1.4,1.4]},"thirdperson_lefthand":{"translation":[0,17,2],"scale":[1.4,1.4,1.4]},"firstperson_righthand":{"translation":[9.75,16.25,-6.25],"scale":[1.2832,1.2832,1.2832]},"firstperson_lefthand":{"translation":[9.75,16.25,-6.25],"scale":[1.2832,1.2832,1.2832]},"ground":{"rotation":[-45,0,0],"translation":[-0.25,14,-6.5]},"gui":{"rotation":[-90,-45,-90],"translation":[7.25,7,0],"scale":[1.03438,1.03438,1.03438]},"head":{"scale":[0,0,0]},"fixed":{"rotation":[-180,-90,-180],"translation":[0,33.5,-2.1],"scale":[3,3,3]}},"groups":[{"name":"pickaxe","origin":[8,2.87353,8],"color":0,"nbt":"{}","children":[{"name":"group","origin":[8,3.21549,19],"color":0,"nbt":"{}","children":[0,1,2,3,4,5,6,7,8,9,10,11,12,13,14,15,16,17]},{"name":"group","origin":[8,3.21549,19],"color":0,"nbt":"{}","children":[18,19,20,21,22,23,24,25,26,27,28,29,30,31,32,33]},34,35,36,37,38,39,40,41,42,43,44,45,46]}]}