{"providers":[{"file":"char/black.png","chars":[""],"height":1,"ascent":-5000,"type":"bitmap"},{"file":"char/black.png","chars":[""],"height":2,"ascent":-5000,"type":"bitmap"},{"file":"char/black.png","chars":[""],"height":3,"ascent":-5000,"type":"bitmap"},{"file":"char/black.png","chars":[""],"height":4,"ascent":-5000,"type":"bitmap"},{"file":"char/black.png","chars":[""],"height":5,"ascent":-5000,"type":"bitmap"},{"file":"char/black.png","chars":[""],"height":6,"ascent":-5000,"type":"bitmap"},{"file":"char/black.png","chars":[""],"height":7,"ascent":-5000,"type":"bitmap"},{"file":"char/black.png","chars":[""],"height":15,"ascent":-5000,"type":"bitmap"},{"file":"char/black.png","chars":[""],"height":31,"ascent":-5000,"type":"bitmap"},{"file":"char/black.png","chars":[""],"height":63,"ascent":-5000,"type":"bitmap"},{"file":"char/black.png","chars":[""],"height":127,"ascent":-5000,"type":"bitmap"},{"file":"char/black.png","chars":[""],"height":256,"ascent":-5000,"type":"bitmap"},{"file":"char/black.png","chars":[""],"height":512,"ascent":-5000,"type":"bitmap"},{"file":"char/black.png","chars":[""],"height":1024,"ascent":-5000,"type":"bitmap"},{"file":"char/black.png","chars":[""],"height":-3,"ascent":-5000,"type":"bitmap"},{"file":"char/black.png","chars":[""],"height":-4,"ascent":-5000,"type":"bitmap"},{"file":"char/black.png","chars":[""],"height":-5,"ascent":-5000,"type":"bitmap"},{"file":"char/black.png","chars":[""],"height":-6,"ascent":-5000,"type":"bitmap"},{"file":"char/black.png","chars":[""],"height":-7,"ascent":-5000,"type":"bitmap"},{"file":"char/black.png","chars":[""],"height":-8,"ascent":-5000,"type":"bitmap"},{"file":"char/black.png","chars":[""],"height":-9,"ascent":-5000,"type":"bitmap"},{"file":"char/black.png","chars":[""],"height":-10,"ascent":-5000,"type":"bitmap"},{"file":"char/black.png","chars":[""],"height":-18,"ascent":-5000,"type":"bitmap"},{"file":"char/black.png","chars":[""],"height":-34,"ascent":-5000,"type":"bitmap"},{"file":"char/black.png","chars":[""],"height":-66,"ascent":-5000,"type":"bitmap"},{"file":"char/black.png","chars":[""],"height":-130,"ascent":-5000,"type":"bitmap"},{"file":"char/black.png","chars":[""],"height":-259,"ascent":-5000,"type":"bitmap"},{"file":"char/black.png","chars":[""],"height":-515,"ascent":-5000,"type":"bitmap"},{"file":"char/black.png","chars":[""],"height":-1027,"ascent":-5000,"type":"bitmap"},{"file":"crystal_creations:font/icons/anchor.png","chars":[""],"height":9,"ascent":8,"type":"bitmap"},{"file":"crystal_creations:font/icons/bomb.png","chars":[""],"height":9,"ascent":8,"type":"bitmap"},{"file":"crystal_creations:font/icons/candy.png","chars":[""],"height":9,"ascent":8,"type":"bitmap"},{"file":"crystal_creations:font/icons/chest.png","chars":[""],"height":9,"ascent":8,"type":"bitmap"},{"file":"crystal_creations:font/icons/clover.png","chars":[""],"height":9,"ascent":8,"type":"bitmap"},{"file":"crystal_creations:font/icons/cog.png","chars":[""],"height":9,"ascent":8,"type":"bitmap"},{"file":"crystal_creations:font/icons/compass.png","chars":[""],"height":9,"ascent":8,"type":"bitmap"},{"file":"crystal_creations:font/icons/crystals.png","chars":[""],"height":9,"ascent":8,"type":"bitmap"},{"file":"crystal_creations:font/icons/earth.png","chars":[""],"height":9,"ascent":8,"type":"bitmap"},{"file":"crystal_creations:font/icons/emerald.png","chars":[""],"height":9,"ascent":8,"type":"bitmap"},{"file":"crystal_creations:font/icons/exclamation.png","chars":[""],"height":9,"ascent":8,"type":"bitmap"},{"file":"crystal_creations:font/icons/fire.png","chars":[""],"height":9,"ascent":8,"type":"bitmap"},{"file":"crystal_creations:font/icons/fish_grey.png","chars":[""],"height":9,"ascent":8,"type":"bitmap"},{"file":"crystal_creations:font/icons/fish.png","chars":[""],"height":9,"ascent":8,"type":"bitmap"},{"file":"crystal_creations:font/icons/flag_white.png","chars":[""],"height":9,"ascent":8,"type":"bitmap"},{"file":"crystal_creations:font/icons/flag.png","chars":[""],"height":9,"ascent":8,"type":"bitmap"},{"file":"crystal_creations:font/icons/helmet.png","chars":[""],"height":9,"ascent":8,"type":"bitmap"},{"file":"crystal_creations:font/icons/leaf.png","chars":[""],"height":9,"ascent":8,"type":"bitmap"},{"file":"crystal_creations:font/icons/lightbulb.png","chars":[""],"height":9,"ascent":8,"type":"bitmap"},{"file":"crystal_creations:font/icons/lock.png","chars":[""],"height":9,"ascent":8,"type":"bitmap"},{"file":"crystal_creations:font/icons/magnet.png","chars":[""],"height":9,"ascent":8,"type":"bitmap"},{"file":"crystal_creations:font/icons/medal_bronze.png","chars":[""],"height":9,"ascent":8,"type":"bitmap"},{"file":"crystal_creations:font/icons/medal_gold.png","chars":[""],"height":9,"ascent":8,"type":"bitmap"},{"file":"crystal_creations:font/icons/medal_silver.png","chars":[""],"height":9,"ascent":8,"type":"bitmap"},{"file":"crystal_creations:font/icons/money.png","chars":[""],"height":9,"ascent":8,"type":"bitmap"},{"file":"crystal_creations:font/icons/no.png","chars":[""],"height":9,"ascent":8,"type":"bitmap"},{"file":"crystal_creations:font/icons/palmtree.png","chars":[""],"height":9,"ascent":8,"type":"bitmap"},{"file":"crystal_creations:font/icons/seashell.png","chars":[""],"height":9,"ascent":8,"type":"bitmap"},{"file":"crystal_creations:font/icons/starfish.png","chars":[""],"height":9,"ascent":8,"type":"bitmap"},{"file":"crystal_creations:font/icons/yes.png","chars":[""],"height":9,"ascent":8,"type":"bitmap"},{"file":"highlanderranks:owner.png","chars":[""],"height":9,"ascent":8,"type":"bitmap"},{"file":"highlanderranks:admin.png","chars":[""],"height":9,"ascent":8,"type":"bitmap"},{"file":"highlanderranks:developer.png","chars":[""],"height":9,"ascent":8,"type":"bitmap"},{"file":"highlanderranks:mod.png","chars":[""],"height":9,"ascent":8,"type":"bitmap"},{"file":"highlanderranks:builder.png","chars":[""],"height":9,"ascent":8,"type":"bitmap"},{"file":"highlanderranks:helper.png","chars":[""],"height":9,"ascent":8,"type":"bitmap"},{"file":"highlanderranks:youtube.png","chars":[""],"height":9,"ascent":8,"type":"bitmap"},{"file":"highlanderranks:twitch.png","chars":[""],"height":9,"ascent":8,"type":"bitmap"},{"file":"highlanderranks:ultravip.png","chars":[""],"height":9,"ascent":8,"type":"bitmap"},{"file":"highlanderranks:megavip.png","chars":[""],"height":9,"ascent":8,"type":"bitmap"},{"file":"highlanderranks:vipplus.png","chars":[""],"height":9,"ascent":8,"type":"bitmap"},{"file":"highlanderranks:vip.png","chars":[""],"height":9,"ascent":8,"type":"bitmap"},{"file":"highlanderranks:legend.png","chars":[""],"height":9,"ascent":8,"type":"bitmap"},{"file":"highlanderranks:hero.png","chars":[""],"height":9,"ascent":8,"type":"bitmap"},{"file":"highlanderranks:elite.png","chars":[""],"height":9,"ascent":8,"type":"bitmap"},{"file":"highlanderranks:player.png","chars":[""],"height":9,"ascent":8,"type":"bitmap"},{"file":"_iainternal:gui/no_recipe.png","chars":[""],"height":9,"ascent":47,"type":"bitmap"},{"file":"_iainternal:gui/crafting.png","chars":[""],"height":9,"ascent":47,"type":"bitmap"},{"file":"_iainternal:gui/cooking.png","chars":[""],"height":9,"ascent":47,"type":"bitmap"},{"file":"_iainternal:gui/blank_menu.png","chars":[""],"height":9,"ascent":47,"type":"bitmap"},{"file":"_iainternal:gui/anvil_repair.png","chars":[""],"height":9,"ascent":47,"type":"bitmap"},{"file":"_iainternal:gui/smithing.png","chars":[""],"height":9,"ascent":47,"type":"bitmap"},{"file":"beautiful_ranks:exemple.png","chars":[""],"height":8,"ascent":8,"type":"bitmap"},{"file":"beautiful_ranks:owner.png","chars":[""],"height":8,"ascent":8,"type":"bitmap"},{"file":"beautiful_ranks:owner_icon.png","chars":[""],"height":8,"ascent":8,"type":"bitmap"},{"file":"beautiful_ranks:admin.png","chars":["ē"],"height":8,"ascent":8,"type":"bitmap"},{"file":"beautiful_ranks:admin_icon.png","chars":[""],"height":8,"ascent":8,"type":"bitmap"},{"file":"beautiful_ranks:manager.png","chars":[""],"height":8,"ascent":8,"type":"bitmap"},{"file":"beautiful_ranks:manager_icon.png","chars":[""],"height":8,"ascent":8,"type":"bitmap"},{"file":"beautiful_ranks:dev.png","chars":[""],"height":8,"ascent":8,"type":"bitmap"},{"file":"beautiful_ranks:dev_icon.png","chars":[""],"height":8,"ascent":8,"type":"bitmap"},{"file":"beautiful_ranks:builder.png","chars":[""],"height":8,"ascent":8,"type":"bitmap"},{"file":"beautiful_ranks:builder_icon.png","chars":[""],"height":8,"ascent":8,"type":"bitmap"},{"file":"beautiful_ranks:graphiste.png","chars":[""],"height":8,"ascent":8,"type":"bitmap"},{"file":"beautiful_ranks:graphiste_icon.png","chars":[""],"height":8,"ascent":8,"type":"bitmap"},{"file":"beautiful_ranks:mod.png","chars":[""],"height":8,"ascent":8,"type":"bitmap"},{"file":"beautiful_ranks:mod_icon.png","chars":[""],"height":8,"ascent":8,"type":"bitmap"},{"file":"beautiful_ranks:helper.png","chars":[""],"height":8,"ascent":8,"type":"bitmap"},{"file":"beautiful_ranks:helper_icon.png","chars":[""],"height":8,"ascent":8,"type":"bitmap"},{"file":"beautiful_ranks:staff.png","chars":[""],"height":8,"ascent":8,"type":"bitmap"},{"file":"beautiful_ranks:staff_icon.png","chars":[""],"height":8,"ascent":8,"type":"bitmap"},{"file":"beautiful_ranks:vip.png","chars":[""],"height":8,"ascent":8,"type":"bitmap"},{"file":"beautiful_ranks:vip_icon.png","chars":[""],"height":8,"ascent":8,"type":"bitmap"},{"file":"beautiful_ranks:vip_plus.png","chars":[""],"height":8,"ascent":8,"type":"bitmap"},{"file":"beautiful_ranks:vip_plus_icon.png","chars":[""],"height":8,"ascent":8,"type":"bitmap"},{"file":"beautiful_ranks:mvp.png","chars":[""],"height":8,"ascent":8,"type":"bitmap"},{"file":"beautiful_ranks:mvp_icon.png","chars":[""],"height":8,"ascent":8,"type":"bitmap"},{"file":"beautiful_ranks:mvp_plus.png","chars":[""],"height":8,"ascent":8,"type":"bitmap"},{"file":"beautiful_ranks:mvp_plus_icon.png","chars":[""],"height":8,"ascent":8,"type":"bitmap"},{"file":"beautiful_ranks:player.png","chars":[""],"height":8,"ascent":8,"type":"bitmap"},{"file":"beautiful_ranks:player_icon.png","chars":[""],"height":8,"ascent":8,"type":"bitmap"},{"file":"beautiful_ranks:ytb.png","chars":[""],"height":8,"ascent":8,"type":"bitmap"},{"file":"beautiful_ranks:ytb_icon.png","chars":[""],"height":8,"ascent":8,"type":"bitmap"},{"file":"beautiful_ranks:ytb_v2.png","chars":[""],"height":8,"ascent":8,"type":"bitmap"},{"file":"beautiful_ranks:twitch.png","chars":[""],"height":8,"ascent":8,"type":"bitmap"},{"file":"beautiful_ranks:twitch_icon.png","chars":[""],"height":8,"ascent":8,"type":"bitmap"},{"file":"beautiful_ranks:twitch_v2.png","chars":[""],"height":8,"ascent":8,"type":"bitmap"},{"file":"beautiful_ranks:tiktok.png","chars":[""],"height":8,"ascent":8,"type":"bitmap"},{"file":"beautiful_ranks:tiktok_icon.png","chars":[""],"height":8,"ascent":8,"type":"bitmap"},{"file":"beautiful_ranks:tiktok_v2.png","chars":[""],"height":8,"ascent":8,"type":"bitmap"},{"file":"teleportation_hub:teleportation_hub/rtp_menu_overworld.png","chars":[""],"height":256,"ascent":48,"type":"bitmap"},{"file":"teleportation_hub:teleportation_hub/rtp_menu_nether.png","chars":[""],"height":256,"ascent":48,"type":"bitmap"},{"file":"teleportation_hub:teleportation_hub/rtp_menu_end.png","chars":[""],"height":256,"ascent":48,"type":"bitmap"},{"file":"teleportation_hub:teleportation_hub/rtp_menu_resource.png","chars":[""],"height":256,"ascent":48,"type":"bitmap"},{"file":"cubejobs:icon/amethyst.png","chars":["ᵰ"],"height":10,"ascent":9,"type":"bitmap"},{"file":"cubejobs:gui/alchemist.png","chars":["ṛ"],"height":256,"ascent":21,"type":"bitmap"},{"file":"cubejobs:gui/assassin.png","chars":["Ṝ"],"height":256,"ascent":21,"type":"bitmap"},{"file":"cubejobs:gui/blacksmith.png","chars":["ṝ"],"height":256,"ascent":21,"type":"bitmap"},{"file":"cubejobs:gui/builder.png","chars":["Ṟ"],"height":256,"ascent":21,"type":"bitmap"},{"file":"cubejobs:gui/crafter.png","chars":["ṟ"],"height":256,"ascent":21,"type":"bitmap"},{"file":"cubejobs:gui/digger.png","chars":["Ṡ"],"height":256,"ascent":21,"type":"bitmap"},{"file":"cubejobs:gui/enchanter.png","chars":["ṡ"],"height":256,"ascent":21,"type":"bitmap"},{"file":"cubejobs:gui/farmer.png","chars":["Ṣ"],"height":256,"ascent":21,"type":"bitmap"},{"file":"cubejobs:gui/fisherman.png","chars":["ṣ"],"height":256,"ascent":21,"type":"bitmap"},{"file":"cubejobs:gui/hunter.png","chars":["Ṥ"],"height":256,"ascent":21,"type":"bitmap"},{"file":"cubejobs:gui/lumberjack.png","chars":["ṥ"],"height":256,"ascent":21,"type":"bitmap"},{"file":"cubejobs:gui/miner.png","chars":["Ṧ"],"height":256,"ascent":21,"type":"bitmap"},{"file":"cubejobs:gui/smelter.png","chars":["ṧ"],"height":256,"ascent":21,"type":"bitmap"},{"file":"cubejobs:icon/empty.png","chars":["Ṩ"],"height":5,"ascent":5,"type":"bitmap"},{"file":"cubejobs:icon/exp.png","chars":["ṩ"],"height":9,"ascent":8,"type":"bitmap"},{"file":"cubejobs:icon/filled.png","chars":["Ṫ"],"height":5,"ascent":5,"type":"bitmap"},{"file":"cubejobs:icon/left_click.png","chars":["ṫ"],"height":8,"ascent":7,"type":"bitmap"},{"file":"cubejobs:icon/right_click.png","chars":["Ṭ"],"height":8,"ascent":7,"type":"bitmap"},{"file":"cubejobs:misc/empty.png","chars":["ṭ"],"height":-10,"ascent":-32768,"type":"bitmap"},{"file":"cubejobs:prefix/chat/prefix.png","chars":["Ṯ"],"height":8,"ascent":7,"type":"bitmap"},{"file":"cubejobs:prefix/job/alchemist.png","chars":["ṯ"],"height":8,"ascent":7,"type":"bitmap"},{"file":"cubejobs:prefix/job/assassin.png","chars":["Ṱ"],"height":8,"ascent":7,"type":"bitmap"},{"file":"cubejobs:prefix/job/blacksmith.png","chars":["ṱ"],"height":8,"ascent":7,"type":"bitmap"},{"file":"cubejobs:prefix/job/builder.png","chars":["Ṳ"],"height":8,"ascent":7,"type":"bitmap"},{"file":"cubejobs:prefix/job/crafter.png","chars":["ṳ"],"height":8,"ascent":7,"type":"bitmap"},{"file":"cubejobs:prefix/job/digger.png","chars":["Ṵ"],"height":8,"ascent":7,"type":"bitmap"},{"file":"cubejobs:prefix/job/enchanter.png","chars":["ṵ"],"height":8,"ascent":7,"type":"bitmap"},{"file":"cubejobs:prefix/job/farmer.png","chars":["Ṷ"],"height":8,"ascent":7,"type":"bitmap"},{"file":"cubejobs:prefix/job/fisherman.png","chars":["ṷ"],"height":8,"ascent":7,"type":"bitmap"},{"file":"cubejobs:prefix/job/hunter.png","chars":["Ṹ"],"height":8,"ascent":7,"type":"bitmap"},{"file":"cubejobs:prefix/job/lumberjack.png","chars":["ṹ"],"height":8,"ascent":7,"type":"bitmap"},{"file":"cubejobs:prefix/job/miner.png","chars":["Ṻ"],"height":8,"ascent":7,"type":"bitmap"},{"file":"cubejobs:prefix/job/smelter.png","chars":["ṻ"],"height":8,"ascent":7,"type":"bitmap"},{"file":"cubejobs:prefix/rank/adept.png","chars":["Ṽ"],"height":8,"ascent":7,"type":"bitmap"},{"file":"cubejobs:prefix/rank/apprentice.png","chars":["ṽ"],"height":8,"ascent":7,"type":"bitmap"},{"file":"cubejobs:prefix/rank/grandmaster.png","chars":["Ṿ"],"height":8,"ascent":7,"type":"bitmap"},{"file":"cubejobs:prefix/rank/initiate.png","chars":["ṿ"],"height":8,"ascent":7,"type":"bitmap"},{"file":"cubejobs:prefix/rank/journeyman.png","chars":["Ẁ"],"height":8,"ascent":7,"type":"bitmap"},{"file":"cubejobs:prefix/rank/legendary.png","chars":["ẁ"],"height":8,"ascent":7,"type":"bitmap"},{"file":"cubejobs:prefix/rank/master.png","chars":["Ẃ"],"height":8,"ascent":7,"type":"bitmap"},{"file":"cubejobs:prefix/rank/novice.png","chars":["ẃ"],"height":8,"ascent":7,"type":"bitmap"}]}