{
	"credit": "Made with Blockbench",
	"texture_size": [128, 128],
	"textures": {
		"0": "elitecreatures:archdemon_animated/archdemon_texture",
		"2": "elitecreatures:archdemon_animated/archdemon_animation1",
		"3": "elitecreatures:archdemon_animated/archdemon_animation2",
		"4": "elitecreatures:archdemon_animated/archdemon_animation3",
		"particle": "elitecreatures:archdemon_animated/archdemon_texture"
	},
	"elements": [
		{
			"from": [-1, -14, 1],
			"to": [17, -9, 15],
			"rotation": {"angle": 0, "axis": "y", "origin": [0, -16, 0]},
			"faces": {
				"north": {"uv": [2.625, 15.375, 4.875, 16], "texture": "#0"},
				"east": {"uv": [2.625, 14.75, 4.375, 15.375], "texture": "#0"},
				"south": {"uv": [2.625, 15.375, 4.875, 16], "texture": "#0"},
				"west": {"uv": [4.375, 14.75, 2.625, 15.375], "texture": "#0"}
			}
		},
		{
			"from": [-2.5, -9, -0.5],
			"to": [18.5, -7, 16],
			"rotation": {"angle": 0, "axis": "y", "origin": [0.5, -17, 0]},
			"faces": {
				"north": {"uv": [0, 13.6875, 2.625, 13.9375], "texture": "#0"},
				"east": {"uv": [0, 13.5, 2.0625, 13.75], "texture": "#0"},
				"south": {"uv": [0, 13.6875, 2.625, 13.9375], "texture": "#0"},
				"west": {"uv": [2.0625, 13.5, 0, 13.75], "texture": "#0"},
				"up": {"uv": [0, 13.9375, 2.625, 16], "texture": "#0"},
				"down": {"uv": [0, 13.9375, 2.625, 16], "texture": "#0"}
			}
		},
		{
			"from": [-3.16147, 0.33581, 12.60263],
			"to": [1.83853, 3.33581, 15.10263],
			"rotation": {"angle": -22.5, "axis": "z", "origin": [-1.83069, 4.75452, 13.72763]},
			"faces": {
				"north": {"uv": [4.4375, 1.125, 4.8125, 0.5625], "rotation": 270, "texture": "#0"},
				"east": {"uv": [5.625, 0, 5.3125, 0.375], "texture": "#0"},
				"south": {"uv": [4.4375, 1.125, 4.8125, 0.5625], "rotation": 90, "texture": "#0"},
				"west": {"uv": [5.625, 0, 5.3125, 0.375], "rotation": 180, "texture": "#0"},
				"up": {"uv": [4.8125, 1.125, 5.125, 0.5625], "rotation": 90, "texture": "#0"},
				"down": {"uv": [4.8125, 1.125, 5.125, 0.5625], "rotation": 90, "texture": "#0"}
			}
		},
		{
			"from": [-8.55627, 1.6173, 12.85263],
			"to": [-6.05627, 5.6173, 14.85263],
			"rotation": {"angle": 45, "axis": "z", "origin": [-6.16739, 6.23148, 13.82763]},
			"faces": {
				"north": {"uv": [5.4375, 0.375, 5.125, 0.875], "texture": "#0"},
				"east": {"uv": [5.6875, 0.375, 5.4375, 0.875], "rotation": 180, "texture": "#0"},
				"south": {"uv": [5.4375, 0.875, 5.125, 0.375], "rotation": 180, "texture": "#0"},
				"west": {"uv": [5.6875, 0.375, 5.4375, 0.875], "texture": "#0"},
				"up": {"uv": [5.125, 1.1875, 5.375, 0.875], "rotation": 90, "texture": "#0"},
				"down": {"uv": [5.125, 1.1875, 5.375, 0.875], "rotation": 90, "texture": "#0"}
			}
		},
		{
			"from": [-7.41098, 4.0907, 13.35263],
			"to": [-5.41098, 7.5907, 14.35263],
			"rotation": {"angle": 0, "axis": "y", "origin": [-5.66739, 6.03148, 13.82763]},
			"faces": {
				"north": {"uv": [5.9375, 0, 5.6875, 0.4375], "texture": "#0"},
				"east": {"uv": [6.0625, 0, 5.9375, 0.4375], "rotation": 180, "texture": "#0"},
				"south": {"uv": [5.9375, 0.4375, 5.6875, 0], "rotation": 180, "texture": "#0"},
				"west": {"uv": [6.0625, 0, 5.9375, 0.4375], "texture": "#0"},
				"up": {"uv": [5.6875, 0.6875, 5.8125, 0.4375], "rotation": 90, "texture": "#0"},
				"down": {"uv": [5.6875, 0.6875, 5.8125, 0.4375], "rotation": 90, "texture": "#0"}
			}
		},
		{
			"from": [-8.039, 5.00491, 13.60263],
			"to": [-3.039, 15.00491, 13.60263],
			"rotation": {"angle": 0, "axis": "y", "origin": [-4.2189, 7.51943, 13.72763]},
			"faces": {
				"north": {"uv": [6.6875, 0, 6.0625, 1.25], "rotation": 180, "texture": "#0"},
				"east": {"uv": [0, 0, 0, 9], "rotation": 180, "texture": "#missing"},
				"south": {"uv": [6.0625, 0, 6.6875, 1.25], "rotation": 180, "texture": "#0"},
				"west": {"uv": [0, 0, 0, 9], "rotation": 180, "texture": "#missing"},
				"up": {"uv": [0, 4, 0, 0], "rotation": 90, "texture": "#missing"},
				"down": {"uv": [0, 4, 0, 0], "rotation": 270, "texture": "#missing"}
			}
		},
		{
			"from": [14.16147, 0.33581, 12.60263],
			"to": [19.16147, 3.33581, 15.10263],
			"rotation": {"angle": 22.5, "axis": "z", "origin": [17.83069, 4.75452, 13.72763]},
			"faces": {
				"north": {"uv": [4.4375, 0.5625, 4.8125, 1.125], "rotation": 270, "texture": "#0"},
				"east": {"uv": [5.3125, 0, 5.625, 0.375], "rotation": 180, "texture": "#0"},
				"south": {"uv": [4.4375, 0.5625, 4.8125, 1.125], "rotation": 90, "texture": "#0"},
				"west": {"uv": [5.3125, 0, 5.625, 0.375], "texture": "#0"},
				"up": {"uv": [4.8125, 0.5625, 5.125, 1.125], "rotation": 90, "texture": "#0"},
				"down": {"uv": [4.8125, 0.5625, 5.125, 1.125], "rotation": 90, "texture": "#0"}
			}
		},
		{
			"from": [22.05627, 1.6173, 12.85263],
			"to": [24.55627, 5.6173, 14.85263],
			"rotation": {"angle": -45, "axis": "z", "origin": [22.16739, 6.23148, 13.82763]},
			"faces": {
				"north": {"uv": [5.125, 0.375, 5.4375, 0.875], "texture": "#0"},
				"east": {"uv": [5.4375, 0.375, 5.6875, 0.875], "texture": "#0"},
				"south": {"uv": [5.125, 0.875, 5.4375, 0.375], "rotation": 180, "texture": "#0"},
				"west": {"uv": [5.4375, 0.375, 5.6875, 0.875], "rotation": 180, "texture": "#0"},
				"up": {"uv": [5.125, 0.875, 5.375, 1.1875], "rotation": 90, "texture": "#0"},
				"down": {"uv": [5.125, 0.875, 5.375, 1.1875], "rotation": 90, "texture": "#0"}
			}
		},
		{
			"from": [21.41098, 4.0907, 13.35263],
			"to": [23.41098, 7.5907, 14.35263],
			"rotation": {"angle": 0, "axis": "y", "origin": [21.66739, 6.03148, 13.82763]},
			"faces": {
				"north": {"uv": [5.6875, 0, 5.9375, 0.4375], "texture": "#0"},
				"east": {"uv": [5.9375, 0, 6.0625, 0.4375], "texture": "#0"},
				"south": {"uv": [5.6875, 0.4375, 5.9375, 0], "rotation": 180, "texture": "#0"},
				"west": {"uv": [5.9375, 0, 6.0625, 0.4375], "rotation": 180, "texture": "#0"},
				"up": {"uv": [5.6875, 0.4375, 5.8125, 0.6875], "rotation": 90, "texture": "#0"},
				"down": {"uv": [5.6875, 0.4375, 5.8125, 0.6875], "rotation": 90, "texture": "#0"}
			}
		},
		{
			"from": [19.039, 5.00491, 13.60263],
			"to": [24.039, 15.00491, 13.60263],
			"rotation": {"angle": 0, "axis": "y", "origin": [20.2189, 7.51943, 13.72763]},
			"faces": {
				"north": {"uv": [6.0625, 0, 6.6875, 1.25], "rotation": 180, "texture": "#0"},
				"east": {"uv": [0, 0, 0, 9], "rotation": 180, "texture": "#missing"},
				"south": {"uv": [6.6875, 0, 6.0625, 1.25], "rotation": 180, "texture": "#0"},
				"west": {"uv": [0, 0, 0, 9], "rotation": 180, "texture": "#missing"},
				"up": {"uv": [0, 0, 0, 4], "rotation": 90, "texture": "#missing"},
				"down": {"uv": [0, 0, 0, 4], "rotation": 270, "texture": "#missing"}
			}
		},
		{
			"from": [-2, -16, 0],
			"to": [18, -14, 16],
			"rotation": {"angle": 0, "axis": "y", "origin": [0, -24, 0]},
			"faces": {
				"north": {"uv": [4.875, 13.75, 7.375, 14], "texture": "#0"},
				"east": {"uv": [4.875, 13.5, 6.875, 13.75], "texture": "#0"},
				"south": {"uv": [4.875, 13.75, 7.375, 14], "texture": "#0"},
				"west": {"uv": [4.875, 13.5, 6.875, 13.75], "texture": "#0"},
				"up": {"uv": [4.875, 14, 7.375, 16], "texture": "#0"},
				"down": {"uv": [4.875, 14, 7.375, 16], "texture": "#0"}
			}
		},
		{
			"from": [3.5, 4.51015, 17.8582],
			"to": [3.5, 14.51015, 22.8582],
			"rotation": {"angle": -45, "axis": "x", "origin": [8, 13.75917, 12.24902]},
			"faces": {
				"north": {"uv": [0, 0, 0, 9], "texture": "#missing"},
				"east": {"uv": [6.6875, 0, 6.0625, 1.25], "texture": "#0"},
				"south": {"uv": [0, 0, 0, 9], "texture": "#missing"},
				"west": {"uv": [6.0625, 0, 6.6875, 1.25], "texture": "#0"},
				"up": {"uv": [0, 0, 0, 4], "texture": "#missing"},
				"down": {"uv": [0, 0, 0, 4], "texture": "#missing"}
			}
		},
		{
			"from": [3.25, 18.15444, 16.31249],
			"to": [4.25, 20.15444, 19.81249],
			"rotation": {"angle": 0, "axis": "y", "origin": [8, 13.75917, 12.24902]},
			"faces": {
				"north": {"uv": [5.6875, 0.4375, 5.8125, 0.6875], "texture": "#0"},
				"east": {"uv": [5.6875, 0.4375, 5.9375, 0], "rotation": 90, "texture": "#0"},
				"south": {"uv": [5.6875, 0.4375, 5.8125, 0.6875], "texture": "#0"},
				"west": {"uv": [5.6875, 0, 5.9375, 0.4375], "rotation": 90, "texture": "#0"},
				"up": {"uv": [5.9375, 0, 6.0625, 0.4375], "rotation": 180, "texture": "#0"},
				"down": {"uv": [5.9375, 0, 6.0625, 0.4375], "rotation": 180, "texture": "#0"}
			}
		},
		{
			"from": [2.75, 13.11237, 15.66881],
			"to": [4.75, 15.61237, 19.66881],
			"rotation": {"angle": -45, "axis": "x", "origin": [8, 13.75917, 12.24902]},
			"faces": {
				"north": {"uv": [5.125, 0.875, 5.375, 1.1875], "texture": "#0"},
				"east": {"uv": [5.125, 0.875, 5.4375, 0.375], "rotation": 90, "texture": "#0"},
				"south": {"uv": [5.125, 0.875, 5.375, 1.1875], "texture": "#0"},
				"west": {"uv": [5.125, 0.375, 5.4375, 0.875], "rotation": 90, "texture": "#0"},
				"up": {"uv": [5.4375, 0.375, 5.6875, 0.875], "rotation": 180, "texture": "#0"},
				"down": {"uv": [5.4375, 0.375, 5.6875, 0.875], "rotation": 180, "texture": "#0"}
			}
		},
		{
			"from": [2.5, 13.11604, 12.9344],
			"to": [5, 17.61604, 15.9344],
			"rotation": {"angle": 0, "axis": "y", "origin": [8, 13.75917, 12.24902]},
			"faces": {
				"north": {"uv": [4.8125, 0.5625, 5.125, 1.125], "texture": "#0"},
				"east": {"uv": [4.4375, 0.5625, 4.8125, 1.125], "texture": "#0"},
				"south": {"uv": [4.8125, 0.5625, 5.125, 1.125], "texture": "#0"},
				"west": {"uv": [4.4375, 0.5625, 4.8125, 1.125], "texture": "#0"},
				"up": {"uv": [5.3125, 0, 5.625, 0.375], "texture": "#0"},
				"down": {"uv": [5.3125, 0, 5.625, 0.375], "texture": "#0"}
			}
		},
		{
			"from": [11.75, 18.15444, 16.31249],
			"to": [12.75, 20.15444, 19.81249],
			"rotation": {"angle": 0, "axis": "y", "origin": [8, 13.75917, 12.24902]},
			"faces": {
				"north": {"uv": [5.8125, 0.4375, 5.6875, 0.6875], "texture": "#0"},
				"east": {"uv": [5.6875, 0.4375, 5.9375, 0], "rotation": 90, "texture": "#0"},
				"south": {"uv": [5.8125, 0.4375, 5.6875, 0.6875], "texture": "#0"},
				"west": {"uv": [5.6875, 0, 5.9375, 0.4375], "rotation": 90, "texture": "#0"},
				"up": {"uv": [6.0625, 0, 5.9375, 0.4375], "rotation": 180, "texture": "#0"},
				"down": {"uv": [6.0625, 0, 5.9375, 0.4375], "rotation": 180, "texture": "#0"}
			}
		},
		{
			"from": [12.5, 4.51015, 17.8582],
			"to": [12.5, 14.51015, 22.8582],
			"rotation": {"angle": -45, "axis": "x", "origin": [8, 13.75917, 12.24902]},
			"faces": {
				"north": {"uv": [0, 0, 0, 9], "texture": "#missing"},
				"east": {"uv": [6.0625, 1.25, 6.6875, 0], "rotation": 180, "texture": "#0"},
				"south": {"uv": [0, 0, 0, 9], "texture": "#missing"},
				"west": {"uv": [6.6875, 1.25, 6.0625, 0], "rotation": 180, "texture": "#0"},
				"up": {"uv": [0, 0, 0, 4], "texture": "#missing"},
				"down": {"uv": [0, 0, 0, 4], "texture": "#missing"}
			}
		},
		{
			"from": [11.25, 13.11237, 15.66881],
			"to": [13.25, 15.61237, 19.66881],
			"rotation": {"angle": -45, "axis": "x", "origin": [8, 13.75917, 12.24902]},
			"faces": {
				"north": {"uv": [5.375, 0.875, 5.125, 1.1875], "texture": "#0"},
				"east": {"uv": [5.4375, 0.375, 5.125, 0.875], "rotation": 270, "texture": "#0"},
				"south": {"uv": [5.375, 0.875, 5.125, 1.1875], "texture": "#0"},
				"west": {"uv": [5.4375, 0.875, 5.125, 0.375], "rotation": 270, "texture": "#0"},
				"up": {"uv": [5.6875, 0.375, 5.4375, 0.875], "rotation": 180, "texture": "#0"},
				"down": {"uv": [5.6875, 0.375, 5.4375, 0.875], "rotation": 180, "texture": "#0"}
			}
		},
		{
			"from": [11, 13.11604, 12.9344],
			"to": [13.5, 17.61604, 15.9344],
			"rotation": {"angle": 0, "axis": "y", "origin": [8, 13.75917, 12.24902]},
			"faces": {
				"north": {"uv": [5.125, 0.5625, 4.8125, 1.125], "texture": "#0"},
				"east": {"uv": [4.8125, 0.5625, 4.4375, 1.125], "texture": "#0"},
				"south": {"uv": [5.125, 0.5625, 4.8125, 1.125], "texture": "#0"},
				"west": {"uv": [4.8125, 0.5625, 4.4375, 1.125], "texture": "#0"},
				"up": {"uv": [5.625, 0, 5.3125, 0.375], "texture": "#0"},
				"down": {"uv": [5.625, 0, 5.3125, 0.375], "texture": "#0"}
			}
		},
		{
			"from": [4, 6.88902, 8.40905],
			"to": [12, 15.88902, 15.40905],
			"rotation": {"angle": -22.5, "axis": "x", "origin": [8, 13.75917, 12.24902]},
			"faces": {
				"north": {"uv": [3.125, 7.4375, 4.125, 8.5625], "rotation": 180, "texture": "#0"},
				"east": {"uv": [1.125, 7.6875, 0, 8.5625], "rotation": 270, "texture": "#0"},
				"south": {"uv": [2.125, 7.4375, 3.125, 8.5625], "texture": "#0"},
				"west": {"uv": [0, 7.6875, 1.125, 8.5625], "rotation": 90, "texture": "#0"},
				"up": {"uv": [1.125, 7.6875, 2.125, 8.5625], "rotation": 180, "texture": "#0"},
				"down": {"uv": [4.125, 7.6875, 5.125, 8.5625], "texture": "#0"}
			}
		},
		{
			"from": [4.25, 16.6082, 8.48985],
			"to": [11.75, 16.6082, 9.98985],
			"rotation": {"angle": -45, "axis": "x", "origin": [8, 13.75917, 12.24902]},
			"faces": {
				"north": {"uv": [3.25, 2.875, 3.25, 3.8125], "rotation": 90, "texture": "#0"},
				"east": {"uv": [3.25, 2.3125, 3.25, 2.5], "rotation": 90, "texture": "#0"},
				"south": {"uv": [3.9375, 2.875, 3.9375, 3.8125], "rotation": 90, "texture": "#0"},
				"west": {"uv": [3.25, 2.3125, 3.25, 2.5], "rotation": 90, "texture": "#0"},
				"up": {"uv": [8.25, 0, 9.1875, 0.1875], "rotation": 180, "texture": "#0"},
				"down": {"uv": [8.25, 0, 9.1875, 0.1875], "texture": "#0"}
			}
		},
		{
			"from": [6.75, 10.37371, 6.14519],
			"to": [9.25, 12.87371, 8.64519],
			"rotation": {"angle": -22.5, "axis": "x", "origin": [8, 13.75917, 12.24902]},
			"faces": {
				"north": {"uv": [2.9375, 0.9375, 3.25, 1.25], "rotation": 270, "texture": "#0"},
				"east": {"uv": [2.625, 0.9375, 2.9375, 1.25], "rotation": 270, "texture": "#0"},
				"south": {"uv": [2.9375, 0.9375, 3.25, 1.25], "rotation": 90, "texture": "#0"},
				"west": {"uv": [2.625, 0.9375, 2.9375, 1.25], "rotation": 90, "texture": "#0"},
				"up": {"uv": [3.5625, 0.9375, 3.25, 1.25], "rotation": 180, "texture": "#0"},
				"down": {"uv": [3.5625, 0.9375, 3.25, 1.25], "texture": "#0"}
			}
		},
		{
			"from": [8, 14.5082, 3.48985],
			"to": [8, 21.5082, 8.48985],
			"rotation": {"angle": -45, "axis": "x", "origin": [8, 13.75917, 12.24902]},
			"faces": {
				"north": {"uv": [0, 0, 0, 3.5], "texture": "#3"},
				"east": {"uv": [12, 0, 2, 14], "texture": "#3"},
				"south": {"uv": [0, 0, 0, 3.5], "texture": "#3"},
				"west": {"uv": [12, 14, 2, 0], "rotation": 180, "texture": "#3"},
				"up": {"uv": [0, 3, 0, 0], "texture": "#3"},
				"down": {"uv": [0, 0, 0, 3], "texture": "#3"}
			}
		},
		{
			"from": [4.5, 4.3525, 5.42521],
			"to": [11.5, 8.3525, 11.42521],
			"rotation": {"angle": 0, "axis": "y", "origin": [8, 13.75917, 12.24902]},
			"faces": {
				"north": {"uv": [1.25, 7.1875, 2.125, 7.6875], "rotation": 180, "texture": "#0"},
				"east": {"uv": [0.875, 8.5625, 1.375, 9.3125], "rotation": 270, "texture": "#0"},
				"south": {"uv": [1.25, 7.1875, 2.125, 7.6875], "texture": "#0"},
				"west": {"uv": [0.875, 8.5625, 1.375, 9.3125], "rotation": 90, "texture": "#0"},
				"up": {"uv": [1.375, 8.5625, 2.25, 9.3125], "rotation": 180, "texture": "#0"},
				"down": {"uv": [0, 8.5625, 0.875, 9.3125], "texture": "#0"}
			}
		},
		{
			"from": [4.75, 5.76564, 8.54616],
			"to": [11.25, 7.26564, 8.54616],
			"rotation": {"angle": 22.5, "axis": "x", "origin": [8, 13.75917, 12.24902]},
			"faces": {
				"north": {"uv": [8.3125, 0, 9.125, 0.1875], "rotation": 180, "texture": "#0"},
				"east": {"uv": [3.25, 2.3125, 3.25, 2.5], "rotation": 180, "texture": "#0"},
				"south": {"uv": [8.3125, 0, 9.125, 0.1875], "rotation": 180, "texture": "#0"},
				"west": {"uv": [3.25, 2.3125, 3.25, 2.5], "texture": "#0"},
				"up": {"uv": [3.25, 2.875, 3.25, 3.6875], "rotation": 90, "texture": "#0"},
				"down": {"uv": [3.9375, 2.875, 3.9375, 3.6875], "rotation": 270, "texture": "#0"}
			}
		},
		{
			"from": [-2, -14, 0],
			"to": [0, -9, 2],
			"rotation": {"angle": 0, "axis": "y", "origin": [0, -22, 0]},
			"faces": {
				"north": {"uv": [1.1875, 10.4375, 1.4375, 11.0625], "texture": "#0"},
				"east": {"uv": [0.9375, 10.4375, 1.1875, 11.0625], "texture": "#0"},
				"south": {"uv": [0.9375, 10.4375, 1.1875, 11.0625], "texture": "#0"},
				"west": {"uv": [1.4375, 10.4375, 1.1875, 11.0625], "texture": "#0"},
				"up": {"uv": [2.0625, 7.75, 2.3125, 8], "texture": "#0"},
				"down": {"uv": [2.0625, 7.75, 2.3125, 8], "texture": "#0"}
			}
		},
		{
			"from": [16, -14, 0],
			"to": [18, -9, 2],
			"rotation": {"angle": 0, "axis": "y", "origin": [16, -22, 0]},
			"faces": {
				"north": {"uv": [1.4375, 10.4375, 1.1875, 11.0625], "texture": "#0"},
				"east": {"uv": [1.1875, 10.4375, 1.4375, 11.0625], "texture": "#0"},
				"south": {"uv": [1.1875, 10.4375, 0.9375, 11.0625], "texture": "#0"},
				"west": {"uv": [1.1875, 10.4375, 0.9375, 11.0625], "texture": "#0"},
				"up": {"uv": [2.3125, 7.75, 2.0625, 8], "texture": "#0"},
				"down": {"uv": [2.3125, 7.75, 2.0625, 8], "texture": "#0"}
			}
		},
		{
			"from": [16, -14, 14],
			"to": [18, -9, 16],
			"rotation": {"angle": 0, "axis": "y", "origin": [16, -22, 16]},
			"faces": {
				"north": {"uv": [1.1875, 10.4375, 0.9375, 11.0625], "texture": "#0"},
				"east": {"uv": [1.4375, 10.4375, 1.1875, 11.0625], "texture": "#0"},
				"south": {"uv": [1.1875, 10.4375, 1.4375, 11.0625], "texture": "#0"},
				"west": {"uv": [0.9375, 10.4375, 1.1875, 11.0625], "texture": "#0"},
				"up": {"uv": [2.3125, 8, 2.0625, 7.75], "texture": "#0"},
				"down": {"uv": [2.3125, 8, 2.0625, 7.75], "texture": "#0"}
			}
		},
		{
			"from": [-2, -14, 14],
			"to": [0, -9, 16],
			"rotation": {"angle": 0, "axis": "y", "origin": [0, -22, 16]},
			"faces": {
				"north": {"uv": [1.1875, 10.4375, 0.9375, 11.0625], "texture": "#0"},
				"east": {"uv": [1.1875, 10.4375, 0.9375, 11.0625], "texture": "#0"},
				"south": {"uv": [1.1875, 10.4375, 1.4375, 11.0625], "texture": "#0"},
				"west": {"uv": [1.4375, 10.4375, 1.1875, 11.0625], "texture": "#0"},
				"up": {"uv": [2.0625, 8, 2.3125, 7.75], "texture": "#0"},
				"down": {"uv": [2.0625, 8, 2.3125, 7.75], "texture": "#0"}
			}
		},
		{
			"from": [-1, -5, 1],
			"to": [17, 0, 15],
			"rotation": {"angle": 45, "axis": "x", "origin": [8, -7, 16]},
			"faces": {
				"north": {"uv": [4.875, 11.125, 7.125, 11.75], "texture": "#0"},
				"east": {"uv": [4.375, 14.125, 2.625, 14.75], "texture": "#0"},
				"south": {"uv": [4.875, 11.125, 7.125, 11.75], "texture": "#0"},
				"west": {"uv": [2.625, 14.125, 4.375, 14.75], "texture": "#0"},
				"up": {"uv": [4.875, 11.75, 7.125, 13.5], "texture": "#0"},
				"down": {"uv": [4.875, 11.75, 7.125, 13.5], "texture": "#0"}
			}
		},
		{
			"from": [6.25, 3.75, 4],
			"to": [9.75, 7.25, 8],
			"rotation": {"angle": 45, "axis": "z", "origin": [8, 5.5, 6]},
			"faces": {
				"north": {"uv": [4.5, 3.5, 4.9375, 3.9375], "rotation": 180, "texture": "#0"},
				"east": {"uv": [4.9375, 3.5, 5.4375, 3.9375], "rotation": 180, "texture": "#0"},
				"south": {"uv": [4.5, 3.9375, 4.9375, 3.5], "rotation": 180, "texture": "#0"},
				"west": {"uv": [5.0625, 3.5, 5.5625, 3.0625], "rotation": 180, "texture": "#0"},
				"up": {"uv": [4.9375, 3.5, 5.4375, 3.9375], "rotation": 90, "texture": "#0"},
				"down": {"uv": [5.0625, 3.0625, 5.5625, 3.5], "rotation": 90, "texture": "#0"}
			}
		},
		{
			"from": [6.15, 3.75, 3.9],
			"to": [9.65, 7.25, 3.9],
			"rotation": {"angle": -45, "axis": "z", "origin": [7.9, 5.5, 3.9]},
			"faces": {
				"north": {"uv": [0, 0, 7, 7], "rotation": 90, "texture": "#4"},
				"east": {"uv": [0, 0, 0, 7], "rotation": 180, "texture": "#missing"},
				"south": {"uv": [0, 0, 7, 7], "rotation": 90, "texture": "#missing"},
				"west": {"uv": [0, 0, 7, 7], "rotation": 90, "texture": "#missing"},
				"up": {"uv": [0, 0, 0, 7], "rotation": 270, "texture": "#missing"},
				"down": {"uv": [0, 0, 0, 7], "rotation": 270, "texture": "#missing"}
			}
		},
		{
			"from": [-2, 0, 0],
			"to": [0, 2, 16],
			"rotation": {"angle": 45, "axis": "x", "origin": [-10, -7, 16]},
			"faces": {
				"north": {"uv": [7.375, 11.125, 7.125, 11.375], "texture": "#0"},
				"east": {"uv": [7.125, 13.375, 9.125, 13.625], "texture": "#0"},
				"south": {"uv": [7.125, 11.125, 7.375, 11.375], "texture": "#0"},
				"west": {"uv": [7.125, 13.375, 9.125, 13.625], "texture": "#0"},
				"up": {"uv": [7.125, 11.375, 7.375, 13.375], "texture": "#0"},
				"down": {"uv": [7.125, 11.375, 7.375, 13.375], "texture": "#0"}
			}
		},
		{
			"from": [-2, -5, 0],
			"to": [0, 0, 2],
			"rotation": {"angle": 45, "axis": "x", "origin": [8, -7, 16]},
			"faces": {
				"north": {"uv": [4.625, 14.75, 4.875, 15.375], "texture": "#0"},
				"east": {"uv": [4.375, 14.75, 4.625, 15.375], "texture": "#0"},
				"south": {"uv": [4.375, 14.75, 4.625, 15.375], "texture": "#0"},
				"west": {"uv": [4.875, 14.75, 4.625, 15.375], "texture": "#0"},
				"up": {"uv": [3.125, 7.8125, 3.375, 8.0625], "texture": "#0"},
				"down": {"uv": [3.125, 7.8125, 3.375, 8.0625], "texture": "#0"}
			}
		},
		{
			"from": [-2, -5, 14],
			"to": [0, 0, 16],
			"rotation": {"angle": 45, "axis": "x", "origin": [8, -7, 16]},
			"faces": {
				"north": {"uv": [4.375, 14.75, 4.625, 15.375], "texture": "#0"},
				"east": {"uv": [4.375, 14.75, 4.625, 15.375], "texture": "#0"},
				"south": {"uv": [4.875, 14.75, 4.625, 15.375], "texture": "#0"},
				"west": {"uv": [4.625, 14.75, 4.875, 15.375], "texture": "#0"},
				"up": {"uv": [4.625, 14.75, 4.875, 15.375], "texture": "#0"},
				"down": {"uv": [4.625, 14.75, 4.875, 15.375], "texture": "#0"}
			}
		},
		{
			"from": [16, -5, 14],
			"to": [18, 0, 16],
			"rotation": {"angle": 45, "axis": "x", "origin": [8, -7, 16]},
			"faces": {
				"north": {"uv": [4.625, 14.75, 4.375, 15.375], "texture": "#0"},
				"east": {"uv": [4.875, 14.75, 4.625, 15.375], "texture": "#0"},
				"south": {"uv": [4.625, 14.75, 4.875, 15.375], "texture": "#0"},
				"west": {"uv": [4.625, 14.75, 4.375, 15.375], "texture": "#0"},
				"up": {"uv": [4.875, 14.75, 4.625, 15.375], "texture": "#0"},
				"down": {"uv": [4.875, 14.75, 4.625, 15.375], "texture": "#0"}
			}
		},
		{
			"from": [16, 0, 0],
			"to": [18, 2, 16],
			"rotation": {"angle": 45, "axis": "x", "origin": [26, -7, 16]},
			"faces": {
				"north": {"uv": [7.125, 11.125, 7.375, 11.375], "texture": "#0"},
				"east": {"uv": [9.125, 13.375, 7.125, 13.625], "texture": "#0"},
				"south": {"uv": [7.375, 11.125, 7.125, 11.375], "texture": "#0"},
				"west": {"uv": [9.125, 13.375, 7.125, 13.625], "texture": "#0"},
				"up": {"uv": [7.375, 11.375, 7.125, 13.375], "texture": "#0"},
				"down": {"uv": [7.375, 11.375, 7.125, 13.375], "texture": "#0"}
			}
		},
		{
			"from": [16, -5, 0],
			"to": [18, 0, 2],
			"rotation": {"angle": 45, "axis": "x", "origin": [8, -7, 16]},
			"faces": {
				"north": {"uv": [4.875, 14.75, 4.625, 15.375], "texture": "#0"},
				"east": {"uv": [4.875, 14.75, 4.625, 15.375], "texture": "#0"},
				"south": {"uv": [4.625, 14.75, 4.375, 15.375], "texture": "#0"},
				"west": {"uv": [4.625, 14.75, 4.375, 15.375], "texture": "#0"},
				"up": {"uv": [3.375, 7.8125, 3.125, 8.0625], "texture": "#0"},
				"down": {"uv": [3.375, 7.8125, 3.125, 8.0625], "texture": "#0"}
			}
		},
		{
			"from": [-2.5, -7, -0.5],
			"to": [18.5, -5, 16],
			"rotation": {"angle": 45, "axis": "x", "origin": [8.5, -7, 16]},
			"faces": {
				"north": {"uv": [7.375, 13.6875, 10, 13.9375], "texture": "#0"},
				"east": {"uv": [0, 13.25, 2.0625, 13.5], "texture": "#0"},
				"south": {"uv": [7.375, 13.6875, 10, 13.9375], "texture": "#0"},
				"west": {"uv": [0, 13.25, 2.0625, 13.5], "texture": "#0"},
				"up": {"uv": [0, 13.9375, 2.625, 16], "texture": "#0"},
				"down": {"uv": [7.375, 13.9375, 10, 16], "texture": "#0"}
			}
		},
		{
			"from": [-4, -10.5, 5],
			"to": [-2, -8, 11],
			"rotation": {"angle": 0, "axis": "y", "origin": [-4, -10.5, 7]},
			"faces": {
				"north": {"uv": [2.1875, 12.8125, 2.4375, 13.125], "texture": "#0"},
				"east": {"uv": [1.4375, 12.8125, 2.1875, 13.125], "texture": "#0"},
				"south": {"uv": [2.1875, 12.8125, 2.4375, 13.125], "texture": "#0"},
				"west": {"uv": [1.4375, 12.8125, 2.1875, 13.125], "texture": "#0"},
				"up": {"uv": [4.625, 14, 4.875, 14.75], "texture": "#0"},
				"down": {"uv": [4.625, 14, 4.875, 14.75], "texture": "#0"}
			}
		},
		{
			"from": [18, -10.5, 5],
			"to": [20, -8, 11],
			"rotation": {"angle": 0, "axis": "y", "origin": [20, -10.5, 7]},
			"faces": {
				"north": {"uv": [2.4375, 12.8125, 2.1875, 13.125], "texture": "#0"},
				"east": {"uv": [2.1875, 12.8125, 1.4375, 13.125], "texture": "#0"},
				"south": {"uv": [2.1875, 12.8125, 2.4375, 13.125], "texture": "#0"},
				"west": {"uv": [2.1875, 12.8125, 1.4375, 13.125], "texture": "#0"},
				"up": {"uv": [4.875, 14, 4.625, 14.75], "texture": "#0"},
				"down": {"uv": [4.875, 14, 4.625, 14.75], "texture": "#0"}
			}
		},
		{
			"from": [-1, -7, 1],
			"to": [2, -5, 4.5],
			"rotation": {"angle": 0, "axis": "y", "origin": [-1, -8, 1]},
			"faces": {
				"north": {"uv": [4.4375, 7.0625, 4.8125, 7.3125], "texture": "#0"},
				"east": {"uv": [4.4375, 7.3125, 4.875, 7.5625], "texture": "#0"},
				"south": {"uv": [4.4375, 7.0625, 4.8125, 7.3125], "texture": "#0"},
				"west": {"uv": [4.4375, 7.3125, 4.875, 7.5625], "texture": "#0"},
				"up": {"uv": [4.75, 6.4375, 5.125, 6.875], "texture": "#0"},
				"down": {"uv": [4.75, 6.4375, 5.125, 6.875], "texture": "#0"}
			}
		},
		{
			"from": [-0.5, -5, 1.5],
			"to": [1.5, -2, 4],
			"rotation": {"angle": 22.5, "axis": "x", "origin": [-1.5, -5, 1]},
			"faces": {
				"north": {"uv": [4.8125, 6.9375, 5.0625, 7.3125], "texture": "#0"},
				"east": {"uv": [5.125, 6.4375, 5.4375, 6.8125], "texture": "#0"},
				"south": {"uv": [4.8125, 6.9375, 5.0625, 7.3125], "texture": "#0"},
				"west": {"uv": [5.125, 6.4375, 5.4375, 6.8125], "texture": "#0"},
				"up": {"uv": [5.4375, 6.4375, 5.6875, 6.75], "texture": "#0"},
				"down": {"uv": [5.4375, 6.4375, 5.6875, 6.75], "texture": "#0"}
			}
		},
		{
			"from": [14.5, -5, 1.5],
			"to": [16.5, -2, 4],
			"rotation": {"angle": 22.5, "axis": "x", "origin": [17.5, -5, 1]},
			"faces": {
				"north": {"uv": [5.0625, 6.9375, 4.8125, 7.3125], "texture": "#0"},
				"east": {"uv": [5.4375, 6.4375, 5.125, 6.8125], "texture": "#0"},
				"south": {"uv": [5.0625, 6.9375, 4.8125, 7.3125], "texture": "#0"},
				"west": {"uv": [5.4375, 6.4375, 5.125, 6.8125], "texture": "#0"},
				"up": {"uv": [5.6875, 6.4375, 5.4375, 6.75], "texture": "#0"},
				"down": {"uv": [5.6875, 6.4375, 5.4375, 6.75], "texture": "#0"}
			}
		},
		{
			"from": [14, -7, 1],
			"to": [17, -5, 4.5],
			"rotation": {"angle": 0, "axis": "y", "origin": [17, -8, 1]},
			"faces": {
				"north": {"uv": [4.8125, 7.0625, 4.4375, 7.3125], "texture": "#0"},
				"east": {"uv": [4.875, 7.3125, 4.4375, 7.5625], "texture": "#0"},
				"south": {"uv": [4.8125, 7.0625, 4.4375, 7.3125], "texture": "#0"},
				"west": {"uv": [4.875, 7.3125, 4.4375, 7.5625], "texture": "#0"},
				"up": {"uv": [5.125, 6.4375, 4.75, 6.875], "texture": "#0"},
				"down": {"uv": [5.125, 6.4375, 4.75, 6.875], "texture": "#0"}
			}
		},
		{
			"from": [15, -1.23515, 4.09567],
			"to": [16.5, 1.76485, 6.09567],
			"rotation": {"angle": 22.5, "axis": "x", "origin": [15.5, 1.14194, 5.47041]},
			"faces": {
				"north": {"uv": [5, 7.3125, 4.8125, 6.9375], "texture": "#0"},
				"east": {"uv": [5.375, 6.8125, 5.125, 6.4375], "texture": "#0"},
				"south": {"uv": [5, 7.3125, 4.8125, 6.9375], "texture": "#0"},
				"west": {"uv": [5.375, 6.8125, 5.125, 6.4375], "texture": "#0"},
				"up": {"uv": [5.625, 6.6875, 5.4375, 6.4375], "texture": "#0"},
				"down": {"uv": [5.625, 6.6875, 5.4375, 6.4375], "texture": "#0"}
			}
		},
		{
			"from": [12, 0.76485, 5.09567],
			"to": [13.5, 3.76485, 7.09567],
			"rotation": {"angle": 45, "axis": "x", "origin": [12.5, 3.14194, 6.47041]},
			"faces": {
				"north": {"uv": [5, 7.3125, 4.8125, 6.9375], "texture": "#0"},
				"east": {"uv": [5.375, 6.8125, 5.125, 6.4375], "texture": "#0"},
				"south": {"uv": [5, 7.3125, 4.8125, 6.9375], "texture": "#0"},
				"west": {"uv": [5.375, 6.8125, 5.125, 6.4375], "texture": "#0"},
				"up": {"uv": [5.625, 6.6875, 5.4375, 6.4375], "texture": "#0"},
				"down": {"uv": [5.625, 6.6875, 5.4375, 6.4375], "texture": "#0"}
			}
		},
		{
			"from": [9.5, 0.76485, 5.09567],
			"to": [11, 3.76485, 7.09567],
			"rotation": {"angle": 45, "axis": "x", "origin": [10, 3.14194, 6.47041]},
			"faces": {
				"north": {"uv": [5, 7.3125, 4.8125, 6.9375], "texture": "#0"},
				"east": {"uv": [5.375, 6.8125, 5.125, 6.4375], "texture": "#0"},
				"south": {"uv": [5, 7.3125, 4.8125, 6.9375], "texture": "#0"},
				"west": {"uv": [5.375, 6.8125, 5.125, 6.4375], "texture": "#0"},
				"up": {"uv": [5.625, 6.6875, 5.4375, 6.4375], "texture": "#0"},
				"down": {"uv": [5.625, 6.6875, 5.4375, 6.4375], "texture": "#0"}
			}
		},
		{
			"from": [2.5, 0.76485, 5.09567],
			"to": [4, 3.76485, 7.09567],
			"rotation": {"angle": 45, "axis": "x", "origin": [3.5, 3.14194, 6.47041]},
			"faces": {
				"north": {"uv": [4.8125, 7.3125, 5, 6.9375], "texture": "#0"},
				"east": {"uv": [5.125, 6.8125, 5.375, 6.4375], "texture": "#0"},
				"south": {"uv": [4.8125, 7.3125, 5, 6.9375], "texture": "#0"},
				"west": {"uv": [5.125, 6.8125, 5.375, 6.4375], "texture": "#0"},
				"up": {"uv": [5.4375, 6.6875, 5.625, 6.4375], "texture": "#0"},
				"down": {"uv": [5.4375, 6.6875, 5.625, 6.4375], "texture": "#0"}
			}
		},
		{
			"from": [5, 0.76485, 5.09567],
			"to": [6.5, 3.76485, 7.09567],
			"rotation": {"angle": 45, "axis": "x", "origin": [6, 3.14194, 6.47041]},
			"faces": {
				"north": {"uv": [4.8125, 7.3125, 5, 6.9375], "texture": "#0"},
				"east": {"uv": [5.125, 6.8125, 5.375, 6.4375], "texture": "#0"},
				"south": {"uv": [4.8125, 7.3125, 5, 6.9375], "texture": "#0"},
				"west": {"uv": [5.125, 6.8125, 5.375, 6.4375], "texture": "#0"},
				"up": {"uv": [5.4375, 6.6875, 5.625, 6.4375], "texture": "#0"},
				"down": {"uv": [5.4375, 6.6875, 5.625, 6.4375], "texture": "#0"}
			}
		},
		{
			"from": [14.5, 1, 3.5],
			"to": [17, 3, 6.5],
			"rotation": {"angle": 45, "axis": "x", "origin": [15.5, 1.14194, 5.47041]},
			"faces": {
				"north": {"uv": [4.75, 7.3125, 4.4375, 7.0625], "texture": "#0"},
				"east": {"uv": [4.8125, 7.5625, 4.4375, 7.3125], "texture": "#0"},
				"south": {"uv": [4.75, 7.3125, 4.4375, 7.0625], "texture": "#0"},
				"west": {"uv": [4.8125, 7.5625, 4.4375, 7.3125], "texture": "#0"},
				"up": {"uv": [5.0625, 6.8125, 4.75, 6.4375], "texture": "#0"},
				"down": {"uv": [5.0625, 6.8125, 4.75, 6.4375], "texture": "#0"}
			}
		},
		{
			"from": [-1, 1, 3.5],
			"to": [1.5, 3, 6.5],
			"rotation": {"angle": 45, "axis": "x", "origin": [0.5, 1.14194, 5.47041]},
			"faces": {
				"north": {"uv": [4.4375, 7.3125, 4.75, 7.0625], "texture": "#0"},
				"east": {"uv": [4.4375, 7.5625, 4.8125, 7.3125], "texture": "#0"},
				"south": {"uv": [4.4375, 7.3125, 4.75, 7.0625], "texture": "#0"},
				"west": {"uv": [4.4375, 7.5625, 4.8125, 7.3125], "texture": "#0"},
				"up": {"uv": [4.75, 6.8125, 5.0625, 6.4375], "texture": "#0"},
				"down": {"uv": [4.75, 6.8125, 5.0625, 6.4375], "texture": "#0"}
			}
		},
		{
			"from": [-15.5, 3, 14.5],
			"to": [-5.5, 12, 14.5],
			"rotation": {"angle": 0, "axis": "y", "origin": [-9.5, 4, 14.5]},
			"faces": {
				"north": {"uv": [0, 5.5, 10, 14.5], "texture": "#2"},
				"east": {"uv": [0, 0, 0, 14], "texture": "#missing"},
				"south": {"uv": [10, 5.5, 0, 14.5], "texture": "#2"},
				"west": {"uv": [0, 0, 0, 14], "texture": "#missing"},
				"up": {"uv": [0, 10, 0, 0], "rotation": 90, "texture": "#missing"},
				"down": {"uv": [0, 0, 0, 10], "rotation": 270, "texture": "#missing"}
			}
		},
		{
			"from": [21.5, 3, 14.5],
			"to": [31.5, 12, 14.5],
			"rotation": {"angle": 0, "axis": "y", "origin": [25.5, 4, 14.5]},
			"faces": {
				"north": {"uv": [10, 5.5, 0, 14.5], "texture": "#2"},
				"east": {"uv": [0, 0, 0, 14], "texture": "#missing"},
				"south": {"uv": [0, 5.5, 10, 14.5], "texture": "#2"},
				"west": {"uv": [0, 0, 0, 14], "texture": "#missing"},
				"up": {"uv": [0, 0, 0, 10], "rotation": 90, "texture": "#missing"},
				"down": {"uv": [0, 10, 0, 0], "rotation": 270, "texture": "#missing"}
			}
		},
		{
			"from": [-0.5, -1.23515, 4.09567],
			"to": [1, 1.76485, 6.09567],
			"rotation": {"angle": 22.5, "axis": "x", "origin": [0.5, 1.14194, 5.47041]},
			"faces": {
				"north": {"uv": [4.8125, 7.3125, 5, 6.9375], "texture": "#0"},
				"east": {"uv": [5.125, 6.8125, 5.375, 6.4375], "texture": "#0"},
				"south": {"uv": [4.8125, 7.3125, 5, 6.9375], "texture": "#0"},
				"west": {"uv": [5.125, 6.8125, 5.375, 6.4375], "texture": "#0"},
				"up": {"uv": [5.4375, 6.6875, 5.625, 6.4375], "texture": "#0"},
				"down": {"uv": [5.4375, 6.6875, 5.625, 6.4375], "texture": "#0"}
			}
		},
		{
			"from": [-1, -7.76485, 5.09567],
			"to": [0.5, -4.76485, 7.09567],
			"rotation": {"angle": 0, "axis": "y", "origin": [0, -7.14194, 6.47041]},
			"faces": {
				"north": {"uv": [4.8125, 6.9375, 5, 7.3125], "texture": "#0"},
				"east": {"uv": [5.125, 6.4375, 5.375, 6.8125], "texture": "#0"},
				"south": {"uv": [4.8125, 6.9375, 5, 7.3125], "texture": "#0"},
				"west": {"uv": [5.125, 6.4375, 5.375, 6.8125], "texture": "#0"},
				"up": {"uv": [5.4375, 6.4375, 5.625, 6.6875], "texture": "#0"},
				"down": {"uv": [5.4375, 6.4375, 5.625, 6.6875], "texture": "#0"}
			}
		},
		{
			"from": [-1, -8.76485, 8.09567],
			"to": [0.5, -5.76485, 10.09567],
			"rotation": {"angle": 0, "axis": "y", "origin": [0, -8.14194, 9.47041]},
			"faces": {
				"north": {"uv": [4.8125, 6.9375, 5, 7.3125], "texture": "#0"},
				"east": {"uv": [5.125, 6.4375, 5.375, 6.8125], "texture": "#0"},
				"south": {"uv": [4.8125, 6.9375, 5, 7.3125], "texture": "#0"},
				"west": {"uv": [5.125, 6.4375, 5.375, 6.8125], "texture": "#0"},
				"up": {"uv": [5.4375, 6.4375, 5.625, 6.6875], "texture": "#0"},
				"down": {"uv": [5.4375, 6.4375, 5.625, 6.6875], "texture": "#0"}
			}
		},
		{
			"from": [15.5, -8.76485, 8.09567],
			"to": [17, -5.76485, 10.09567],
			"rotation": {"angle": 0, "axis": "y", "origin": [16, -8.14194, 9.47041]},
			"faces": {
				"north": {"uv": [5, 6.9375, 4.8125, 7.3125], "texture": "#0"},
				"east": {"uv": [5.375, 6.4375, 5.125, 6.8125], "texture": "#0"},
				"south": {"uv": [5, 6.9375, 4.8125, 7.3125], "texture": "#0"},
				"west": {"uv": [5.375, 6.4375, 5.125, 6.8125], "texture": "#0"},
				"up": {"uv": [5.625, 6.4375, 5.4375, 6.6875], "texture": "#0"},
				"down": {"uv": [5.625, 6.4375, 5.4375, 6.6875], "texture": "#0"}
			}
		},
		{
			"from": [15.5, -7.76485, 5.09567],
			"to": [17, -4.76485, 7.09567],
			"rotation": {"angle": 0, "axis": "y", "origin": [16, -7.14194, 6.47041]},
			"faces": {
				"north": {"uv": [5, 6.9375, 4.8125, 7.3125], "texture": "#0"},
				"east": {"uv": [5.375, 6.4375, 5.125, 6.8125], "texture": "#0"},
				"south": {"uv": [5, 6.9375, 4.8125, 7.3125], "texture": "#0"},
				"west": {"uv": [5.375, 6.4375, 5.125, 6.8125], "texture": "#0"},
				"up": {"uv": [5.625, 6.4375, 5.4375, 6.6875], "texture": "#0"},
				"down": {"uv": [5.625, 6.4375, 5.4375, 6.6875], "texture": "#0"}
			}
		},
		{
			"from": [3, -7, -0.5],
			"to": [13, -5.5, 15.5],
			"rotation": {"angle": 0, "axis": "y", "origin": [3, -8, -0.5]},
			"faces": {
				"north": {"uv": [10, 4.5625, 11.25, 4.75], "texture": "#0"},
				"east": {"uv": [6.75, 6.25, 4.75, 6.4375], "texture": "#0"},
				"south": {"uv": [10, 4.5625, 11.25, 4.75], "texture": "#0"},
				"west": {"uv": [4.75, 6.25, 6.75, 6.4375], "texture": "#0"},
				"up": {"uv": [10, 2.5625, 11.25, 4.5625], "texture": "#0"},
				"down": {"uv": [10, 2.5625, 11.25, 4.5625], "texture": "#0"}
			}
		},
		{
			"from": [4, -13.5, -0.5],
			"to": [12, -6.5, -0.5],
			"rotation": {"angle": 22.5, "axis": "x", "origin": [8, -6.5, -0.5]},
			"faces": {
				"north": {"uv": [9, 3.875, 10, 4.75], "rotation": 180, "texture": "#0"},
				"east": {"uv": [0, 0, 0.875, 0], "rotation": 90, "texture": "#0"},
				"south": {"uv": [9, 3.875, 10, 4.75], "rotation": 180, "texture": "#0"},
				"west": {"uv": [0, 0, 0.875, 0], "rotation": 270, "texture": "#0"},
				"up": {"uv": [0, 0, 1, 0], "texture": "#0"},
				"down": {"uv": [0, 0, 1, 0], "rotation": 180, "texture": "#0"}
			}
		},
		{
			"from": [4, -11.87878, -7.16716],
			"to": [12, -11.87878, -3.66716],
			"rotation": {"angle": -22.5, "axis": "x", "origin": [8, -11.2, -0.7]},
			"faces": {
				"north": {"uv": [0, 0, 1, 0], "rotation": 180, "texture": "#missing"},
				"east": {"uv": [0, 0, 0.4375, 0], "rotation": 180, "texture": "#missing"},
				"south": {"uv": [0, 0, 1, 0], "rotation": 180, "texture": "#missing"},
				"west": {"uv": [0, 0, 0.4375, 0], "rotation": 180, "texture": "#missing"},
				"up": {"uv": [2.125, 13.1875, 3.125, 13.625], "texture": "#0"},
				"down": {"uv": [2.125, 13.625, 3.125, 13.1875], "texture": "#0"}
			}
		},
		{
			"from": [-3, -14, 3],
			"to": [-3, -8.5, 13],
			"rotation": {"angle": -22.5, "axis": "z", "origin": [-3, -9.75, 8]},
			"faces": {
				"north": {"uv": [0, 0, 0, 0.5625], "texture": "#missing"},
				"east": {"uv": [8.0625, 1.6875, 9.3125, 2.375], "texture": "#0"},
				"south": {"uv": [0, 0, 0, 0.5625], "texture": "#missing"},
				"west": {"uv": [8.0625, 1.6875, 9.3125, 2.375], "texture": "#0"},
				"up": {"uv": [0, 0, 0, 1.25], "texture": "#missing"},
				"down": {"uv": [0, 0, 0, 1.25], "texture": "#missing"}
			}
		},
		{
			"from": [19, -14, 3],
			"to": [19, -8.5, 13],
			"rotation": {"angle": 22.5, "axis": "z", "origin": [19, -9.75, 8]},
			"faces": {
				"north": {"uv": [0, 0, 0, 0.5625], "texture": "#missing"},
				"east": {"uv": [9.3125, 1.6875, 8.0625, 2.375], "texture": "#0"},
				"south": {"uv": [0, 0, 0, 0.5625], "texture": "#missing"},
				"west": {"uv": [9.3125, 1.6875, 8.0625, 2.375], "texture": "#0"},
				"up": {"uv": [0, 0, 0, 1.25], "texture": "#missing"},
				"down": {"uv": [0, 0, 0, 1.25], "texture": "#missing"}
			}
		}
	],
	"gui_light": "front",
	"display": {
		"thirdperson_righthand": {
			"rotation": [60.75, 0, 0],
			"translation": [0, 6.75, 4.75],
			"scale": [0.42773, 0.42773, 0.42773]
		},
		"thirdperson_lefthand": {
			"rotation": [60.75, 0, 0],
			"translation": [0, 6.75, 4.75],
			"scale": [0.42773, 0.42773, 0.42773]
		},
		"firstperson_righthand": {
			"rotation": [-180, 41.75, -180],
			"translation": [12.25, 11.75, -18.5],
			"scale": [0.80469, 0.80469, 0.80469]
		},
		"firstperson_lefthand": {
			"rotation": [-180, 41.75, -180],
			"translation": [12.25, 11.75, -18.5],
			"scale": [0.80469, 0.80469, 0.80469]
		},
		"ground": {
			"translation": [0, 13.75, 0],
			"scale": [0.54492, 0.54492, 0.54492]
		},
		"gui": {
			"rotation": [16, 159, 0],
			"translation": [0, 4.75, 0],
			"scale": [0.5, 0.5, 0.5]
		},
		"head": {
			"translation": [0, -13, -0.75],
			"scale": [1.2, 1.2, 1.2]
		},
		"fixed": {
			"rotation": [-90, 0, 0],
			"translation": [0, 0, -43.25],
			"scale": [1.8, 1.8, 1.8]
		}
	},
	"groups": [
		0,
		1,
		2,
		3,
		4,
		5,
		6,
		7,
		8,
		9,
		10,
		{
			"name": "group",
			"origin": [7.5, 12.65, -8.4],
			"color": 0,
			"boneType": "",
			"children": [11, 12, 13, 14, 15, 16, 17, 18, 19, 20, 21, 22, 23, 24]
		},
		25,
		26,
		27,
		28,
		29,
		30,
		31,
		32,
		33,
		34,
		35,
		36,
		37,
		38,
		39,
		40,
		41,
		42,
		43,
		44,
		45,
		46,
		47,
		48,
		49,
		50,
		51,
		52,
		53,
		54,
		55,
		56,
		57,
		58,
		59,
		60,
		61,
		62,
		63
	]
}