{"credit":"Created by Workshop Six","texture_size":[128,128],"textures":{"0":"workshop_six:medieval_tavern_furniture/tavern_keg","particle":"workshop_six:medieval_tavern_furniture/tavern_keg"},"elements":[{"from":[0,0,0],"to":[3,4,2],"faces":{"north":{"uv":[2.375,4.5,2.75,5],"texture":"#0"},"east":{"uv":[5.75,7.75,6,8.25],"texture":"#0"},"south":{"uv":[2.375,5,2.75,5.5],"texture":"#0"},"west":{"uv":[6,7.75,6.25,8.25],"texture":"#0"},"up":{"uv":[8.125,5.125,7.75,4.875],"texture":"#0"},"down":{"uv":[8.125,7.125,7.75,7.375],"texture":"#0"}}},{"from":[3,1,1],"to":[13,3,2],"rotation":{"angle":0,"axis":"y","origin":[10,0,0]},"faces":{"north":{"uv":[7.375,6.875,8.625,7.125],"texture":"#0"},"east":{"uv":[8.125,1.125,8.25,1.375],"texture":"#0"},"south":{"uv":[5.375,7.5,6.625,7.75],"texture":"#0"},"west":{"uv":[8.125,1.375,8.25,1.625],"texture":"#0"},"up":{"uv":[4.625,7.875,3.375,7.75],"texture":"#0"},"down":{"uv":[9,4.125,7.75,4.25],"texture":"#0"}}},{"from":[3,1,14],"to":[13,3,15],"rotation":{"angle":0,"axis":"y","origin":[10,0,16]},"faces":{"north":{"uv":[6.625,7.5,7.875,7.75],"texture":"#0"},"east":{"uv":[8.125,1.625,8.25,1.875],"texture":"#0"},"south":{"uv":[7.75,0.375,9,0.625],"texture":"#0"},"west":{"uv":[8.125,1.875,8.25,2.125],"texture":"#0"},"up":{"uv":[9,4.375,7.75,4.25],"texture":"#0"},"down":{"uv":[9,4.375,7.75,4.5],"texture":"#0"}}},{"from":[0,0,14],"to":[3,4,16],"rotation":{"angle":0,"axis":"y","origin":[0,0,16]},"faces":{"north":{"uv":[2.375,4.5,2.75,5],"texture":"#0"},"east":{"uv":[5.75,7.75,6,8.25],"texture":"#0"},"south":{"uv":[2.375,5,2.75,5.5],"texture":"#0"},"west":{"uv":[6,7.75,6.25,8.25],"texture":"#0"},"up":{"uv":[8.125,5.125,7.75,4.875],"texture":"#0"},"down":{"uv":[8.125,7.125,7.75,7.375],"texture":"#0"}}},{"from":[2,1,2],"to":[3,3,14],"rotation":{"angle":0,"axis":"y","origin":[9,0,1]},"faces":{"north":{"uv":[8.125,2.125,8.25,2.375],"texture":"#0"},"east":{"uv":[7.375,5.875,8.875,6.125],"texture":"#0"},"south":{"uv":[8.125,2.375,8.25,2.625],"texture":"#0"},"west":{"uv":[7.375,6.125,8.875,6.375],"texture":"#0"},"up":{"uv":[7.875,4.125,7.75,2.625],"texture":"#0"},"down":{"uv":[3.125,7.75,3,9.25],"texture":"#0"}}},{"from":[13,1,2],"to":[14,3,14],"rotation":{"angle":0,"axis":"y","origin":[20,0,1]},"faces":{"north":{"uv":[8.125,2.625,8.25,2.875],"texture":"#0"},"east":{"uv":[7.375,6.375,8.875,6.625],"texture":"#0"},"south":{"uv":[8.125,2.875,8.25,3.125],"texture":"#0"},"west":{"uv":[7.375,6.625,8.875,6.875],"texture":"#0"},"up":{"uv":[3.25,9.25,3.125,7.75],"texture":"#0"},"down":{"uv":[3.375,7.75,3.25,9.25],"texture":"#0"}}},{"from":[-1,4,-3],"to":[17,22,19],"rotation":{"angle":0,"axis":"y","origin":[8,13,8]},"faces":{"north":{"uv":[2.375,5.5,4.625,7.75],"texture":"#0"},"east":{"uv":[2.75,0,0,2.25],"texture":"#0"},"south":{"uv":[0,6.875,2.25,9.125],"texture":"#0"},"west":{"uv":[0,2.25,2.75,4.5],"texture":"#0"},"up":{"uv":[5,2.75,2.75,0],"texture":"#0"},"down":{"uv":[5,2.75,2.75,5.5],"texture":"#0"}}},{"from":[-1.5,3.5,-0.5],"to":[17.5,22.5,2.5],"rotation":{"angle":0,"axis":"y","origin":[0.5,3.5,2.5]},"faces":{"north":{"uv":[0,4.5,2.375,6.875],"texture":"#0"},"east":{"uv":[4.625,5.5,5,7.875],"texture":"#0"},"south":{"uv":[5,0,7.375,2.375],"texture":"#0"},"west":{"uv":[5,7.125,5.375,9.5],"texture":"#0"},"up":{"uv":[7.75,7.5,5.375,7.125],"texture":"#0"},"down":{"uv":[9.75,0,7.375,0.375],"texture":"#0"}}},{"from":[-1.5,3.5,13.5],"to":[17.5,22.5,16.5],"rotation":{"angle":0,"axis":"y","origin":[0.5,3.5,16.5]},"faces":{"north":{"uv":[0,4.5,2.375,6.875],"texture":"#0"},"east":{"uv":[4.625,5.5,5,7.875],"texture":"#0"},"south":{"uv":[5,0,7.375,2.375],"texture":"#0"},"west":{"uv":[5,7.125,5.375,9.5],"texture":"#0"},"up":{"uv":[7.75,7.5,5.375,7.125],"texture":"#0"},"down":{"uv":[9.75,0,7.375,0.375],"texture":"#0"}}},{"from":[6.5,7,-3.5],"to":[9.5,10,-2.5],"rotation":{"angle":0,"axis":"y","origin":[7.5,8,-4.5]},"faces":{"north":{"uv":[7.75,4.5,8.125,4.875],"texture":"#0"},"east":{"uv":[2.25,6.875,2.375,7.25],"texture":"#0"},"south":{"uv":[5.375,7.75,5.75,8.125],"texture":"#0"},"west":{"uv":[2.25,7.25,2.375,7.625],"texture":"#0"},"up":{"uv":[8.5,1,8.125,0.875],"texture":"#0"},"down":{"uv":[8.5,1,8.125,1.125],"texture":"#0"}}},{"from":[7.5,7.5,-5.5],"to":[8.5,9.5,-3.5],"rotation":{"angle":0,"axis":"y","origin":[7.5,8.5,-5.5]},"faces":{"north":{"uv":[8.125,3.125,8.25,3.375],"texture":"#0"},"east":{"uv":[4.75,7.875,5,8.125],"texture":"#0"},"south":{"uv":[8.125,3.375,8.25,3.625],"texture":"#0"},"west":{"uv":[8,7.625,8.25,7.875],"texture":"#0"},"up":{"uv":[3.75,8.375,3.625,8.125],"texture":"#0"},"down":{"uv":[3.875,8.125,3.75,8.375],"texture":"#0"}}},{"from":[7,6,-7.5],"to":[9,10,-5.5],"rotation":{"angle":0,"axis":"y","origin":[8,8,-7.5]},"faces":{"north":{"uv":[7.75,7.75,8,8.25],"texture":"#0"},"east":{"uv":[7.875,2.625,8.125,3.125],"texture":"#0"},"south":{"uv":[7.875,3.125,8.125,3.625],"texture":"#0"},"west":{"uv":[3.375,7.875,3.625,8.375],"texture":"#0"},"up":{"uv":[8.25,8.125,8,7.875],"texture":"#0"},"down":{"uv":[8.375,0.625,8.125,0.875],"texture":"#0"}}},{"from":[13,0,14],"to":[16,4,16],"rotation":{"angle":0,"axis":"y","origin":[16,0,16]},"faces":{"north":{"uv":[2.75,4.5,2.375,5],"texture":"#0"},"east":{"uv":[6.25,7.75,6,8.25],"texture":"#0"},"south":{"uv":[2.75,5,2.375,5.5],"texture":"#0"},"west":{"uv":[6,7.75,5.75,8.25],"texture":"#0"},"up":{"uv":[7.75,5.125,8.125,4.875],"texture":"#0"},"down":{"uv":[7.75,7.125,8.125,7.375],"texture":"#0"}}},{"from":[13,0,0],"to":[16,4,2],"rotation":{"angle":0,"axis":"y","origin":[16,0,0]},"faces":{"north":{"uv":[2.75,4.5,2.375,5],"texture":"#0"},"east":{"uv":[6.25,7.75,6,8.25],"texture":"#0"},"south":{"uv":[2.75,5,2.375,5.5],"texture":"#0"},"west":{"uv":[6,7.75,5.75,8.25],"texture":"#0"},"up":{"uv":[7.75,5.125,8.125,4.875],"texture":"#0"},"down":{"uv":[7.75,7.125,8.125,7.375],"texture":"#0"}}}],"gui_light":"front","display":{"thirdperson_righthand":{"rotation":[49,0,0],"translation":[-1,0,-0.5],"scale":[0.27,0.27,0.27]},"thirdperson_lefthand":{"rotation":[49,0,0],"translation":[-1,0,-0.5],"scale":[0.27,0.27,0.27]},"firstperson_righthand":{"rotation":[0,125,0],"translation":[0,3.5,1.5],"scale":[0.26,0.26,0.26]},"firstperson_lefthand":{"rotation":[0,125,0],"translation":[0,3.5,1.5],"scale":[0.26,0.26,0.26]},"ground":{"translation":[0,2.25,0],"scale":[0.4,0.4,0.4]},"gui":{"rotation":[11.75,180,0],"translation":[0,-1.75,0],"scale":[0.58,0.58,0.58]},"head":{"scale":[0,0,0]},"fixed":{"rotation":[-90,0,0],"translation":[0,0,-16],"scale":[2,2,2]}},"mcmodels":"8e0e5cf7a822f85d549f98a891afe0a2"}