{
	"credit": "Made with Blockbench",
	"texture_size": [128, 128],
	"textures": {
		"0": "elitecreatures:archdemon_animated/archdemon_texture",
		"2": "elitecreatures:archdemon_animated/archdemon_animation1",
		"3": "elitecreatures:archdemon_animated/archdemon_animation2",
		"4": "elitecreatures:archdemon_animated/archdemon_animation3",
		"particle": "elitecreatures:archdemon_animated/archdemon_texture"
	},
	"elements": [
		{
			"from": [6.4, 15.85, 3.85],
			"to": [6.4, 18.85, 6.85],
			"rotation": {"angle": -22.5, "axis": "x", "origin": [6.4, 17.1, 6.1]},
			"faces": {
				"north": {"uv": [0, 0, 0, 7], "rotation": 180, "texture": "#missing"},
				"east": {"uv": [7, 0, 0, 7], "rotation": 270, "texture": "#4"},
				"south": {"uv": [0, 7, 0, 0], "texture": "#missing"},
				"west": {"uv": [0, 0, 7, 7], "rotation": 90, "texture": "#4"},
				"up": {"uv": [0, 0, 0, 7], "rotation": 180, "texture": "#missing"},
				"down": {"uv": [0, 0, 0, 7], "texture": "#missing"}
			}
		},
		{
			"from": [9.6, 15.85, 3.85],
			"to": [9.6, 18.85, 6.85],
			"rotation": {"angle": -22.5, "axis": "x", "origin": [9.6, 17.1, 6.1]},
			"faces": {
				"north": {"uv": [0, 0, 0, 7], "rotation": 180, "texture": "#missing"},
				"east": {"uv": [0, 7, 7, 0], "rotation": 90, "texture": "#4"},
				"south": {"uv": [0, 7, 0, 0], "texture": "#missing"},
				"west": {"uv": [7, 7, 0, 0], "rotation": 270, "texture": "#4"},
				"up": {"uv": [0, 0, 0, 7], "rotation": 180, "texture": "#missing"},
				"down": {"uv": [0, 0, 0, 7], "texture": "#missing"}
			}
		},
		{
			"from": [6.6, -1.11776, 1.48574],
			"to": [9.4, 1.88224, 6.48574],
			"rotation": {"angle": 22.5, "axis": "x", "origin": [8.5, 1.41894, 1.26153]},
			"faces": {
				"north": {"uv": [2.375, 2.625, 2, 3], "texture": "#0"},
				"east": {"uv": [1.375, 2.625, 2, 3], "texture": "#0"},
				"south": {"uv": [2.375, 2.625, 2, 3], "texture": "#0"},
				"west": {"uv": [2, 2.625, 1.375, 3], "texture": "#0"},
				"up": {"uv": [2.125, 2.625, 2.5, 2], "texture": "#0"},
				"down": {"uv": [2.125, 2.625, 2.5, 2], "texture": "#0"}
			}
		},
		{
			"from": [8, -8, -1.3],
			"to": [8, -3, 5.7],
			"rotation": {"angle": -45, "axis": "x", "origin": [6, -7, -2.3]},
			"faces": {
				"north": {"uv": [0, 0, 0, 5], "texture": "#missing"},
				"east": {"uv": [7.125, 1.625, 8, 2.25], "texture": "#0"},
				"south": {"uv": [0, 0, 0, 5], "texture": "#missing"},
				"west": {"uv": [8, 1.625, 7.125, 2.25], "texture": "#0"},
				"up": {"uv": [0, 10, 0, 0], "texture": "#missing"},
				"down": {"uv": [0, 10, 0, 0], "texture": "#missing"}
			}
		},
		{
			"from": [6.75, -0.52444, -0.36772],
			"to": [9.25, 3.47556, 2.13228],
			"rotation": {"angle": -22.5, "axis": "x", "origin": [8.5, 1.41894, 1.26153]},
			"faces": {
				"north": {"uv": [2.125, 3, 1.8125, 3.5], "texture": "#0"},
				"east": {"uv": [1.5, 3, 1.8125, 3.5], "texture": "#0"},
				"south": {"uv": [2.125, 3, 1.8125, 3.5], "texture": "#0"},
				"west": {"uv": [1.8125, 3, 1.5, 3.5], "texture": "#0"},
				"up": {"uv": [2.125, 3.3125, 2.4375, 3], "texture": "#0"},
				"down": {"uv": [2.125, 3.3125, 2.4375, 3], "texture": "#0"}
			}
		},
		{
			"from": [7, 3.18251, 0.52681],
			"to": [9, 5.68251, 2.02681],
			"rotation": {"angle": -45, "axis": "x", "origin": [8.5, 1.51894, 1.36153]},
			"faces": {
				"north": {"uv": [0.6875, 4.125, 0.9375, 3.8125], "texture": "#0"},
				"east": {"uv": [0.5, 4.125, 0.6875, 3.8125], "texture": "#0"},
				"south": {"uv": [0.6875, 4.125, 0.9375, 3.8125], "texture": "#0"},
				"west": {"uv": [0.6875, 4.125, 0.5, 3.8125], "texture": "#0"},
				"up": {"uv": [2.375, 3.3125, 2.125, 3.5], "texture": "#0"},
				"down": {"uv": [2.375, 3.3125, 2.125, 3.5], "texture": "#0"}
			}
		},
		{
			"from": [6.5, -5, 5.5],
			"to": [9.5, 4, 9.5],
			"rotation": {"angle": -22.5, "axis": "x", "origin": [8, -6.31062, 7.65717]},
			"faces": {
				"north": {"uv": [9.25, 3.4375, 8.125, 3.8125], "rotation": 90, "texture": "#0"},
				"east": {"uv": [8.125, 2.5625, 9.25, 3.0625], "rotation": 90, "texture": "#0"},
				"south": {"uv": [9.25, 3.0625, 8.125, 3.4375], "rotation": 90, "texture": "#0"},
				"west": {"uv": [8.125, 3.0625, 9.25, 2.5625], "rotation": 90, "texture": "#0"},
				"up": {"uv": [7.75, 3.0625, 8.125, 2.5625], "rotation": 180, "texture": "#0"},
				"down": {"uv": [8.125, 4.3125, 8.5, 3.8125], "rotation": 180, "texture": "#0"}
			}
		},
		{
			"from": [6.45526, 21.61011, 2.11318],
			"to": [9.65526, 23.11011, 4.91318],
			"rotation": {"angle": 22.5, "axis": "x", "origin": [8.07895, 23.77807, 3.6035]},
			"faces": {
				"north": {"uv": [3.75, 0.9375, 3.9375, 0.5625], "rotation": 270, "texture": "#0"},
				"east": {"uv": [2.8125, 0.9125, 3, 0.5625], "rotation": 90, "texture": "#0"},
				"south": {"uv": [3.75, 0.9375, 3.9375, 0.5625], "rotation": 90, "texture": "#0"},
				"west": {"uv": [3, 0.9125, 2.8125, 0.5625], "rotation": 270, "texture": "#0"},
				"up": {"uv": [3.75, 0.9125, 3.375, 0.5625], "texture": "#0"},
				"down": {"uv": [3.375, 0.9125, 3, 0.5625], "rotation": 180, "texture": "#0"}
			}
		},
		{
			"from": [6.20526, 21.51184, 3.7609],
			"to": [9.90526, 26.01184, 6.2609],
			"rotation": {"angle": -22.5, "axis": "x", "origin": [8.07895, 23.77807, 3.6035]},
			"faces": {
				"north": {"uv": [4.625, 0.5625, 4.1875, 0], "rotation": 180, "texture": "#0"},
				"east": {"uv": [3.25, 0.5625, 3.5625, 0], "texture": "#0"},
				"south": {"uv": [3.25, 0.5625, 2.8125, 0], "texture": "#0"},
				"west": {"uv": [3.25, 0, 3.5625, 0.5625], "rotation": 180, "texture": "#0"},
				"up": {"uv": [3.5625, 0.4375, 3.875, 0], "rotation": 90, "texture": "#0"},
				"down": {"uv": [3.875, 0.4375, 4.1875, 0], "rotation": 270, "texture": "#0"}
			}
		},
		{
			"from": [6.60263, 23.95286, 2.13085],
			"to": [9.60263, 25.45286, 2.13085],
			"rotation": {"angle": 45, "axis": "x", "origin": [8.07895, 23.77807, 3.6035]},
			"faces": {
				"north": {"uv": [8.625, 0.1875, 8.25, 0], "texture": "#0"},
				"east": {"uv": [3.25, 2.3125, 3.25, 2.5], "texture": "#0"},
				"south": {"uv": [8.625, 0.1875, 8.25, 0], "texture": "#0"},
				"west": {"uv": [3.25, 2.3125, 3.25, 2.5], "rotation": 180, "texture": "#0"},
				"up": {"uv": [3.9375, 2.875, 3.9375, 3.3125], "rotation": 270, "texture": "#0"},
				"down": {"uv": [3.25, 2.875, 3.25, 3.3125], "rotation": 90, "texture": "#0"}
			}
		},
		{
			"from": [6.60263, -7.2, 2.64737],
			"to": [9.60263, -5.7, 2.64737],
			"rotation": {"angle": -22.5, "axis": "x", "origin": [9.85263, -6.95, 4.49737]},
			"faces": {
				"north": {"uv": [8.625, 0, 8.25, 0.1875], "texture": "#0"},
				"east": {"uv": [3.25, 2.5, 3.25, 2.3125], "texture": "#0"},
				"south": {"uv": [8.625, 0, 8.25, 0.1875], "texture": "#0"},
				"west": {"uv": [3.25, 2.5, 3.25, 2.3125], "rotation": 180, "texture": "#0"},
				"up": {"uv": [3.25, 2.875, 3.25, 3.3125], "rotation": 90, "texture": "#0"},
				"down": {"uv": [3.9375, 2.875, 3.9375, 3.3125], "rotation": 270, "texture": "#0"}
			}
		},
		{
			"from": [6.45526, -5.75394, 1.59217],
			"to": [9.65526, -4.25394, 4.39217],
			"rotation": {"angle": 22.5, "axis": "x", "origin": [8.05526, -7.44776, 4.96138]},
			"faces": {
				"north": {"uv": [3.9375, 0.9375, 3.75, 0.5625], "rotation": 270, "texture": "#0"},
				"east": {"uv": [3, 0.9125, 2.8125, 0.5625], "rotation": 90, "texture": "#0"},
				"south": {"uv": [3.9375, 0.9375, 3.75, 0.5625], "rotation": 90, "texture": "#0"},
				"west": {"uv": [2.8125, 0.9125, 3, 0.5625], "rotation": 270, "texture": "#0"},
				"up": {"uv": [3.375, 0.5625, 3, 0.9125], "rotation": 180, "texture": "#0"},
				"down": {"uv": [3.75, 0.5625, 3.375, 0.9125], "texture": "#0"}
			}
		},
		{
			"from": [6.20526, -8.87855, 2.15521],
			"to": [9.90526, -6.37855, 6.65521],
			"rotation": {"angle": -45, "axis": "x", "origin": [8.05526, -6.94776, 3.46138]},
			"faces": {
				"north": {"uv": [3.875, 0.4375, 3.5625, 0], "rotation": 270, "texture": "#0"},
				"east": {"uv": [3.5625, 0.5625, 3.25, 0], "rotation": 90, "texture": "#0"},
				"south": {"uv": [4.1875, 0.4375, 3.875, 0], "rotation": 270, "texture": "#0"},
				"west": {"uv": [3.5625, 0, 3.25, 0.5625], "rotation": 90, "texture": "#0"},
				"up": {"uv": [4.625, 0, 4.1875, 0.5625], "texture": "#0"},
				"down": {"uv": [3.25, 0, 2.8125, 0.5625], "texture": "#0"}
			}
		},
		{
			"from": [7, -11.48487, 7.45599],
			"to": [9, -3.48487, 9.45599],
			"rotation": {"angle": -45, "axis": "x", "origin": [8, -6.31062, 7.65717]},
			"faces": {
				"north": {"uv": [9.5, 2.5625, 9.75, 3.5625], "texture": "#0"},
				"east": {"uv": [9.5, 2.5625, 9.25, 3.5625], "texture": "#0"},
				"south": {"uv": [9.75, 2.5625, 10, 3.5625], "texture": "#0"},
				"west": {"uv": [9.25, 2.5625, 9.5, 3.5625], "texture": "#0"},
				"up": {"uv": [9.5, 2.5625, 9.75, 2.8125], "texture": "#0"},
				"down": {"uv": [9.5, 2.5625, 9.75, 2.8125], "texture": "#0"}
			}
		},
		{
			"from": [7.1, -5.13638, 4.75836],
			"to": [8.9, 0.36362, 7.35836],
			"rotation": {"angle": 22.5, "axis": "x", "origin": [8, -4.81062, 15.15717]},
			"faces": {
				"north": {"uv": [7.5, 4.875, 7.7375, 5.5625], "texture": "#0"},
				"east": {"uv": [7.5, 4.875, 7.1875, 5.5625], "rotation": 180, "texture": "#0"},
				"south": {"uv": [7.5, 4.875, 7.7375, 5.5625], "texture": "#0"},
				"west": {"uv": [7.1875, 4.875, 7.5, 5.5625], "rotation": 180, "texture": "#0"},
				"up": {"uv": [7.5, 4.875, 7.7375, 5.1875], "texture": "#0"},
				"down": {"uv": [7.5, 4.875, 7.7375, 5.1875], "texture": "#0"}
			}
		},
		{
			"from": [7, 1.48819, 9.33142],
			"to": [9, 3.48819, 13.33142],
			"rotation": {"angle": -22.5, "axis": "x", "origin": [8.1, -6.31062, 8.15717]},
			"faces": {
				"north": {"uv": [7.375, 4.375, 7.625, 4.625], "rotation": 180, "texture": "#0"},
				"east": {"uv": [7.125, 4.375, 6.875, 4.875], "rotation": 90, "texture": "#0"},
				"south": {"uv": [7.375, 4.375, 7.625, 4.625], "rotation": 180, "texture": "#0"},
				"west": {"uv": [7.125, 4.875, 6.875, 4.375], "rotation": 90, "texture": "#0"},
				"up": {"uv": [7.125, 4.375, 7.375, 4.875], "texture": "#0"},
				"down": {"uv": [7.125, 4.375, 7.375, 4.875], "texture": "#0"}
			}
		},
		{
			"from": [6.5, 12.5, 5.5],
			"to": [9.5, 21.5, 9.5],
			"rotation": {"angle": 22.5, "axis": "x", "origin": [8, 22.81062, 7.65717]},
			"faces": {
				"north": {"uv": [8.125, 3.4375, 9.25, 3.8125], "rotation": 90, "texture": "#0"},
				"east": {"uv": [9.25, 2.5625, 8.125, 3.0625], "rotation": 90, "texture": "#0"},
				"south": {"uv": [8.125, 3.0625, 9.25, 3.4375], "rotation": 90, "texture": "#0"},
				"west": {"uv": [9.25, 3.0625, 8.125, 2.5625], "rotation": 90, "texture": "#0"},
				"up": {"uv": [8.125, 3.8125, 8.5, 4.3125], "rotation": 180, "texture": "#0"},
				"down": {"uv": [7.75, 2.5625, 8.125, 3.0625], "rotation": 180, "texture": "#0"}
			}
		},
		{
			"from": [7, 13.01181, 9.33142],
			"to": [9, 15.01181, 13.33142],
			"rotation": {"angle": 22.5, "axis": "x", "origin": [8, 22.81062, 8.15717]},
			"faces": {
				"north": {"uv": [7.375, 4.625, 7.625, 4.375], "rotation": 180, "texture": "#0"},
				"east": {"uv": [6.875, 4.375, 7.125, 4.875], "rotation": 90, "texture": "#0"},
				"south": {"uv": [7.375, 4.625, 7.625, 4.375], "rotation": 180, "texture": "#0"},
				"west": {"uv": [6.875, 4.875, 7.125, 4.375], "rotation": 90, "texture": "#0"},
				"up": {"uv": [7.125, 4.875, 7.375, 4.375], "texture": "#0"},
				"down": {"uv": [7.125, 4.875, 7.375, 4.375], "texture": "#0"}
			}
		},
		{
			"from": [7.1, 16.13638, 4.75836],
			"to": [8.9, 21.63638, 7.35836],
			"rotation": {"angle": -22.5, "axis": "x", "origin": [8, 21.31062, 15.15717]},
			"faces": {
				"north": {"uv": [7.5, 5.5625, 7.7375, 4.875], "texture": "#0"},
				"east": {"uv": [7.5, 5.5625, 7.1875, 4.875], "rotation": 180, "texture": "#0"},
				"south": {"uv": [7.5, 5.5625, 7.7375, 4.875], "texture": "#0"},
				"west": {"uv": [7.1875, 5.5625, 7.5, 4.875], "rotation": 180, "texture": "#0"},
				"up": {"uv": [7.5, 5.1875, 7.7375, 4.875], "texture": "#0"},
				"down": {"uv": [7.5, 5.1875, 7.7375, 4.875], "texture": "#0"}
			}
		},
		{
			"from": [7, 19.98487, 7.45599],
			"to": [9, 27.98487, 9.45599],
			"rotation": {"angle": 45, "axis": "x", "origin": [8, 22.81062, 7.65717]},
			"faces": {
				"north": {"uv": [9.5, 3.5625, 9.75, 2.5625], "texture": "#0"},
				"east": {"uv": [9.25, 3.5625, 9.5, 2.5625], "texture": "#0"},
				"south": {"uv": [9.5, 3.5625, 9.75, 2.5625], "texture": "#0"},
				"west": {"uv": [9.25, 3.5625, 9.5, 2.5625], "texture": "#0"},
				"up": {"uv": [9.5, 2.8125, 9.75, 2.5625], "texture": "#0"},
				"down": {"uv": [9.5, 2.8125, 9.75, 2.5625], "texture": "#0"}
			}
		},
		{
			"from": [6.75, 5.5, 8.75],
			"to": [9.25, 8, 10.25],
			"rotation": {"angle": 0, "axis": "y", "origin": [8, 6.75, 9.5]},
			"faces": {
				"north": {"uv": [4.375, 1.1875, 4.6875, 1.5], "texture": "#0"},
				"east": {"uv": [4.875, 1.1875, 4.6875, 1.5], "texture": "#0"},
				"south": {"uv": [4.375, 1.1875, 4.6875, 1.5], "texture": "#0"},
				"west": {"uv": [5.0625, 1.1875, 4.875, 1.5], "texture": "#0"},
				"up": {"uv": [4.375, 1.5, 4.6875, 1.6875], "texture": "#0"},
				"down": {"uv": [4.375, 1.5, 4.6875, 1.6875], "rotation": 180, "texture": "#0"}
			}
		},
		{
			"from": [7.25, 3.8, 7.85],
			"to": [8.75, 6.3, 10.35],
			"rotation": {"angle": 22.5, "axis": "x", "origin": [8, 5.05, 9.1]},
			"faces": {
				"north": {"uv": [5.0625, 1.1875, 4.875, 1.5], "texture": "#0"},
				"east": {"uv": [4.375, 1.1875, 4.6875, 1.5], "texture": "#0"},
				"south": {"uv": [4.875, 1.1875, 4.6875, 1.5], "texture": "#0"},
				"west": {"uv": [4.375, 1.1875, 4.6875, 1.5], "texture": "#0"},
				"up": {"uv": [4.375, 1.5, 4.6875, 1.6875], "rotation": 90, "texture": "#0"},
				"down": {"uv": [4.375, 1.5, 4.6875, 1.6875], "rotation": 90, "texture": "#0"}
			}
		},
		{
			"from": [6.75, 8.5, 8.75],
			"to": [9.25, 11, 10.25],
			"rotation": {"angle": 0, "axis": "y", "origin": [8, 9.75, 9.5]},
			"faces": {
				"north": {"uv": [4.375, 1.5, 4.6875, 1.1875], "texture": "#0"},
				"east": {"uv": [4.875, 1.5, 4.6875, 1.1875], "texture": "#0"},
				"south": {"uv": [4.375, 1.5, 4.6875, 1.1875], "texture": "#0"},
				"west": {"uv": [5.0625, 1.5, 4.875, 1.1875], "texture": "#0"},
				"up": {"uv": [4.375, 1.6875, 4.6875, 1.5], "rotation": 180, "texture": "#0"},
				"down": {"uv": [4.375, 1.6875, 4.6875, 1.5], "texture": "#0"}
			}
		},
		{
			"from": [7.25, 10.2, 7.85],
			"to": [8.75, 12.7, 10.35],
			"rotation": {"angle": -22.5, "axis": "x", "origin": [8, 11.45, 9.1]},
			"faces": {
				"north": {"uv": [5.0625, 1.5, 4.875, 1.1875], "texture": "#0"},
				"east": {"uv": [4.375, 1.5, 4.6875, 1.1875], "texture": "#0"},
				"south": {"uv": [4.875, 1.5, 4.6875, 1.1875], "texture": "#0"},
				"west": {"uv": [4.375, 1.5, 4.6875, 1.1875], "texture": "#0"},
				"up": {"uv": [4.6875, 1.5, 4.375, 1.6875], "rotation": 90, "texture": "#0"},
				"down": {"uv": [4.6875, 1.5, 4.375, 1.6875], "rotation": 90, "texture": "#0"}
			}
		},
		{
			"from": [7.25, 6.9, 8.25],
			"to": [8.75, 9.4, 10.75],
			"rotation": {"angle": 0, "axis": "y", "origin": [8, 6.65, 9]},
			"faces": {
				"north": {"uv": [5.0625, 1.1875, 4.875, 1.5], "texture": "#0"},
				"east": {"uv": [4.375, 1.1875, 4.6875, 1.5], "texture": "#0"},
				"south": {"uv": [4.875, 1.1875, 4.6875, 1.5], "texture": "#0"},
				"west": {"uv": [4.375, 1.1875, 4.6875, 1.5], "texture": "#0"},
				"up": {"uv": [4.375, 1.5, 4.6875, 1.6875], "rotation": 90, "texture": "#0"},
				"down": {"uv": [4.375, 1.5, 4.6875, 1.6875], "rotation": 90, "texture": "#0"}
			}
		},
		{
			"from": [7.8, -4, -8],
			"to": [7.8, 5, 2],
			"rotation": {"angle": -22.5, "axis": "x", "origin": [7.8, -3, -2]},
			"faces": {
				"north": {"uv": [0, 0, 0, 14], "texture": "#missing"},
				"east": {"uv": [0, 5.5, 10, 14.5], "texture": "#2"},
				"south": {"uv": [0, 0, 0, 14], "texture": "#missing"},
				"west": {"uv": [10, 5.5, 0, 14.5], "texture": "#2"},
				"up": {"uv": [0, 0, 0, 10], "texture": "#missing"},
				"down": {"uv": [0, 10, 0, 0], "texture": "#missing"}
			}
		},
		{
			"from": [8, -13, 14],
			"to": [8, -8, 21],
			"rotation": {"angle": 0, "axis": "y", "origin": [8, -13, 18.5]},
			"faces": {
				"north": {"uv": [0, 0, 0, 3], "texture": "#3"},
				"east": {"uv": [12, 14, 2, 0], "rotation": 90, "texture": "#3"},
				"south": {"uv": [0, 3, 0, 0], "rotation": 180, "texture": "#3"},
				"west": {"uv": [12, 0, 2, 14], "rotation": 90, "texture": "#3"},
				"up": {"uv": [0, 3.5, 0, 0], "texture": "#3"},
				"down": {"uv": [0, 3.5, 0, 0], "rotation": 180, "texture": "#3"}
			}
		},
		{
			"from": [6.75, -12.7, 11.35],
			"to": [9.25, -10.2, 13.85],
			"rotation": {"angle": -22.5, "axis": "x", "origin": [8.5, -10.15, 13.1]},
			"faces": {
				"north": {"uv": [3.25, 0.9375, 3.5625, 1.25], "texture": "#0"},
				"east": {"uv": [2.9375, 0.9375, 2.625, 1.25], "texture": "#0"},
				"south": {"uv": [3.25, 0.9375, 3.5625, 1.25], "texture": "#0"},
				"west": {"uv": [2.9375, 0.9375, 2.625, 1.25], "texture": "#0"},
				"up": {"uv": [3.25, 0.9375, 2.9375, 1.25], "rotation": 90, "texture": "#0"},
				"down": {"uv": [3.25, 0.9375, 2.9375, 1.25], "rotation": 90, "texture": "#0"}
			}
		},
		{
			"from": [6.5, -13, 11.55],
			"to": [9.5, -10.2, 13.05],
			"rotation": {"angle": 22.5, "axis": "x", "origin": [9.2, -9.45, 12.3]},
			"faces": {
				"north": {"uv": [3, 0.5625, 3.375, 0.9125], "texture": "#0"},
				"east": {"uv": [2.8125, 0.5625, 3, 0.9125], "texture": "#0"},
				"south": {"uv": [3.375, 0.5625, 3.75, 0.9125], "texture": "#0"},
				"west": {"uv": [3, 0.5625, 2.8125, 0.9125], "texture": "#0"},
				"up": {"uv": [3.9375, 0.5625, 3.75, 0.9375], "rotation": 90, "texture": "#0"},
				"down": {"uv": [3.9375, 0.5625, 3.75, 0.9375], "rotation": 90, "texture": "#0"}
			}
		},
		{
			"from": [6.25, -10.2, 11.55],
			"to": [9.75, -7.7, 16.05],
			"rotation": {"angle": 22.5, "axis": "x", "origin": [9, -9.45, 12.3]},
			"faces": {
				"north": {"uv": [3.875, 0.4375, 4.1875, 0], "rotation": 270, "texture": "#0"},
				"east": {"uv": [3.25, 0, 3.5625, 0.5625], "rotation": 90, "texture": "#0"},
				"south": {"uv": [3.5625, 0.4375, 3.875, 0], "rotation": 270, "texture": "#0"},
				"west": {"uv": [3.25, 0.5625, 3.5625, 0], "rotation": 90, "texture": "#0"},
				"up": {"uv": [3.25, 0.5625, 2.8125, 0], "rotation": 180, "texture": "#0"},
				"down": {"uv": [4.625, 0.5625, 4.1875, 0], "rotation": 180, "texture": "#0"}
			}
		},
		{
			"from": [8, 24, 14],
			"to": [8, 29, 21],
			"rotation": {"angle": 0, "axis": "y", "origin": [8, 29, 18.5]},
			"faces": {
				"north": {"uv": [0, 3, 0, 0], "texture": "#3"},
				"east": {"uv": [2, 14, 12, 0], "rotation": 90, "texture": "#3"},
				"south": {"uv": [0, 0, 0, 3], "rotation": 180, "texture": "#3"},
				"west": {"uv": [2, 0, 12, 14], "rotation": 90, "texture": "#3"},
				"up": {"uv": [0, 0, 0, 3.5], "rotation": 180, "texture": "#3"},
				"down": {"uv": [0, 0, 0, 3.5], "texture": "#3"}
			}
		},
		{
			"from": [6.25, 23.7, 11.55],
			"to": [9.75, 26.2, 16.05],
			"rotation": {"angle": -22.5, "axis": "x", "origin": [9, 25.45, 12.3]},
			"faces": {
				"north": {"uv": [4.1875, 0.4375, 3.875, 0], "rotation": 270, "texture": "#0"},
				"east": {"uv": [3.5625, 0, 3.25, 0.5625], "rotation": 90, "texture": "#0"},
				"south": {"uv": [3.875, 0.4375, 3.5625, 0], "rotation": 270, "texture": "#0"},
				"west": {"uv": [3.5625, 0.5625, 3.25, 0], "rotation": 90, "texture": "#0"},
				"up": {"uv": [4.625, 0, 4.1875, 0.5625], "rotation": 180, "texture": "#0"},
				"down": {"uv": [3.25, 0, 2.8125, 0.5625], "rotation": 180, "texture": "#0"}
			}
		},
		{
			"from": [6.75, 26.2, 11.35],
			"to": [9.25, 28.7, 13.85],
			"rotation": {"angle": 22.5, "axis": "x", "origin": [8.5, 26.15, 13.1]},
			"faces": {
				"north": {"uv": [3.25, 1.25, 3.5625, 0.9375], "texture": "#0"},
				"east": {"uv": [2.9375, 1.25, 2.625, 0.9375], "texture": "#0"},
				"south": {"uv": [3.25, 1.25, 3.5625, 0.9375], "texture": "#0"},
				"west": {"uv": [2.9375, 1.25, 2.625, 0.9375], "texture": "#0"},
				"up": {"uv": [2.9375, 0.9375, 3.25, 1.25], "rotation": 90, "texture": "#0"},
				"down": {"uv": [2.9375, 0.9375, 3.25, 1.25], "rotation": 90, "texture": "#0"}
			}
		},
		{
			"from": [6.5, 26.2, 11.55],
			"to": [9.5, 29, 13.05],
			"rotation": {"angle": -22.5, "axis": "x", "origin": [9.2, 25.45, 12.3]},
			"faces": {
				"north": {"uv": [3, 0.9125, 3.375, 0.5625], "texture": "#0"},
				"east": {"uv": [2.8125, 0.9125, 3, 0.5625], "texture": "#0"},
				"south": {"uv": [3.375, 0.9125, 3.75, 0.5625], "texture": "#0"},
				"west": {"uv": [3, 0.9125, 2.8125, 0.5625], "texture": "#0"},
				"up": {"uv": [3.75, 0.5625, 3.9375, 0.9375], "rotation": 90, "texture": "#0"},
				"down": {"uv": [3.75, 0.5625, 3.9375, 0.9375], "rotation": 90, "texture": "#0"}
			}
		},
		{
			"from": [8, 13.5, 6.8],
			"to": [8, 20, 17.8],
			"rotation": {"angle": 0, "axis": "y", "origin": [8, 17, 13.3]},
			"faces": {
				"north": {"uv": [0, 0, 0, 8], "texture": "#missing"},
				"east": {"uv": [7, 1.6875, 5.625, 2.5], "texture": "#0"},
				"south": {"uv": [0, 0, 0, 8], "texture": "#missing"},
				"west": {"uv": [5.625, 1.6875, 7, 2.5], "texture": "#0"},
				"up": {"uv": [0, 0, 0, 10], "texture": "#missing"},
				"down": {"uv": [0, 0, 0, 10], "texture": "#missing"}
			}
		},
		{
			"from": [8, -4, 6.8],
			"to": [8, 2.5, 17.8],
			"rotation": {"angle": 0, "axis": "y", "origin": [8, -1, 13.3]},
			"faces": {
				"north": {"uv": [0, 8, 0, 0], "texture": "#missing"},
				"east": {"uv": [7, 2.5, 5.625, 1.6875], "texture": "#0"},
				"south": {"uv": [0, 8, 0, 0], "texture": "#missing"},
				"west": {"uv": [5.625, 2.5, 7, 1.6875], "texture": "#0"},
				"up": {"uv": [0, 10, 0, 0], "texture": "#missing"},
				"down": {"uv": [0, 10, 0, 0], "texture": "#missing"}
			}
		},
		{
			"from": [8, -10.5, 10.8],
			"to": [8, -3, 21.8],
			"rotation": {"angle": 22.5, "axis": "x", "origin": [8, -6, 17.3]},
			"faces": {
				"north": {"uv": [0, 0, 0, 8], "texture": "#missing"},
				"east": {"uv": [7, 1.6875, 5.625, 2.625], "texture": "#0"},
				"south": {"uv": [0, 0, 0, 8], "texture": "#missing"},
				"west": {"uv": [5.625, 1.6875, 7, 2.625], "texture": "#0"},
				"up": {"uv": [0, 0, 0, 10], "texture": "#missing"},
				"down": {"uv": [0, 0, 0, 10], "texture": "#missing"}
			}
		},
		{
			"from": [8, 19, 10.8],
			"to": [8, 26.5, 21.8],
			"rotation": {"angle": -22.5, "axis": "x", "origin": [8, 22, 17.3]},
			"faces": {
				"north": {"uv": [0, 8, 0, 0], "texture": "#missing"},
				"east": {"uv": [7, 2.625, 5.625, 1.6875], "texture": "#0"},
				"south": {"uv": [0, 8, 0, 0], "texture": "#missing"},
				"west": {"uv": [5.625, 2.625, 7, 1.6875], "texture": "#0"},
				"up": {"uv": [0, 10, 0, 0], "texture": "#missing"},
				"down": {"uv": [0, 10, 0, 0], "texture": "#missing"}
			}
		},
		{
			"from": [4, 17.5192, -4.38082],
			"to": [12, 24.5192, 4.61918],
			"rotation": {"angle": 22.5, "axis": "x", "origin": [8, 21.35917, -2.25098]},
			"faces": {
				"north": {"uv": [1.125, 7.6875, 2.125, 8.5625], "texture": "#0"},
				"east": {"uv": [1.125, 7.6875, 0, 8.5625], "texture": "#0"},
				"south": {"uv": [4.125, 7.6875, 5.125, 8.5625], "texture": "#0"},
				"west": {"uv": [0, 7.6875, 1.125, 8.5625], "texture": "#0"},
				"up": {"uv": [2.125, 7.4375, 3.125, 8.5625], "texture": "#0"},
				"down": {"uv": [3.125, 7.4375, 4.125, 8.5625], "texture": "#0"}
			}
		},
		{
			"from": [8, 2.5, -8.5],
			"to": [8, 13.5, 22],
			"rotation": {"angle": -22.5, "axis": "z", "origin": [8, 8, 6.5]},
			"faces": {
				"north": {"uv": [0, 6.25, 1.375, 6.25], "rotation": 90, "texture": "#missing"},
				"east": {"uv": [14.625, 3, 16, 6.8125], "rotation": 270, "texture": "#0"},
				"south": {"uv": [0, 6.25, 1.375, 6.25], "rotation": 270, "texture": "#missing"},
				"west": {"uv": [14.625, 6.8125, 16, 3], "rotation": 270, "texture": "#0"},
				"up": {"uv": [0, 6.25, 3.8125, 6.25], "rotation": 270, "texture": "#missing"},
				"down": {"uv": [0, 6.25, 3.8125, 6.25], "rotation": 270, "texture": "#missing"}
			}
		},
		{
			"from": [8, 2.5, -8.5],
			"to": [8, 13.5, 22],
			"rotation": {"angle": 22.5, "axis": "z", "origin": [8, 8, 6.5]},
			"faces": {
				"north": {"uv": [0, 6.25, 1.375, 6.25], "rotation": 90, "texture": "#missing"},
				"east": {"uv": [14.625, 3, 16, 6.8125], "rotation": 270, "texture": "#0"},
				"south": {"uv": [0, 6.25, 1.375, 6.25], "rotation": 270, "texture": "#missing"},
				"west": {"uv": [14.625, 6.8125, 16, 3], "rotation": 270, "texture": "#0"},
				"up": {"uv": [0, 6.25, 3.8125, 6.25], "rotation": 270, "texture": "#missing"},
				"down": {"uv": [0, 6.25, 3.8125, 6.25], "rotation": 270, "texture": "#missing"}
			}
		},
		{
			"from": [6.75, 15.25534, -1.36552],
			"to": [9.25, 17.75534, 1.13448],
			"rotation": {"angle": 22.5, "axis": "x", "origin": [8, 21.35917, -2.25098]},
			"faces": {
				"north": {"uv": [3.5625, 0.9375, 3.25, 1.25], "texture": "#0"},
				"east": {"uv": [2.625, 0.9375, 2.9375, 1.25], "texture": "#0"},
				"south": {"uv": [3.5625, 0.9375, 3.25, 1.25], "texture": "#0"},
				"west": {"uv": [2.625, 0.9375, 2.9375, 1.25], "texture": "#0"},
				"up": {"uv": [2.9375, 0.9375, 3.25, 1.25], "rotation": 90, "texture": "#0"},
				"down": {"uv": [2.9375, 0.9375, 3.25, 1.25], "rotation": 90, "texture": "#0"}
			}
		},
		{
			"from": [8, 12.6, -10],
			"to": [8, 17.6, -3],
			"rotation": {"angle": 0, "axis": "y", "origin": [8, 21.35917, -2.25098]},
			"faces": {
				"north": {"uv": [0, 3, 0, 0], "rotation": 180, "texture": "#3"},
				"east": {"uv": [12, 0, 2, 14], "rotation": 90, "texture": "#3"},
				"south": {"uv": [0, 0, 0, 3], "texture": "#3"},
				"west": {"uv": [12, 14, 2, 0], "rotation": 90, "texture": "#3"},
				"up": {"uv": [0, 0, 0, 3.5], "texture": "#3"},
				"down": {"uv": [0, 0, 0, 3.5], "rotation": 180, "texture": "#3"}
			}
		},
		{
			"from": [4.5, 14.53536, 3.1557],
			"to": [11.5, 20.53536, 7.1557],
			"rotation": {"angle": 45, "axis": "x", "origin": [8, 21.35917, -2.25098]},
			"faces": {
				"north": {"uv": [1.375, 8.5625, 2.25, 9.3125], "texture": "#0"},
				"east": {"uv": [0.875, 8.5625, 1.375, 9.3125], "texture": "#0"},
				"south": {"uv": [0, 8.5625, 0.875, 9.3125], "texture": "#0"},
				"west": {"uv": [0.875, 8.5625, 1.375, 9.3125], "texture": "#0"},
				"up": {"uv": [1.25, 7.1875, 2.125, 7.6875], "texture": "#0"},
				"down": {"uv": [1.25, 7.1875, 2.125, 7.6875], "texture": "#0"}
			}
		},
		{
			"from": [4.75, 13.36564, -5.95384],
			"to": [11.25, 14.86564, -5.95384],
			"rotation": {"angle": -22.5, "axis": "x", "origin": [8, 21.35917, -2.25098]},
			"faces": {
				"north": {"uv": [8.3125, 0, 9.125, 0.1875], "rotation": 180, "texture": "#0"},
				"east": {"uv": [3.25, 2.3125, 3.25, 2.5], "rotation": 180, "texture": "#0"},
				"south": {"uv": [8.3125, 0, 9.125, 0.1875], "rotation": 180, "texture": "#0"},
				"west": {"uv": [3.25, 2.3125, 3.25, 2.5], "texture": "#0"},
				"up": {"uv": [3.25, 2.875, 3.25, 3.6875], "rotation": 90, "texture": "#0"},
				"down": {"uv": [3.9375, 2.875, 3.9375, 3.6875], "rotation": 270, "texture": "#0"}
			}
		},
		{
			"from": [4.25, 17.6, -5.1],
			"to": [11.75, 19.1, -5.1],
			"rotation": {"angle": 0, "axis": "y", "origin": [8, 21.35917, -2.25098]},
			"faces": {
				"north": {"uv": [8.25, 0, 9.1875, 0.1875], "texture": "#0"},
				"east": {"uv": [3.25, 2.3125, 3.25, 2.5], "rotation": 180, "texture": "#0"},
				"south": {"uv": [8.25, 0, 9.1875, 0.1875], "texture": "#0"},
				"west": {"uv": [3.25, 2.3125, 3.25, 2.5], "texture": "#0"},
				"up": {"uv": [3.9375, 2.875, 3.9375, 3.8125], "rotation": 90, "texture": "#0"},
				"down": {"uv": [3.25, 2.875, 3.25, 3.8125], "rotation": 270, "texture": "#0"}
			}
		},
		{
			"from": [2.5, 22.04455, -6.10785],
			"to": [5, 25.04455, -1.60785],
			"rotation": {"angle": 45, "axis": "x", "origin": [8, 21.35917, -2.25098]},
			"faces": {
				"north": {"uv": [5.3125, 0, 5.625, 0.375], "rotation": 180, "texture": "#0"},
				"east": {"uv": [4.4375, 0.5625, 4.8125, 1.125], "rotation": 90, "texture": "#0"},
				"south": {"uv": [5.3125, 0, 5.625, 0.375], "texture": "#0"},
				"west": {"uv": [4.4375, 0.5625, 4.8125, 1.125], "rotation": 270, "texture": "#0"},
				"up": {"uv": [4.8125, 0.5625, 5.125, 1.125], "texture": "#0"},
				"down": {"uv": [4.8125, 0.5625, 5.125, 1.125], "rotation": 180, "texture": "#0"}
			}
		},
		{
			"from": [2.75, 24.77896, -4.10417],
			"to": [4.75, 28.77896, -1.60417],
			"rotation": {"angle": 0, "axis": "y", "origin": [8, 21.35917, -2.25098]},
			"faces": {
				"north": {"uv": [5.4375, 0.375, 5.6875, 0.875], "texture": "#0"},
				"east": {"uv": [5.125, 0.875, 5.4375, 0.375], "rotation": 180, "texture": "#0"},
				"south": {"uv": [5.4375, 0.375, 5.6875, 0.875], "rotation": 180, "texture": "#0"},
				"west": {"uv": [5.125, 0.375, 5.4375, 0.875], "texture": "#0"},
				"up": {"uv": [5.125, 0.875, 5.375, 1.1875], "texture": "#0"},
				"down": {"uv": [5.125, 0.875, 5.375, 1.1875], "rotation": 180, "texture": "#0"}
			}
		},
		{
			"from": [3.25, 25.42265, -8.64624],
			"to": [4.25, 28.92265, -6.64624],
			"rotation": {"angle": 45, "axis": "x", "origin": [8, 21.35917, -2.25098]},
			"faces": {
				"north": {"uv": [5.9375, 0, 6.0625, 0.4375], "texture": "#0"},
				"east": {"uv": [5.6875, 0.4375, 5.9375, 0], "rotation": 180, "texture": "#0"},
				"south": {"uv": [5.9375, 0, 6.0625, 0.4375], "rotation": 180, "texture": "#0"},
				"west": {"uv": [5.6875, 0, 5.9375, 0.4375], "texture": "#0"},
				"up": {"uv": [5.6875, 0.4375, 5.8125, 0.6875], "texture": "#0"},
				"down": {"uv": [5.6875, 0.4375, 5.8125, 0.6875], "rotation": 180, "texture": "#0"}
			}
		},
		{
			"from": [3.5, 26.96835, -3.00195],
			"to": [3.5, 31.96835, 6.99805],
			"rotation": {"angle": 0, "axis": "y", "origin": [8, 21.35917, -2.25098]},
			"faces": {
				"north": {"uv": [0, 0, 0, 4], "rotation": 180, "texture": "#missing"},
				"east": {"uv": [6.6875, 0, 6.0625, 1.25], "rotation": 90, "texture": "#0"},
				"south": {"uv": [0, 0, 0, 4], "texture": "#missing"},
				"west": {"uv": [6.0625, 0, 6.6875, 1.25], "rotation": 270, "texture": "#0"},
				"up": {"uv": [0, 0, 0, 9], "texture": "#missing"},
				"down": {"uv": [0, 0, 0, 9], "rotation": 180, "texture": "#missing"}
			}
		},
		{
			"from": [11.25, 24.77896, -4.10417],
			"to": [13.25, 28.77896, -1.60417],
			"rotation": {"angle": 0, "axis": "y", "origin": [8, 21.35917, -2.25098]},
			"faces": {
				"north": {"uv": [5.6875, 0.375, 5.4375, 0.875], "texture": "#0"},
				"east": {"uv": [5.4375, 0.375, 5.125, 0.875], "texture": "#0"},
				"south": {"uv": [5.6875, 0.375, 5.4375, 0.875], "rotation": 180, "texture": "#0"},
				"west": {"uv": [5.4375, 0.875, 5.125, 0.375], "rotation": 180, "texture": "#0"},
				"up": {"uv": [5.375, 0.875, 5.125, 1.1875], "texture": "#0"},
				"down": {"uv": [5.375, 0.875, 5.125, 1.1875], "rotation": 180, "texture": "#0"}
			}
		},
		{
			"from": [11, 22.04455, -6.10785],
			"to": [13.5, 25.04455, -1.60785],
			"rotation": {"angle": 45, "axis": "x", "origin": [8, 21.35917, -2.25098]},
			"faces": {
				"north": {"uv": [5.625, 0, 5.3125, 0.375], "rotation": 180, "texture": "#0"},
				"east": {"uv": [4.8125, 0.5625, 4.4375, 1.125], "rotation": 90, "texture": "#0"},
				"south": {"uv": [5.625, 0, 5.3125, 0.375], "texture": "#0"},
				"west": {"uv": [4.8125, 0.5625, 4.4375, 1.125], "rotation": 270, "texture": "#0"},
				"up": {"uv": [5.125, 0.5625, 4.8125, 1.125], "texture": "#0"},
				"down": {"uv": [5.125, 0.5625, 4.8125, 1.125], "rotation": 180, "texture": "#0"}
			}
		},
		{
			"from": [11.75, 25.42265, -8.64624],
			"to": [12.75, 28.92265, -6.64624],
			"rotation": {"angle": 45, "axis": "x", "origin": [8, 21.35917, -2.25098]},
			"faces": {
				"north": {"uv": [6.0625, 0, 5.9375, 0.4375], "texture": "#0"},
				"east": {"uv": [5.6875, 0.4375, 5.9375, 0], "rotation": 180, "texture": "#0"},
				"south": {"uv": [6.0625, 0, 5.9375, 0.4375], "rotation": 180, "texture": "#0"},
				"west": {"uv": [5.6875, 0, 5.9375, 0.4375], "texture": "#0"},
				"up": {"uv": [5.8125, 0.4375, 5.6875, 0.6875], "texture": "#0"},
				"down": {"uv": [5.8125, 0.4375, 5.6875, 0.6875], "rotation": 180, "texture": "#0"}
			}
		},
		{
			"from": [12.5, 26.96835, -3.00195],
			"to": [12.5, 31.96835, 6.99805],
			"rotation": {"angle": 0, "axis": "y", "origin": [8, 21.35917, -2.25098]},
			"faces": {
				"north": {"uv": [0, 0, 0, 4], "rotation": 180, "texture": "#missing"},
				"east": {"uv": [6.0625, 1.25, 6.6875, 0], "rotation": 270, "texture": "#0"},
				"south": {"uv": [0, 0, 0, 4], "texture": "#missing"},
				"west": {"uv": [6.6875, 1.25, 6.0625, 0], "rotation": 90, "texture": "#0"},
				"up": {"uv": [0, 0, 0, 9], "texture": "#missing"},
				"down": {"uv": [0, 0, 0, 9], "rotation": 180, "texture": "#missing"}
			}
		},
		{
			"from": [7.75, 6.5, 14.5],
			"to": [8.25, 25, 15],
			"rotation": {"angle": -22.5, "axis": "x", "origin": [8, 24.5, 14.75]},
			"faces": {
				"north": {"uv": [1.375, 11.0625, 1.4375, 13.1875], "texture": "#0"},
				"east": {"uv": [1.375, 11.0625, 1.4375, 13.1875], "texture": "#0"},
				"south": {"uv": [1.375, 11.0625, 1.4375, 13.1875], "texture": "#0"},
				"west": {"uv": [1.375, 11.0625, 1.4375, 13.1875], "texture": "#0"},
				"up": {"uv": [1.375, 11.0625, 1.4375, 11.125], "texture": "#0"},
				"down": {"uv": [1.375, 11.0625, 1.4375, 11.125], "texture": "#0"}
			}
		},
		{
			"from": [7.75, -9, 14.5],
			"to": [8.25, 9.5, 15],
			"rotation": {"angle": 22.5, "axis": "x", "origin": [8, -8.5, 14.75]},
			"faces": {
				"north": {"uv": [1.375, 13.1875, 1.4375, 11.0625], "texture": "#0"},
				"east": {"uv": [1.375, 13.1875, 1.4375, 11.0625], "texture": "#0"},
				"south": {"uv": [1.375, 13.1875, 1.4375, 11.0625], "texture": "#0"},
				"west": {"uv": [1.375, 13.1875, 1.4375, 11.0625], "texture": "#0"},
				"up": {"uv": [1.375, 11.125, 1.4375, 11.0625], "texture": "#0"},
				"down": {"uv": [1.375, 11.125, 1.4375, 11.0625], "texture": "#0"}
			}
		}
	],
	"gui_light": "front",
	"display": {
		"thirdperson_righthand": {
			"rotation": [0, -3, 0],
			"translation": [-1, -1.75, 2],
			"scale": [0.5, 0.5, 0.5]
		},
		"thirdperson_lefthand": {
			"rotation": [0, -3, 0],
			"translation": [-1, -1.75, 2],
			"scale": [0.5, 0.5, 0.5]
		},
		"firstperson_righthand": {
			"rotation": [27, 31, 3],
			"translation": [4, 4.75, -9],
			"scale": [0.54883, 0.54883, 0.54883]
		},
		"firstperson_lefthand": {
			"rotation": [27, 31, 3],
			"translation": [4, 4.75, -9],
			"scale": [0.54883, 0.54883, 0.54883]
		},
		"ground": {
			"rotation": [94, 85, 0],
			"translation": [0, 0, 0.25],
			"scale": [0.5, 0.5, 0.5]
		},
		"gui": {
			"rotation": [-57, 135, 71],
			"translation": [-1, 1, 0],
			"scale": [0.4, 0.4, 0.4]
		},
		"head": {
			"rotation": [91, -1, 90],
			"translation": [0, 10.5, 0.25],
			"scale": [0.7, 0.7, 0.7]
		},
		"fixed": {
			"rotation": [0, 90, 0],
			"translation": [0.25, 0.25, -2.25],
			"scale": [1.2, 1.2, 1.2]
		}
	},
	"groups": [
		0,
		1,
		2,
		3,
		4,
		5,
		6,
		7,
		8,
		9,
		10,
		11,
		12,
		13,
		14,
		15,
		16,
		17,
		18,
		19,
		20,
		21,
		22,
		23,
		24,
		25,
		26,
		27,
		28,
		29,
		30,
		31,
		32,
		33,
		34,
		35,
		36,
		37,
		{
			"name": "group",
			"origin": [8, 12.75917, -7.75098],
			"color": 0,
			"boneType": "",
			"children": [38, 39, 40, 41, 42, 43, 44, 45, 46, 47, 48, 49, 50, 51, 52, 53]
		},
		54,
		55
	]
}