{"credit":"Created by Workshop Six","texture_size":[32,32],"textures":{"8":"workshop_six:medieval_tavern_furniture/tavern_bottles"},"elements":[{"from":[7.36575,0,3.33045],"to":[10.36575,5,6.33045],"rotation":{"angle":0,"axis":"y","origin":[8.86575,4.625,4.03045]},"faces":{"north":{"uv":[4,0,5.5,2.5],"texture":"#8"},"east":{"uv":[4,2.5,5.5,5],"texture":"#8"},"south":{"uv":[0,4.5,1.5,7],"texture":"#8"},"west":{"uv":[1.5,4.5,3,7],"texture":"#8"},"up":{"uv":[8.5,3,7,1.5],"texture":"#8"},"down":{"uv":[7.5,7,6,8.5],"texture":"#8"}}},{"from":[7.86575,5,3.83045],"to":[9.86575,7,5.83045],"rotation":{"angle":0,"axis":"y","origin":[8.86575,4.625,4.03045]},"faces":{"north":{"uv":[7,3,8,4],"texture":"#8"},"east":{"uv":[5,7.5,6,8.5],"texture":"#8"},"south":{"uv":[8,6,9,7],"texture":"#8"},"west":{"uv":[8.5,1.5,9.5,2.5],"texture":"#8"},"up":{"uv":[6,9.5,5,8.5],"texture":"#8"},"down":{"uv":[7,8.5,6,9.5],"texture":"#8"}}},{"from":[7.76575,6.25,3.73045],"to":[9.96575,7.25,5.93045],"rotation":{"angle":0,"axis":"y","origin":[8.86575,4.625,4.03045]},"faces":{"north":{"uv":[3,4.5,4,5],"texture":"#8"},"east":{"uv":[2,7,3,7.5],"texture":"#8"},"south":{"uv":[8.5,2.5,9.5,3],"texture":"#8"},"west":{"uv":[7.5,9.5,8.5,10],"texture":"#8"},"up":{"uv":[8,9.5,7,8.5],"texture":"#8"},"down":{"uv":[9,8.5,8,9.5],"texture":"#8"}}},{"from":[7.61575,1,3.23045],"to":[10.11575,4,3.23045],"rotation":{"angle":0,"axis":"y","origin":[8.86575,4.625,4.03045]},"faces":{"north":{"uv":[2,7.5,3.5,9],"texture":"#8"},"east":{"uv":[0,0,0,1.5],"texture":"#8"},"south":{"uv":[3.5,7.5,5,9],"texture":"#8"},"west":{"uv":[0,0,0,1.5],"texture":"#8"},"up":{"uv":[1.5,0,0,0],"texture":"#8"},"down":{"uv":[1.5,0,0,0],"texture":"#8"}}},{"from":[1.86575,0,7.33045],"to":[5.86575,4,10.33045],"rotation":{"angle":22.5,"axis":"y","origin":[2.86575,0,7.33045]},"faces":{"north":{"uv":[0,2.5,2,4.5],"texture":"#8"},"east":{"uv":[5.5,0,7,2],"texture":"#8"},"south":{"uv":[2,2.5,4,4.5],"texture":"#8"},"west":{"uv":[5.5,2,7,4],"texture":"#8"},"up":{"uv":[8,5.5,6,4],"texture":"#8"},"down":{"uv":[8,5.5,6,7],"texture":"#8"}}},{"from":[2.96575,4,7.83045],"to":[4.96575,6,9.83045],"rotation":{"angle":22.5,"axis":"y","origin":[1.86575,4,7.83045]},"faces":{"north":{"uv":[9,0,10,1],"texture":"#8"},"east":{"uv":[1.5,9,2.5,10],"texture":"#8"},"south":{"uv":[2.5,9,3.5,10],"texture":"#8"},"west":{"uv":[3.5,9,4.5,10],"texture":"#8"},"up":{"uv":[10,7,9,6],"texture":"#8"},"down":{"uv":[10,7,9,8],"texture":"#8"}}},{"from":[2.86575,5.25,7.73045],"to":[5.06575,6.25,9.93045],"rotation":{"angle":22.5,"axis":"y","origin":[1.86575,4.25,7.83045]},"faces":{"north":{"uv":[0,10,1,10.5],"texture":"#8"},"east":{"uv":[10,0,11,0.5],"texture":"#8"},"south":{"uv":[10,0.5,11,1],"texture":"#8"},"west":{"uv":[1,10,2,10.5],"texture":"#8"},"up":{"uv":[10,9,9,8],"texture":"#8"},"down":{"uv":[10,9,9,10],"texture":"#8"}}},{"from":[2.61575,0.5,7.43045],"to":[5.11575,3.5,7.43045],"rotation":{"angle":22.5,"axis":"y","origin":[2.36575,0.5,7.23045]},"faces":{"north":{"uv":[7.5,7,9,8.5],"texture":"#8"},"east":{"uv":[0,0,0,1.5],"texture":"#8"},"south":{"uv":[8,3,9.5,4.5],"texture":"#8"},"west":{"uv":[0,0,0,1.5],"texture":"#8"},"up":{"uv":[1.5,0,0,0],"texture":"#8"},"down":{"uv":[1.5,0,0,0],"texture":"#8"}}},{"from":[9.86575,0,9.33045],"to":[13.86575,5,12.33045],"rotation":{"angle":-22.5,"axis":"y","origin":[11.86575,4.625,10.03045]},"faces":{"north":{"uv":[0,0,2,2.5],"texture":"#8"},"east":{"uv":[3,5,4.5,7.5],"texture":"#8"},"south":{"uv":[2,0,4,2.5],"texture":"#8"},"west":{"uv":[4.5,5,6,7.5],"texture":"#8"},"up":{"uv":[2,8.5,0,7],"texture":"#8"},"down":{"uv":[9,0,7,1.5],"texture":"#8"}}},{"from":[10.86575,5,9.83045],"to":[12.86575,7,11.83045],"rotation":{"angle":-22.5,"axis":"y","origin":[11.86575,4.625,10.03045]},"faces":{"north":{"uv":[9.5,1,10.5,2],"texture":"#8"},"east":{"uv":[9.5,2,10.5,3],"texture":"#8"},"south":{"uv":[9.5,3,10.5,4],"texture":"#8"},"west":{"uv":[9.5,4,10.5,5],"texture":"#8"},"up":{"uv":[5.5,10.5,4.5,9.5],"texture":"#8"},"down":{"uv":[10.5,5,9.5,6],"texture":"#8"}}},{"from":[10.76575,6.25,9.73045],"to":[12.96575,7.25,11.93045],"rotation":{"angle":-22.5,"axis":"y","origin":[11.86575,4.625,10.03045]},"faces":{"north":{"uv":[2,10,3,10.5],"texture":"#8"},"east":{"uv":[3,10,4,10.5],"texture":"#8"},"south":{"uv":[10,6,11,6.5],"texture":"#8"},"west":{"uv":[10,6.5,11,7],"texture":"#8"},"up":{"uv":[6.5,10.5,5.5,9.5],"texture":"#8"},"down":{"uv":[7.5,9.5,6.5,10.5],"texture":"#8"}}},{"from":[10.61575,1,9.23045],"to":[13.11575,4,9.23045],"rotation":{"angle":-22.5,"axis":"y","origin":[11.86575,4.625,10.03045]},"faces":{"north":{"uv":[8,4.5,9.5,6],"texture":"#8"},"east":{"uv":[0,0,0,1.5],"texture":"#8"},"south":{"uv":[0,8.5,1.5,10],"texture":"#8"},"west":{"uv":[0,0,0,1.5],"texture":"#8"},"up":{"uv":[1.5,0,0,0],"texture":"#8"},"down":{"uv":[1.5,0,0,0],"texture":"#8"}}}],"gui_light":"front","display":{"thirdperson_righthand":{"rotation":[49,0,0],"translation":[-1,2.75,1.75],"scale":[0.47,0.47,0.47]},"thirdperson_lefthand":{"rotation":[49,0,0],"translation":[-1,2.75,1.75],"scale":[0.47,0.47,0.47]},"firstperson_righthand":{"rotation":[0,131,0],"translation":[0,6.25,1.5],"scale":[0.53,0.53,0.53]},"firstperson_lefthand":{"rotation":[0,131,0],"translation":[0,6.25,1.5],"scale":[0.53,0.53,0.53]},"ground":{"translation":[0,2.75,0],"scale":[0.62,0.62,0.62]},"gui":{"rotation":[11.75,180,0],"translation":[0,5.25,0],"scale":[1.25,1.25,1.25]},"head":{"scale":[0,0,0]},"fixed":{"rotation":[-90,0,0],"translation":[0,0,-16],"scale":[2,2,2]}},"mcmodels":"8e0e5cf7a822f85d549f98a891afe0a2"}