{"credit":"Created by Workshop Six","texture_size":[64,64],"textures":{"3":"workshop_six:medieval_tavern_furniture/tavern_stool"},"elements":[{"from":[1.5,14,1],"to":[14.5,16,14],"rotation":{"angle":0,"axis":"y","origin":[8,15,7.5]},"faces":{"north":{"uv":[6.75,0,10,0.5],"texture":"#3"},"east":{"uv":[6.75,0.5,10,1],"texture":"#3"},"south":{"uv":[6.75,1,10,1.5],"texture":"#3"},"west":{"uv":[6.75,1.5,10,2],"texture":"#3"},"up":{"uv":[3.25,3.25,0,0],"texture":"#3"},"down":{"uv":[3.25,3.25,0,6.5],"texture":"#3"}}},{"from":[12,0,2],"to":[14,14,4],"rotation":{"angle":0,"axis":"y","origin":[12,0,2]},"faces":{"north":{"uv":[3.25,0,3.75,3.5],"texture":"#3"},"east":{"uv":[3.25,3.5,3.75,7],"texture":"#3"},"south":{"uv":[3.75,0,4.25,3.5],"texture":"#3"},"west":{"uv":[3.75,3.5,4.25,7],"texture":"#3"},"up":{"uv":[7.25,6,6.75,5.5],"texture":"#3"},"down":{"uv":[7.25,6,6.75,6.5],"texture":"#3"}}},{"from":[2,0,2],"to":[4,14,4],"rotation":{"angle":0,"axis":"y","origin":[2,0,2]},"faces":{"north":{"uv":[4.25,0,4.75,3.5],"texture":"#3"},"east":{"uv":[4.25,3.5,4.75,7],"texture":"#3"},"south":{"uv":[4.75,0,5.25,3.5],"texture":"#3"},"west":{"uv":[4.75,3.5,5.25,7],"texture":"#3"},"up":{"uv":[7.25,7,6.75,6.5],"texture":"#3"},"down":{"uv":[1.5,7,1,7.5],"texture":"#3"}}},{"from":[4,2,3],"to":[12,3,3],"rotation":{"angle":0,"axis":"y","origin":[4,-3,1.5]},"faces":{"north":{"uv":[1,6.5,3,6.75],"texture":"#3"},"east":{"uv":[0,0,0,0.25],"texture":"#3"},"south":{"uv":[1,6.75,3,7],"texture":"#3"},"west":{"uv":[0,0,0,0.25],"texture":"#3"},"up":{"uv":[2,0,0,0],"texture":"#3"},"down":{"uv":[2,0,0,0],"texture":"#3"}}},{"from":[4,2,12],"to":[12,3,12],"rotation":{"angle":0,"axis":"y","origin":[4,-3,10.5]},"faces":{"north":{"uv":[6.75,2,8.75,2.25],"texture":"#3"},"east":{"uv":[0,0,0,0.25],"texture":"#3"},"south":{"uv":[6.75,2.25,8.75,2.5],"texture":"#3"},"west":{"uv":[0,0,0,0.25],"texture":"#3"},"up":{"uv":[2,0,0,0],"texture":"#3"},"down":{"uv":[2,0,0,0],"texture":"#3"}}},{"from":[13,2,4],"to":[13,3,11],"rotation":{"angle":0,"axis":"y","origin":[7,2.5,8]},"faces":{"north":{"uv":[0,0,0,0.25],"texture":"#3"},"east":{"uv":[6.75,3.5,8.5,3.75],"texture":"#3"},"south":{"uv":[0,0,0,0.25],"texture":"#3"},"west":{"uv":[6.75,3.75,8.5,4],"texture":"#3"},"up":{"uv":[0,1.75,0,0],"texture":"#3"},"down":{"uv":[0,0,0,1.75],"texture":"#3"}}},{"from":[3,2,4],"to":[3,3,11],"rotation":{"angle":0,"axis":"y","origin":[9,2.5,8]},"faces":{"north":{"uv":[0,0,0,0.25],"texture":"#3"},"east":{"uv":[6.75,4,8.5,4.25],"texture":"#3"},"south":{"uv":[0,0,0,0.25],"texture":"#3"},"west":{"uv":[6.75,4.25,8.5,4.5],"texture":"#3"},"up":{"uv":[0,1.75,0,0],"texture":"#3"},"down":{"uv":[0,0,0,1.75],"texture":"#3"}}},{"from":[4,13,3],"to":[12,14,3],"rotation":{"angle":0,"axis":"y","origin":[4,8,1.5]},"faces":{"north":{"uv":[6.75,2.5,8.75,2.75],"texture":"#3"},"east":{"uv":[0,0,0,0.25],"texture":"#3"},"south":{"uv":[6.75,2.75,8.75,3],"texture":"#3"},"west":{"uv":[0,0,0,0.25],"texture":"#3"},"up":{"uv":[2,0,0,0],"texture":"#3"},"down":{"uv":[2,0,0,0],"texture":"#3"}}},{"from":[13,13,4],"to":[13,14,11],"rotation":{"angle":0,"axis":"y","origin":[7,13.5,8]},"faces":{"north":{"uv":[0,0,0,0.25],"texture":"#3"},"east":{"uv":[6.75,4.5,8.5,4.75],"texture":"#3"},"south":{"uv":[0,0,0,0.25],"texture":"#3"},"west":{"uv":[6.75,4.75,8.5,5],"texture":"#3"},"up":{"uv":[0,1.75,0,0],"texture":"#3"},"down":{"uv":[0,0,0,1.75],"texture":"#3"}}},{"from":[4,13,12],"to":[12,14,12],"rotation":{"angle":0,"axis":"y","origin":[4,8,10.5]},"faces":{"north":{"uv":[6.75,3,8.75,3.25],"texture":"#3"},"east":{"uv":[0,0,0,0.25],"texture":"#3"},"south":{"uv":[6.75,3.25,8.75,3.5],"texture":"#3"},"west":{"uv":[0,0,0,0.25],"texture":"#3"},"up":{"uv":[2,0,0,0],"texture":"#3"},"down":{"uv":[2,0,0,0],"texture":"#3"}}},{"from":[3,13,4],"to":[3,14,11],"rotation":{"angle":0,"axis":"y","origin":[9,13.5,8]},"faces":{"north":{"uv":[0,0,0,0.25],"texture":"#3"},"east":{"uv":[6.75,5,8.5,5.25],"texture":"#3"},"south":{"uv":[0,0,0,0.25],"texture":"#3"},"west":{"uv":[6.75,5.25,8.5,5.5],"texture":"#3"},"up":{"uv":[0,1.75,0,0],"texture":"#3"},"down":{"uv":[0,0,0,1.75],"texture":"#3"}}},{"from":[12,0,11],"to":[14,14,13],"rotation":{"angle":0,"axis":"y","origin":[12,0,13]},"faces":{"north":{"uv":[5.25,0,5.75,3.5],"texture":"#3"},"east":{"uv":[5.25,3.5,5.75,7],"texture":"#3"},"south":{"uv":[5.75,0,6.25,3.5],"texture":"#3"},"west":{"uv":[5.75,3.5,6.25,7],"texture":"#3"},"up":{"uv":[2,7.5,1.5,7],"texture":"#3"},"down":{"uv":[2.5,7,2,7.5],"texture":"#3"}}},{"from":[2,0,11],"to":[4,14,13],"rotation":{"angle":0,"axis":"y","origin":[2,0,13]},"faces":{"north":{"uv":[6.25,0,6.75,3.5],"texture":"#3"},"east":{"uv":[6.25,3.5,6.75,7],"texture":"#3"},"south":{"uv":[0,6.5,0.5,10],"texture":"#3"},"west":{"uv":[0.5,6.5,1,10],"texture":"#3"},"up":{"uv":[3,7.5,2.5,7],"texture":"#3"},"down":{"uv":[3.5,7,3,7.5],"texture":"#3"}}}],"gui_light":"front","display":{"thirdperson_righthand":{"rotation":[49,0,0],"translation":[-1,0,-0.5],"scale":[0.27,0.27,0.27]},"thirdperson_lefthand":{"rotation":[49,0,0],"translation":[-1,0,-0.5],"scale":[0.27,0.27,0.27]},"firstperson_righthand":{"translation":[0,4.75,1.5],"scale":[0.39,0.39,0.39]},"firstperson_lefthand":{"translation":[0,4.75,1.5],"scale":[0.39,0.39,0.39]},"ground":{"translation":[0,2.25,0],"scale":[0.4,0.4,0.4]},"gui":{"rotation":[11.75,0,0],"translation":[0,0.25,0],"scale":[0.76,0.76,0.76]},"head":{"scale":[0,0,0]},"fixed":{"rotation":[-90,0,0],"translation":[0,0,-16],"scale":[2,2,2]}},"mcmodels":"8e0e5cf7a822f85d549f98a891afe0a2"}