{
	"credit": "Made with Blockbench",
	"texture_size": [128, 128],
	"textures": {
		"0": "elitecreatures:archdemon_animated/archdemon_texture",
		"2": "elitecreatures:archdemon_animated/archdemon_animation1",
		"3": "elitecreatures:archdemon_animated/archdemon_animation2",
		"particle": "elitecreatures:archdemon_animated/archdemon_texture"
	},
	"elements": [
		{
			"from": [4.10082, 7.14647, 8.37043],
			"to": [7.10082, 11.14647, 10.87043],
			"rotation": {"angle": -22.5, "axis": "x", "origin": [5.10082, 9.64647, 9.12043]},
			"faces": {
				"north": {"uv": [7.375, 10.625, 7, 11.125], "texture": "#0"},
				"east": {"uv": [7.0625, 10.125, 7.375, 10.625], "texture": "#0"},
				"south": {"uv": [7, 10.625, 7.375, 11.125], "texture": "#0"},
				"west": {"uv": [7.0625, 10.125, 7.375, 10.625], "texture": "#0"},
				"up": {"uv": [7, 11.125, 6.6875, 10.75], "rotation": 270, "texture": "#0"},
				"down": {"uv": [7, 11.125, 6.6875, 10.75], "rotation": 270, "texture": "#0"}
			}
		},
		{
			"from": [4.10082, 10.14647, 8.37043],
			"to": [6.10082, 26.14647, 9.87043],
			"rotation": {"angle": 45, "axis": "z", "origin": [4.97392, 11.78258, 9.64543]},
			"faces": {
				"north": {"uv": [8.875, 10.3125, 8.625, 12.3125], "texture": "#0"},
				"east": {"uv": [8.875, 10.3125, 9.0625, 12.3125], "texture": "#0"},
				"south": {"uv": [8.625, 10.3125, 8.875, 12.3125], "texture": "#0"},
				"west": {"uv": [9.6875, 11.6875, 9.875, 13.6875], "texture": "#0"}
			}
		},
		{
			"from": [3.10082, 25.64647, 7.87043],
			"to": [7.10082, 29.14647, 10.37043],
			"rotation": {"angle": 45, "axis": "z", "origin": [4.97392, 11.78258, 9.14543]},
			"faces": {
				"north": {"uv": [7, 10.3125, 6.5, 10.75], "texture": "#0"},
				"east": {"uv": [6.5, 9.375, 6.8125, 9.8125], "texture": "#0"},
				"south": {"uv": [6.5, 10.3125, 7, 10.75], "texture": "#0"},
				"west": {"uv": [6.5, 9.375, 6.8125, 9.8125], "texture": "#0"},
				"up": {"uv": [6.8125, 10.3125, 6.5, 9.8125], "rotation": 270, "texture": "#0"},
				"down": {"uv": [6.8125, 10.3125, 6.5, 9.8125], "rotation": 270, "texture": "#0"}
			}
		},
		{
			"from": [-5, 5.89513, 8.67043],
			"to": [-3.5, 21.89513, 9.67043],
			"rotation": {"angle": 22.5, "axis": "z", "origin": [-5.46989, 15.89513, 9.17043]},
			"faces": {
				"north": {"uv": [9.0625, 10.3125, 9.25, 12.3125], "rotation": 180, "texture": "#0"},
				"east": {"uv": [10, 13.6875, 9.875, 11.6875], "texture": "#0"},
				"south": {"uv": [9.25, 10.3125, 9.0625, 12.3125], "rotation": 180, "texture": "#0"},
				"west": {"uv": [9.875, 13.6875, 10, 11.6875], "texture": "#0"},
				"up": {"uv": [6.25, 10.5625, 6.375, 10.75], "rotation": 90, "texture": "#0"},
				"down": {"uv": [6.25, 10.5625, 6.375, 10.75], "rotation": 90, "texture": "#0"}
			}
		},
		{
			"from": [-11, -4.10487, 8.67043],
			"to": [-9.5, 23.89513, 9.67043],
			"rotation": {"angle": -22.5, "axis": "z", "origin": [-11.46989, 15.89513, 9.17043]},
			"faces": {
				"north": {"uv": [9.5625, 10.1875, 9.375, 13.6875], "rotation": 180, "texture": "#0"},
				"east": {"uv": [9.8125, 13.6875, 9.6875, 10.1875], "texture": "#0"},
				"south": {"uv": [9.375, 10.1875, 9.5625, 13.6875], "rotation": 180, "texture": "#0"},
				"west": {"uv": [9.6875, 13.6875, 9.5625, 10.1875], "texture": "#0"},
				"up": {"uv": [6.25, 10.375, 6.375, 10.5625], "rotation": 90, "texture": "#0"},
				"down": {"uv": [6.25, 10.375, 6.375, 10.5625], "rotation": 90, "texture": "#0"}
			}
		},
		{
			"from": [8.89918, 7.14647, 8.37043],
			"to": [11.89918, 11.14647, 10.87043],
			"rotation": {"angle": -22.5, "axis": "x", "origin": [10.89918, 9.64647, 9.12043]},
			"faces": {
				"north": {"uv": [7, 10.625, 7.375, 11.125], "texture": "#0"},
				"east": {"uv": [7.375, 10.125, 7.0625, 10.625], "texture": "#0"},
				"south": {"uv": [7.375, 10.625, 7, 11.125], "texture": "#0"},
				"west": {"uv": [7.375, 10.125, 7.0625, 10.625], "texture": "#0"},
				"up": {"uv": [7, 10.75, 6.6875, 11.125], "rotation": 270, "texture": "#0"},
				"down": {"uv": [7, 10.75, 6.6875, 11.125], "rotation": 270, "texture": "#0"}
			}
		},
		{
			"from": [9.89918, 10.14647, 8.37043],
			"to": [11.89918, 26.14647, 9.87043],
			"rotation": {"angle": -45, "axis": "z", "origin": [11.02608, 11.78258, 9.64543]},
			"faces": {
				"north": {"uv": [8.625, 10.3125, 8.875, 12.3125], "texture": "#0"},
				"east": {"uv": [9.875, 11.6875, 9.6875, 13.6875], "texture": "#0"},
				"south": {"uv": [8.875, 10.3125, 8.625, 12.3125], "texture": "#0"},
				"west": {"uv": [9.0625, 10.3125, 8.875, 12.3125], "texture": "#0"}
			}
		},
		{
			"from": [8.89918, 25.64647, 7.87043],
			"to": [12.89918, 29.14647, 10.37043],
			"rotation": {"angle": -45, "axis": "z", "origin": [11.02608, 11.78258, 9.14543]},
			"faces": {
				"north": {"uv": [6.5, 10.3125, 7, 10.75], "texture": "#0"},
				"east": {"uv": [6.8125, 9.375, 6.5, 9.8125], "texture": "#0"},
				"south": {"uv": [7, 10.3125, 6.5, 10.75], "texture": "#0"},
				"west": {"uv": [6.8125, 9.375, 6.5, 9.8125], "texture": "#0"},
				"up": {"uv": [6.8125, 9.8125, 6.5, 10.3125], "rotation": 270, "texture": "#0"},
				"down": {"uv": [6.8125, 9.8125, 6.5, 10.3125], "rotation": 270, "texture": "#0"}
			}
		},
		{
			"from": [25.5, -4.10487, 8.67043],
			"to": [27, 23.89513, 9.67043],
			"rotation": {"angle": 22.5, "axis": "z", "origin": [27.46989, 15.89513, 9.17043]},
			"faces": {
				"north": {"uv": [9.375, 10.1875, 9.5625, 13.6875], "rotation": 180, "texture": "#0"},
				"east": {"uv": [9.5625, 13.6875, 9.6875, 10.1875], "texture": "#0"},
				"south": {"uv": [9.5625, 10.1875, 9.375, 13.6875], "rotation": 180, "texture": "#0"},
				"west": {"uv": [9.6875, 13.6875, 9.8125, 10.1875], "texture": "#0"},
				"up": {"uv": [6.25, 10.5625, 6.375, 10.375], "rotation": 90, "texture": "#0"},
				"down": {"uv": [6.25, 10.5625, 6.375, 10.375], "rotation": 90, "texture": "#0"}
			}
		},
		{
			"from": [-11.58084, -12.5, 8.8],
			"to": [6.41916, 15, 8.8],
			"rotation": {"angle": 22.5, "axis": "z", "origin": [-2.58084, 60.61751, 8.47043]},
			"faces": {
				"north": {"uv": [16, 12.5625, 13.75, 16], "texture": "#0"},
				"east": {"uv": [3.9375, 0, 3.9375, 2.9375], "texture": "#missing"},
				"south": {"uv": [13.75, 12.5625, 16, 16], "texture": "#0"},
				"west": {"uv": [3.9375, 0, 3.9375, 2.9375], "texture": "#missing"},
				"up": {"uv": [3.6875, 0.375, 3.6875, 4.125], "rotation": 90, "texture": "#missing"},
				"down": {"uv": [3.6875, 0.375, 3.6875, 4.125], "rotation": 270, "texture": "#missing"}
			}
		},
		{
			"from": [9.58084, -12.5, 8.8],
			"to": [27.58084, 15, 8.8],
			"rotation": {"angle": -22.5, "axis": "z", "origin": [18.58084, 60.61751, 8.47043]},
			"faces": {
				"north": {"uv": [13.75, 12.5625, 16, 16], "texture": "#0"},
				"east": {"uv": [3.9375, 0, 3.9375, 2.9375], "texture": "#missing"},
				"south": {"uv": [16, 12.5625, 13.75, 16], "texture": "#0"},
				"west": {"uv": [3.9375, 0, 3.9375, 2.9375], "texture": "#missing"},
				"up": {"uv": [3.6875, 4.125, 3.6875, 0.375], "rotation": 90, "texture": "#missing"},
				"down": {"uv": [3.6875, 4.125, 3.6875, 0.375], "rotation": 270, "texture": "#missing"}
			}
		},
		{
			"from": [19.5, 5.89513, 8.67043],
			"to": [21, 21.89513, 9.67043],
			"rotation": {"angle": -22.5, "axis": "z", "origin": [21.46989, 15.89513, 9.17043]},
			"faces": {
				"north": {"uv": [9.25, 10.3125, 9.0625, 12.3125], "rotation": 180, "texture": "#0"},
				"east": {"uv": [10, 13.6875, 9.875, 11.6875], "texture": "#0"},
				"south": {"uv": [9.0625, 10.3125, 9.25, 12.3125], "rotation": 180, "texture": "#0"},
				"west": {"uv": [9.875, 13.6875, 10, 11.6875], "texture": "#0"},
				"up": {"uv": [6.25, 10.75, 6.375, 10.5625], "rotation": 90, "texture": "#0"},
				"down": {"uv": [6.25, 10.75, 6.375, 10.5625], "rotation": 90, "texture": "#0"}
			}
		},
		{
			"from": [8, 6.35572, -2.38352],
			"to": [8, 11.35572, 4.61648],
			"rotation": {"angle": 0, "axis": "y", "origin": [8.5, 6.49455, 5.80153]},
			"faces": {
				"north": {"uv": [0, 80, 0, 0], "rotation": 180, "texture": "#missing"},
				"east": {"uv": [8, 2.25, 7.125, 1.625], "rotation": 180, "texture": "#0"},
				"south": {"uv": [0, 80, 0, 0], "rotation": 180, "texture": "#missing"},
				"west": {"uv": [7.125, 2.25, 8, 1.625], "rotation": 180, "texture": "#0"},
				"up": {"uv": [0, 160, 0, 0], "texture": "#missing"},
				"down": {"uv": [0, 160, 0, 0], "texture": "#missing"}
			}
		},
		{
			"from": [8, 3.27367, 3.97481],
			"to": [8, 8.27367, 10.97481],
			"rotation": {"angle": -45, "axis": "x", "origin": [8.5, 6.49455, 5.80153]},
			"faces": {
				"north": {"uv": [0, 80, 0, 0], "rotation": 180, "texture": "#missing"},
				"east": {"uv": [7.125, 2.25, 8, 1.625], "rotation": 180, "texture": "#0"},
				"south": {"uv": [0, 80, 0, 0], "rotation": 180, "texture": "#missing"},
				"west": {"uv": [8, 2.25, 7.125, 1.625], "rotation": 180, "texture": "#0"},
				"up": {"uv": [0, 0, 0, 160], "texture": "#missing"},
				"down": {"uv": [0, 0, 0, 160], "texture": "#missing"}
			}
		},
		{
			"from": [7.7424, 6.92832, 2.90273],
			"to": [9.2424, 10.92832, 4.90273],
			"rotation": {"angle": 0, "axis": "y", "origin": [8.5, 6.49455, 5.80153]},
			"faces": {
				"north": {"uv": [2.3125, 5.625, 2.125, 5.125], "rotation": 180, "texture": "#0"},
				"east": {"uv": [1.875, 5.625, 2.125, 5.125], "rotation": 180, "texture": "#0"},
				"south": {"uv": [2.5, 5.625, 2.3125, 5.125], "rotation": 180, "texture": "#0"},
				"west": {"uv": [2.125, 5.625, 1.875, 5.125], "rotation": 180, "texture": "#0"},
				"up": {"uv": [1.5625, 3.9375, 1.75, 4.1875], "texture": "#0"},
				"down": {"uv": [1.5625, 3.9375, 1.75, 4.1875], "texture": "#0"}
			}
		},
		{
			"from": [9, 8.3366, -5.64619],
			"to": [9, 16.3366, 5.35381],
			"rotation": {"angle": 22.5, "axis": "x", "origin": [8.5, 6.49455, 5.80153]},
			"faces": {
				"north": {"uv": [0, 0, 0, 128], "texture": "#missing"},
				"east": {"uv": [5.625, 1.6875, 7, 2.6875], "texture": "#0"},
				"south": {"uv": [0, 0, 0, 128], "texture": "#missing"},
				"west": {"uv": [7, 1.6875, 5.625, 2.6875], "texture": "#0"},
				"up": {"uv": [0, 160, 0, 0], "texture": "#missing"},
				"down": {"uv": [0, 160, 0, 0], "texture": "#missing"}
			}
		},
		{
			"from": [7.25, 3.0303, 4.12997],
			"to": [8.75, 8.0303, 6.62997],
			"rotation": {"angle": -22.5, "axis": "x", "origin": [8.5, 6.49455, 5.80153]},
			"faces": {
				"north": {"uv": [2.4375, 5.125, 2.25, 4.5], "rotation": 180, "texture": "#0"},
				"east": {"uv": [1.9375, 5.125, 2.25, 4.5], "rotation": 180, "texture": "#0"},
				"south": {"uv": [2.625, 5.125, 2.4375, 4.5], "rotation": 180, "texture": "#0"},
				"west": {"uv": [2.25, 5.125, 1.9375, 4.5], "rotation": 180, "texture": "#0"},
				"up": {"uv": [1.75, 3.9375, 1.9375, 4.25], "texture": "#0"},
				"down": {"uv": [1.75, 3.9375, 1.9375, 4.25], "texture": "#0"}
			}
		},
		{
			"from": [7, 2.3928, 6.09869],
			"to": [9, 5.3928, 11.09869],
			"rotation": {"angle": 22.5, "axis": "x", "origin": [8.5, 6.49455, 5.80153]},
			"faces": {
				"north": {"uv": [2.5, 4.375, 2.25, 4], "texture": "#0"},
				"east": {"uv": [2.4375, 3.5, 2.8125, 2.875], "rotation": 270, "texture": "#0"},
				"south": {"uv": [2.5, 4.375, 2.25, 4], "texture": "#0"},
				"west": {"uv": [2.4375, 2.875, 2.8125, 3.5], "rotation": 270, "texture": "#0"},
				"up": {"uv": [2.8125, 2.3125, 3.0625, 2.9375], "texture": "#0"},
				"down": {"uv": [2.75, 2.25, 2.5, 2.875], "texture": "#0"}
			}
		},
		{
			"from": [6.75, -1.46854, 7.22637],
			"to": [9.25, 2.53146, 11.22637],
			"rotation": {"angle": -22.5, "axis": "x", "origin": [8.5, 6.49455, 5.80153]},
			"faces": {
				"north": {"uv": [2.25, 4.5, 1.9375, 4], "texture": "#0"},
				"east": {"uv": [1.9375, 4, 2.4375, 3.5], "rotation": 270, "texture": "#0"},
				"south": {"uv": [2.25, 4.5, 1.9375, 4], "texture": "#0"},
				"west": {"uv": [1.9375, 3.5, 2.4375, 4], "rotation": 270, "texture": "#0"},
				"up": {"uv": [2.8125, 2.9375, 3.125, 3.4375], "texture": "#0"},
				"down": {"uv": [2.4375, 3.5, 2.75, 4], "texture": "#0"}
			}
		},
		{
			"from": [8, -3.32235, 8.77441],
			"to": [8, 3.67765, 13.77441],
			"rotation": {"angle": 22.5, "axis": "x", "origin": [8.5, 6.49455, 5.80153]},
			"faces": {
				"north": {"uv": [0, 0, 0, 160], "texture": "#missing"},
				"east": {"uv": [7.125, 1.625, 8, 2.25], "rotation": 90, "texture": "#0"},
				"south": {"uv": [0, 0, 0, 160], "rotation": 180, "texture": "#missing"},
				"west": {"uv": [8, 1.625, 7.125, 2.25], "rotation": 270, "texture": "#0"},
				"up": {"uv": [0, 0, 0, 80], "texture": "#missing"},
				"down": {"uv": [0, 0, 0, 80], "rotation": 180, "texture": "#missing"}
			}
		},
		{
			"from": [-9.1, 23, 2],
			"to": [-9.1, 28, 9],
			"rotation": {"angle": 45, "axis": "y", "origin": [-9.1, 23, 4.5]},
			"faces": {
				"north": {"uv": [0, 3, 0, 0], "rotation": 180, "texture": "#3"},
				"east": {"uv": [12, 0, 2, 14], "rotation": 90, "texture": "#3"},
				"south": {"uv": [0, 0, 0, 3], "texture": "#3"},
				"west": {"uv": [12, 14, 2, 0], "rotation": 90, "texture": "#3"},
				"up": {"uv": [0, 3.5, 0, 0], "rotation": 180, "texture": "#3"},
				"down": {"uv": [0, 3.5, 0, 0], "texture": "#3"}
			}
		},
		{
			"from": [25.1, 23, 2],
			"to": [25.1, 28, 9],
			"rotation": {"angle": -45, "axis": "y", "origin": [25.1, 23, 4.5]},
			"faces": {
				"north": {"uv": [0, 3, 0, 0], "rotation": 180, "texture": "#3"},
				"east": {"uv": [12, 0, 2, 14], "rotation": 90, "texture": "#3"},
				"south": {"uv": [0, 0, 0, 3], "texture": "#3"},
				"west": {"uv": [12, 14, 2, 0], "rotation": 90, "texture": "#3"},
				"up": {"uv": [0, 3.5, 0, 0], "rotation": 180, "texture": "#3"},
				"down": {"uv": [0, 3.5, 0, 0], "texture": "#3"}
			}
		},
		{
			"from": [-7.039, 20.00491, 8.89737],
			"to": [-2.039, 30.00491, 8.89737],
			"rotation": {"angle": 0, "axis": "y", "origin": [-3.2189, 22.51943, 8.77237]},
			"faces": {
				"north": {"uv": [6.6875, 0, 6.0625, 1.25], "rotation": 180, "texture": "#0"},
				"east": {"uv": [0, 0, 0, 9], "rotation": 180, "texture": "#missing"},
				"south": {"uv": [6.0625, 0, 6.6875, 1.25], "rotation": 180, "texture": "#0"},
				"west": {"uv": [0, 0, 0, 9], "rotation": 180, "texture": "#missing"},
				"up": {"uv": [0, 4, 0, 0], "rotation": 90, "texture": "#missing"},
				"down": {"uv": [0, 4, 0, 0], "rotation": 270, "texture": "#missing"}
			}
		},
		{
			"from": [18.039, 20.00491, 8.89737],
			"to": [23.039, 30.00491, 8.89737],
			"rotation": {"angle": 0, "axis": "y", "origin": [19.2189, 22.51943, 8.77237]},
			"faces": {
				"north": {"uv": [6.0625, 0, 6.6875, 1.25], "rotation": 180, "texture": "#0"},
				"east": {"uv": [0, 0, 0, 9], "rotation": 180, "texture": "#missing"},
				"south": {"uv": [6.6875, 0, 6.0625, 1.25], "rotation": 180, "texture": "#0"},
				"west": {"uv": [0, 0, 0, 9], "rotation": 180, "texture": "#missing"},
				"up": {"uv": [0, 0, 0, 4], "rotation": 90, "texture": "#missing"},
				"down": {"uv": [0, 0, 0, 4], "rotation": 270, "texture": "#missing"}
			}
		},
		{
			"from": [-2.2, 5.5, 6.5],
			"to": [7.8, 14.5, 6.5],
			"rotation": {"angle": -45, "axis": "y", "origin": [2.8, 10, 6.5]},
			"faces": {
				"north": {"uv": [0, 5.5, 10, 14.5], "texture": "#2"},
				"east": {"uv": [0, 0, 0, 14], "texture": "#missing"},
				"south": {"uv": [10, 5.5, 0, 14.5], "texture": "#2"},
				"west": {"uv": [0, 0, 0, 14], "texture": "#missing"},
				"up": {"uv": [0, 0, 0, 10], "rotation": 270, "texture": "#missing"},
				"down": {"uv": [0, 10, 0, 0], "rotation": 90, "texture": "#missing"}
			}
		},
		{
			"from": [7.2, 5.5, 6.5],
			"to": [17.2, 14.5, 6.5],
			"rotation": {"angle": 45, "axis": "y", "origin": [12.2, 10, 6.5]},
			"faces": {
				"north": {"uv": [10, 5.5, 0, 14.5], "texture": "#2"},
				"east": {"uv": [0, 0, 0, 14], "texture": "#missing"},
				"south": {"uv": [0, 5.5, 10, 14.5], "texture": "#2"},
				"west": {"uv": [0, 0, 0, 14], "texture": "#missing"},
				"up": {"uv": [0, 10, 0, 0], "rotation": 270, "texture": "#missing"},
				"down": {"uv": [0, 0, 0, 10], "rotation": 90, "texture": "#missing"}
			}
		}
	],
	"gui_light": "front",
	"display": {
		"thirdperson_righthand": {
			"rotation": [55, 0, 0],
			"translation": [0, 2, 1.75],
			"scale": [0.4, 0.4, 0.4]
		},
		"thirdperson_lefthand": {
			"rotation": [77, 180, 0],
			"translation": [-5.75, -7.5, 8],
			"scale": [0.6, 0.6, 0.6]
		},
		"firstperson_righthand": {
			"rotation": [0, 134, 0],
			"translation": [10, -4, -17.5]
		},
		"firstperson_lefthand": {
			"scale": [0, 0, 0]
		},
		"ground": {
			"rotation": [80, 0, 0],
			"translation": [0, 0.5, -1.25],
			"scale": [0.6, 0.6, 0.6]
		},
		"gui": {
			"rotation": [19, 146, -7],
			"translation": [0.5, -1.5, 0],
			"scale": [0.45, 0.45, 0.45]
		},
		"head": {
			"rotation": [7, 180, 0],
			"translation": [0, -50.25, 8.25],
			"scale": [1.2, 1.2, 1.2]
		},
		"fixed": {
			"translation": [0, -2.5, -4],
			"scale": [1.32, 1.32, 1.32]
		}
	},
	"groups": [
		0,
		1,
		2,
		3,
		4,
		5,
		6,
		7,
		8,
		9,
		10,
		11,
		{
			"name": "group",
			"origin": [8.5, 6.49455, 5.80153],
			"color": 0,
			"boneType": "",
			"children": [12, 13, 14, 15, 16, 17, 18, 19]
		},
		20,
		21,
		22,
		23,
		24,
		25
	]
}