{
	"credit": "Made with Blockbench",
	"texture_size": [128, 128],
	"textures": {
		"0": "elitecreatures:archdemon_animated/archdemon_texture",
		"3": "elitecreatures:archdemon_animated/archdemon_animation2",
		"particle": "elitecreatures:archdemon_animated/archdemon_texture"
	},
	"elements": [
		{
			"from": [5.4773, -12.93291, 4.12502],
			"to": [10.4773, -8.68291, 7.12502],
			"rotation": {"angle": 0, "axis": "y", "origin": [11.9773, -16.18291, 0.62502]},
			"faces": {
				"north": {"uv": [7.375, 12.3125, 8.625, 13.375], "texture": "#0"},
				"east": {"uv": [8.625, 12.3125, 9.375, 13.375], "texture": "#0"},
				"south": {"uv": [7.375, 11.25, 8.625, 12.3125], "texture": "#0"},
				"west": {"uv": [9.375, 12.3125, 8.625, 13.375], "texture": "#0"},
				"up": {"uv": [7.375, 9.75, 8.625, 10.5], "rotation": 180, "texture": "#0"},
				"down": {"uv": [7.375, 10.5, 8.625, 11.25], "rotation": 180, "texture": "#0"}
			}
		},
		{
			"from": [9.6023, -14.18291, 4.97502],
			"to": [9.6023, -12.68291, 6.97502],
			"rotation": {"angle": 0, "axis": "y", "origin": [3.1273, -15.93291, 0.47502]},
			"faces": {
				"north": {"uv": [3.8125, 11.6875, 2.5625, 13.1875], "texture": "#missing"},
				"east": {"uv": [10.0625, 1.1875, 9.5625, 1.5625], "texture": "#0"},
				"south": {"uv": [3.8125, 14.0625, 2.5625, 15.5625], "texture": "#missing"},
				"west": {"uv": [9.5625, 1.1875, 10.0625, 1.5625], "texture": "#0"},
				"up": {"uv": [7, 11.0625, 5.75, 11.6875], "rotation": 180, "texture": "#missing"},
				"down": {"uv": [7, 11.0625, 5.75, 11.6875], "rotation": 180, "texture": "#missing"}
			}
		},
		{
			"from": [6.3523, -14.18291, 4.97502],
			"to": [6.3523, -12.68291, 6.97502],
			"rotation": {"angle": 0, "axis": "y", "origin": [12.8273, -15.93291, 0.47502]},
			"faces": {
				"north": {"uv": [2.5625, 11.6875, 3.8125, 13.1875], "texture": "#missing"},
				"east": {"uv": [10.0625, 1.1875, 9.5625, 1.5625], "texture": "#0"},
				"south": {"uv": [2.5625, 14.0625, 3.8125, 15.5625], "texture": "#missing"},
				"west": {"uv": [9.5625, 1.1875, 10.0625, 1.5625], "texture": "#0"},
				"up": {"uv": [5.75, 11.0625, 7, 11.6875], "rotation": 180, "texture": "#missing"},
				"down": {"uv": [5.75, 11.0625, 7, 11.6875], "rotation": 180, "texture": "#missing"}
			}
		},
		{
			"from": [6.1023, -15.32092, 4.28326],
			"to": [9.8523, -13.82092, 7.78326],
			"rotation": {"angle": -45, "axis": "x", "origin": [7.9773, -14.15172, 5.39698]},
			"faces": {
				"north": {"uv": [4.875, 9, 5.8125, 9.375], "texture": "#0"},
				"east": {"uv": [6.6875, 10.75, 5.8125, 11.125], "texture": "#0"},
				"south": {"uv": [4.875, 8.625, 5.8125, 9], "texture": "#0"},
				"west": {"uv": [6.6875, 10.75, 5.8125, 11.125], "texture": "#0"},
				"up": {"uv": [4.875, 10.25, 5.8125, 11.125], "rotation": 180, "texture": "#0"},
				"down": {"uv": [4.125, 7.6875, 5.0625, 8.5625], "rotation": 180, "texture": "#0"}
			}
		},
		{
			"from": [5.8523, -13.43291, 4.39871],
			"to": [10.1023, -12.68291, 4.39871],
			"rotation": {"angle": 0, "axis": "y", "origin": [8.75361, -12.80791, 5.32371]},
			"faces": {
				"north": {"uv": [9.25, 0.1875, 8.1875, 0], "texture": "#0"},
				"east": {"uv": [3.25, 2.3125, 3.25, 2.5], "texture": "#0"},
				"south": {"uv": [9.25, 0, 8.1875, 0.1875], "texture": "#0"},
				"west": {"uv": [3.25, 2.3125, 3.25, 2.5], "rotation": 180, "texture": "#0"},
				"up": {"uv": [3.9375, 2.875, 3.9375, 3.8125], "rotation": 270, "texture": "#0"},
				"down": {"uv": [3.25, 2.875, 3.25, 3.8125], "rotation": 90, "texture": "#0"}
			}
		},
		{
			"from": [6.3523, -14.10751, 4.7607],
			"to": [9.6023, -13.35751, 4.7607],
			"rotation": {"angle": -45, "axis": "x", "origin": [7.9773, -14.15172, 5.39698]},
			"faces": {
				"north": {"uv": [9.125, 0, 8.3125, 0.1875], "texture": "#0"},
				"east": {"uv": [3.25, 2.5, 3.25, 2.3125], "texture": "#0"},
				"south": {"uv": [9.125, 0.1875, 8.3125, 0], "texture": "#0"},
				"west": {"uv": [3.25, 2.5, 3.25, 2.3125], "rotation": 180, "texture": "#0"},
				"up": {"uv": [3.25, 2.875, 3.25, 3.8125], "rotation": 90, "texture": "#0"},
				"down": {"uv": [3.9375, 2.875, 3.9375, 3.8125], "rotation": 270, "texture": "#0"}
			}
		},
		{
			"from": [5.7273, -7.49874, 3.77142],
			"to": [5.7273, -4.99874, 8.77142],
			"rotation": {"angle": 0, "axis": "y", "origin": [7.7273, -7.40363, 4.82371]},
			"faces": {
				"north": {"uv": [0, 0, 0, 4], "rotation": 180, "texture": "#missing"},
				"east": {"uv": [6.6875, 0, 6.0625, 1.25], "rotation": 90, "texture": "#0"},
				"south": {"uv": [0, 0, 0, 4], "texture": "#missing"},
				"west": {"uv": [6.0625, 0, 6.6875, 1.25], "rotation": 270, "texture": "#0"},
				"up": {"uv": [0, 9, 0, 0], "rotation": 180, "texture": "#missing"},
				"down": {"uv": [0, 9, 0, 0], "texture": "#missing"}
			}
		},
		{
			"from": [5.6023, -6.77782, 4.32648],
			"to": [6.1023, -5.77782, 6.07648],
			"rotation": {"angle": -45, "axis": "x", "origin": [7.7273, -7.40363, 4.82371]},
			"faces": {
				"north": {"uv": [5.6875, 0.4375, 5.8125, 0.6875], "texture": "#0"},
				"east": {"uv": [5.6875, 0.4375, 5.9375, 0], "rotation": 90, "texture": "#0"},
				"south": {"uv": [5.6875, 0.4375, 5.8125, 0.6875], "texture": "#0"},
				"west": {"uv": [5.6875, 0, 5.9375, 0.4375], "rotation": 90, "texture": "#0"},
				"up": {"uv": [6.0625, 0.4375, 5.9375, 0], "texture": "#0"},
				"down": {"uv": [6.0625, 0.4375, 5.9375, 0], "texture": "#0"}
			}
		},
		{
			"from": [5.3523, -8.59343, 3.22031],
			"to": [6.3523, -6.59343, 4.47031],
			"rotation": {"angle": 0, "axis": "y", "origin": [7.7273, -7.40363, 4.82371]},
			"faces": {
				"north": {"uv": [5.4375, 0.375, 5.6875, 0.875], "texture": "#0"},
				"east": {"uv": [5.125, 0.875, 5.4375, 0.375], "rotation": 180, "texture": "#0"},
				"south": {"uv": [5.4375, 0.375, 5.6875, 0.875], "rotation": 180, "texture": "#0"},
				"west": {"uv": [5.125, 0.375, 5.4375, 0.875], "texture": "#0"},
				"up": {"uv": [5.375, 1.1875, 5.125, 0.875], "rotation": 180, "texture": "#0"},
				"down": {"uv": [5.375, 1.1875, 5.125, 0.875], "texture": "#0"}
			}
		},
		{
			"from": [5.2273, -9.29702, 2.63743],
			"to": [6.4773, -7.04702, 4.13743],
			"rotation": {"angle": -45, "axis": "x", "origin": [7.7273, -7.40363, 4.82371]},
			"faces": {
				"north": {"uv": [4.8125, 0.5625, 5.125, 1.125], "texture": "#0"},
				"east": {"uv": [4.4375, 0.5625, 4.8125, 1.125], "texture": "#0"},
				"south": {"uv": [4.8125, 0.5625, 5.125, 1.125], "texture": "#0"},
				"west": {"uv": [4.4375, 0.5625, 4.8125, 1.125], "texture": "#0"},
				"up": {"uv": [5.625, 0.375, 5.3125, 0], "rotation": 180, "texture": "#0"},
				"down": {"uv": [5.625, 0.375, 5.3125, 0], "rotation": 180, "texture": "#0"}
			}
		},
		{
			"from": [9.4773, -9.29702, 2.63743],
			"to": [10.7273, -7.04702, 4.13743],
			"rotation": {"angle": -45, "axis": "x", "origin": [8.2273, -7.40363, 4.82371]},
			"faces": {
				"north": {"uv": [5.125, 0.5625, 4.8125, 1.125], "texture": "#0"},
				"east": {"uv": [4.8125, 0.5625, 4.4375, 1.125], "texture": "#0"},
				"south": {"uv": [5.125, 0.5625, 4.8125, 1.125], "texture": "#0"},
				"west": {"uv": [4.8125, 0.5625, 4.4375, 1.125], "texture": "#0"},
				"up": {"uv": [5.3125, 0.375, 5.625, 0], "rotation": 180, "texture": "#0"},
				"down": {"uv": [5.3125, 0.375, 5.625, 0], "rotation": 180, "texture": "#0"}
			}
		},
		{
			"from": [9.6023, -8.59343, 3.22031],
			"to": [10.6023, -6.59343, 4.47031],
			"rotation": {"angle": 0, "axis": "y", "origin": [8.2273, -7.40363, 4.82371]},
			"faces": {
				"north": {"uv": [5.6875, 0.375, 5.4375, 0.875], "texture": "#0"},
				"east": {"uv": [5.4375, 0.375, 5.125, 0.875], "texture": "#0"},
				"south": {"uv": [5.6875, 0.375, 5.4375, 0.875], "rotation": 180, "texture": "#0"},
				"west": {"uv": [5.4375, 0.875, 5.125, 0.375], "rotation": 180, "texture": "#0"},
				"up": {"uv": [5.125, 1.1875, 5.375, 0.875], "rotation": 180, "texture": "#0"},
				"down": {"uv": [5.125, 1.1875, 5.375, 0.875], "texture": "#0"}
			}
		},
		{
			"from": [9.8523, -6.77782, 4.32648],
			"to": [10.3523, -5.77782, 6.07648],
			"rotation": {"angle": -45, "axis": "x", "origin": [8.2273, -7.40363, 4.82371]},
			"faces": {
				"north": {"uv": [5.8125, 0.4375, 5.6875, 0.6875], "texture": "#0"},
				"east": {"uv": [5.6875, 0.4375, 5.9375, 0], "rotation": 90, "texture": "#0"},
				"south": {"uv": [5.8125, 0.4375, 5.6875, 0.6875], "texture": "#0"},
				"west": {"uv": [5.6875, 0, 5.9375, 0.4375], "rotation": 90, "texture": "#0"},
				"up": {"uv": [5.9375, 0.4375, 6.0625, 0], "texture": "#0"},
				"down": {"uv": [5.9375, 0.4375, 6.0625, 0], "texture": "#0"}
			}
		},
		{
			"from": [10.2273, -7.49874, 3.77142],
			"to": [10.2273, -4.99874, 8.77142],
			"rotation": {"angle": 0, "axis": "y", "origin": [8.2273, -7.40363, 4.82371]},
			"faces": {
				"north": {"uv": [0, 0, 0, 4], "rotation": 180, "texture": "#missing"},
				"east": {"uv": [6.0625, 1.25, 6.6875, 0], "rotation": 270, "texture": "#0"},
				"south": {"uv": [0, 0, 0, 4], "texture": "#missing"},
				"west": {"uv": [6.6875, 1.25, 6.0625, 0], "rotation": 90, "texture": "#0"},
				"up": {"uv": [0, 9, 0, 0], "rotation": 180, "texture": "#missing"},
				"down": {"uv": [0, 9, 0, 0], "texture": "#missing"}
			}
		},
		{
			"from": [4.7273, -8.68291, 4.87502],
			"to": [11.2273, -6.93291, 6.62502],
			"rotation": {"angle": 0, "axis": "y", "origin": [8.2273, -2.43291, 8.37502]},
			"faces": {
				"north": {"uv": [6.5, 9.8125, 4.875, 10.25], "texture": "#0"},
				"east": {"uv": [6.25, 10.25, 5.8125, 10.6875], "texture": "#0"},
				"south": {"uv": [6.5, 9.8125, 4.875, 10.25], "texture": "#0"},
				"west": {"uv": [6.25, 10.25, 5.8125, 10.6875], "texture": "#0"},
				"up": {"uv": [4.875, 9.8125, 6.5, 9.375], "texture": "#0"},
				"down": {"uv": [4.875, 9.8125, 6.5, 9.375], "texture": "#0"}
			}
		},
		{
			"from": [3.1023, -12.78291, 5.00002],
			"to": [5.3523, -11.53291, 6.75002],
			"rotation": {"angle": -22.5, "axis": "z", "origin": [4.9773, -12.40791, 5.37502]},
			"faces": {
				"north": {"uv": [3.25, 0.5625, 3.5625, 0], "rotation": 90, "texture": "#0"},
				"east": {"uv": [3.875, 0, 4.1875, 0.4375], "rotation": 270, "texture": "#0"},
				"south": {"uv": [3.25, 0, 3.5625, 0.5625], "rotation": 90, "texture": "#0"},
				"west": {"uv": [3.5625, 0, 3.875, 0.4375], "rotation": 270, "texture": "#0"},
				"up": {"uv": [2.8125, 0.5625, 3.25, 0], "rotation": 270, "texture": "#0"},
				"down": {"uv": [4.1875, 0.5625, 4.625, 0], "rotation": 90, "texture": "#0"}
			}
		},
		{
			"from": [4.3523, -11.58291, 5.25002],
			"to": [5.1023, -10.33291, 6.50002],
			"rotation": {"angle": 0, "axis": "y", "origin": [4.7273, -11.70791, 6.17502]},
			"faces": {
				"north": {"uv": [4.6875, 1.1875, 4.875, 1.5], "texture": "#0"},
				"east": {"uv": [4.6875, 1.1875, 4.375, 1.5], "texture": "#0"},
				"south": {"uv": [4.875, 1.1875, 5.0625, 1.5], "texture": "#0"},
				"west": {"uv": [4.6875, 1.1875, 4.375, 1.5], "texture": "#0"},
				"up": {"uv": [4.6875, 1.5, 4.375, 1.6875], "rotation": 90, "texture": "#0"},
				"down": {"uv": [4.6875, 1.5, 4.375, 1.6875], "rotation": 90, "texture": "#0"}
			}
		},
		{
			"from": [4.1023, -10.83291, 5.50002],
			"to": [5.3523, -9.58291, 6.25002],
			"rotation": {"angle": 0, "axis": "y", "origin": [4.7273, -10.20791, 5.92502]},
			"faces": {
				"north": {"uv": [4.6875, 1.1875, 4.375, 1.5], "texture": "#0"},
				"east": {"uv": [4.6875, 1.1875, 4.875, 1.5], "texture": "#0"},
				"south": {"uv": [4.6875, 1.1875, 4.375, 1.5], "texture": "#0"},
				"west": {"uv": [4.875, 1.1875, 5.0625, 1.5], "texture": "#0"},
				"up": {"uv": [4.375, 1.6875, 4.6875, 1.5], "texture": "#0"},
				"down": {"uv": [4.375, 1.6875, 4.6875, 1.5], "rotation": 180, "texture": "#0"}
			}
		},
		{
			"from": [4.3523, -10.08291, 5.25002],
			"to": [5.1023, -8.83291, 6.50002],
			"rotation": {"angle": 0, "axis": "y", "origin": [4.7273, -10.20791, 6.17502]},
			"faces": {
				"north": {"uv": [4.6875, 1.1875, 4.875, 1.5], "texture": "#0"},
				"east": {"uv": [4.6875, 1.1875, 4.375, 1.5], "texture": "#0"},
				"south": {"uv": [4.875, 1.1875, 5.0625, 1.5], "texture": "#0"},
				"west": {"uv": [4.6875, 1.1875, 4.375, 1.5], "texture": "#0"},
				"up": {"uv": [4.6875, 1.5, 4.375, 1.6875], "rotation": 90, "texture": "#0"},
				"down": {"uv": [4.6875, 1.5, 4.375, 1.6875], "rotation": 90, "texture": "#0"}
			}
		},
		{
			"from": [4.1023, -9.33291, 5.50002],
			"to": [5.3523, -8.08291, 6.25002],
			"rotation": {"angle": 0, "axis": "y", "origin": [4.7273, -8.70791, 5.92502]},
			"faces": {
				"north": {"uv": [4.6875, 1.1875, 4.375, 1.5], "texture": "#0"},
				"east": {"uv": [4.6875, 1.1875, 4.875, 1.5], "texture": "#0"},
				"south": {"uv": [4.6875, 1.1875, 4.375, 1.5], "texture": "#0"},
				"west": {"uv": [4.875, 1.1875, 5.0625, 1.5], "texture": "#0"},
				"up": {"uv": [4.375, 1.6875, 4.6875, 1.5], "texture": "#0"},
				"down": {"uv": [4.375, 1.6875, 4.6875, 1.5], "rotation": 180, "texture": "#0"}
			}
		},
		{
			"from": [10.6023, -9.33291, 5.50002],
			"to": [11.8523, -8.08291, 6.25002],
			"rotation": {"angle": 0, "axis": "y", "origin": [11.2273, -8.70791, 5.92502]},
			"faces": {
				"north": {"uv": [4.375, 1.1875, 4.6875, 1.5], "texture": "#0"},
				"east": {"uv": [5.0625, 1.1875, 4.875, 1.5], "texture": "#0"},
				"south": {"uv": [4.375, 1.1875, 4.6875, 1.5], "texture": "#0"},
				"west": {"uv": [4.875, 1.1875, 4.6875, 1.5], "texture": "#0"},
				"up": {"uv": [4.6875, 1.6875, 4.375, 1.5], "texture": "#0"},
				"down": {"uv": [4.6875, 1.6875, 4.375, 1.5], "rotation": 180, "texture": "#0"}
			}
		},
		{
			"from": [10.8523, -10.08291, 5.25002],
			"to": [11.6023, -8.83291, 6.50002],
			"rotation": {"angle": 0, "axis": "y", "origin": [11.2273, -10.20791, 6.17502]},
			"faces": {
				"north": {"uv": [4.875, 1.1875, 4.6875, 1.5], "texture": "#0"},
				"east": {"uv": [4.375, 1.1875, 4.6875, 1.5], "texture": "#0"},
				"south": {"uv": [5.0625, 1.1875, 4.875, 1.5], "texture": "#0"},
				"west": {"uv": [4.375, 1.1875, 4.6875, 1.5], "texture": "#0"},
				"up": {"uv": [4.6875, 1.6875, 4.375, 1.5], "rotation": 90, "texture": "#0"},
				"down": {"uv": [4.6875, 1.6875, 4.375, 1.5], "rotation": 90, "texture": "#0"}
			}
		},
		{
			"from": [10.6023, -10.83291, 5.50002],
			"to": [11.8523, -9.58291, 6.25002],
			"rotation": {"angle": 0, "axis": "y", "origin": [11.2273, -10.20791, 5.92502]},
			"faces": {
				"north": {"uv": [4.375, 1.1875, 4.6875, 1.5], "texture": "#0"},
				"east": {"uv": [5.0625, 1.1875, 4.875, 1.5], "texture": "#0"},
				"south": {"uv": [4.375, 1.1875, 4.6875, 1.5], "texture": "#0"},
				"west": {"uv": [4.875, 1.1875, 4.6875, 1.5], "texture": "#0"},
				"up": {"uv": [4.6875, 1.6875, 4.375, 1.5], "texture": "#0"},
				"down": {"uv": [4.6875, 1.6875, 4.375, 1.5], "rotation": 180, "texture": "#0"}
			}
		},
		{
			"from": [10.6023, -12.33291, 5.50002],
			"to": [11.8523, -11.08291, 6.25002],
			"rotation": {"angle": 0, "axis": "y", "origin": [11.2273, -11.70791, 5.92502]},
			"faces": {
				"north": {"uv": [4.375, 1.1875, 4.6875, 1.5], "texture": "#0"},
				"east": {"uv": [5.0625, 1.1875, 4.875, 1.5], "texture": "#0"},
				"south": {"uv": [4.375, 1.1875, 4.6875, 1.5], "texture": "#0"},
				"west": {"uv": [4.875, 1.1875, 4.6875, 1.5], "texture": "#0"},
				"up": {"uv": [4.6875, 1.6875, 4.375, 1.5], "texture": "#0"},
				"down": {"uv": [4.6875, 1.6875, 4.375, 1.5], "rotation": 180, "texture": "#0"}
			}
		},
		{
			"from": [10.8523, -11.58291, 5.25002],
			"to": [11.6023, -10.33291, 6.50002],
			"rotation": {"angle": 0, "axis": "y", "origin": [11.2273, -11.70791, 6.17502]},
			"faces": {
				"north": {"uv": [4.875, 1.1875, 4.6875, 1.5], "texture": "#0"},
				"east": {"uv": [4.375, 1.1875, 4.6875, 1.5], "texture": "#0"},
				"south": {"uv": [5.0625, 1.1875, 4.875, 1.5], "texture": "#0"},
				"west": {"uv": [4.375, 1.1875, 4.6875, 1.5], "texture": "#0"},
				"up": {"uv": [4.6875, 1.6875, 4.375, 1.5], "rotation": 90, "texture": "#0"},
				"down": {"uv": [4.6875, 1.6875, 4.375, 1.5], "rotation": 90, "texture": "#0"}
			}
		},
		{
			"from": [10.8523, -13.08291, 5.25002],
			"to": [11.6023, -11.83291, 6.50002],
			"rotation": {"angle": 0, "axis": "y", "origin": [11.2273, -13.20791, 6.17502]},
			"faces": {
				"north": {"uv": [4.875, 1.1875, 4.6875, 1.5], "texture": "#0"},
				"east": {"uv": [4.375, 1.1875, 4.6875, 1.5], "texture": "#0"},
				"south": {"uv": [5.0625, 1.1875, 4.875, 1.5], "texture": "#0"},
				"west": {"uv": [4.375, 1.1875, 4.6875, 1.5], "texture": "#0"},
				"up": {"uv": [4.6875, 1.6875, 4.375, 1.5], "rotation": 90, "texture": "#0"},
				"down": {"uv": [4.6875, 1.6875, 4.375, 1.5], "rotation": 90, "texture": "#0"}
			}
		},
		{
			"from": [5.4273, -15.18291, 2.12502],
			"to": [5.4273, -12.68291, 5.62502],
			"rotation": {"angle": 45, "axis": "y", "origin": [5.4273, -15.18291, 3.37502]},
			"faces": {
				"north": {"uv": [0, 3, 0, 0], "rotation": 180, "texture": "#3"},
				"east": {"uv": [12, 0, 2, 14], "rotation": 90, "texture": "#3"},
				"south": {"uv": [0, 0, 0, 3], "texture": "#3"},
				"west": {"uv": [12, 14, 2, 0], "rotation": 90, "texture": "#3"},
				"up": {"uv": [0, 3.5, 0, 0], "rotation": 180, "texture": "#3"},
				"down": {"uv": [0, 3.5, 0, 0], "texture": "#3"}
			}
		},
		{
			"from": [10.5273, -15.18291, 2.12502],
			"to": [10.5273, -12.68291, 5.62502],
			"rotation": {"angle": -45, "axis": "y", "origin": [10.5273, -15.18291, 3.37502]},
			"faces": {
				"north": {"uv": [0, 3, 0, 0], "rotation": 180, "texture": "#3"},
				"east": {"uv": [12, 0, 2, 14], "rotation": 90, "texture": "#3"},
				"south": {"uv": [0, 0, 0, 3], "texture": "#3"},
				"west": {"uv": [12, 14, 2, 0], "rotation": 90, "texture": "#3"},
				"up": {"uv": [0, 3.5, 0, 0], "rotation": 180, "texture": "#3"},
				"down": {"uv": [0, 3.5, 0, 0], "texture": "#3"}
			}
		},
		{
			"from": [10.6023, -15.18291, 5.12502],
			"to": [11.3523, -13.78291, 6.62502],
			"rotation": {"angle": 0, "axis": "y", "origin": [10.9773, -13.40791, 5.27502]},
			"faces": {
				"north": {"uv": [2.8125, 0.5625, 3, 0.9125], "texture": "#0"},
				"east": {"uv": [3.375, 0.5625, 3.75, 0.9125], "texture": "#0"},
				"south": {"uv": [3, 0.5625, 2.8125, 0.9125], "texture": "#0"},
				"west": {"uv": [3, 0.5625, 3.375, 0.9125], "texture": "#0"},
				"up": {"uv": [3.75, 0.9375, 3.9375, 0.5625], "rotation": 180, "texture": "#0"},
				"down": {"uv": [3.75, 0.9375, 3.9375, 0.5625], "texture": "#0"}
			}
		},
		{
			"from": [10.8523, -15.03291, 5.25002],
			"to": [12.1023, -13.78291, 6.50002],
			"rotation": {"angle": 22.5, "axis": "z", "origin": [11.7273, -13.75791, 5.62502]},
			"faces": {
				"north": {"uv": [2.9375, 0.9375, 2.625, 1.25], "texture": "#0"},
				"east": {"uv": [3.25, 0.9375, 3.5625, 1.25], "texture": "#0"},
				"south": {"uv": [2.9375, 0.9375, 2.625, 1.25], "texture": "#0"},
				"west": {"uv": [3.25, 0.9375, 3.5625, 1.25], "texture": "#0"},
				"up": {"uv": [2.9375, 1.25, 3.25, 0.9375], "rotation": 180, "texture": "#0"},
				"down": {"uv": [2.9375, 1.25, 3.25, 0.9375], "texture": "#0"}
			}
		},
		{
			"from": [8.1023, -14.03291, 4.75002],
			"to": [9.3523, -12.78291, 6.00002],
			"rotation": {"angle": 0, "axis": "y", "origin": [8.9773, -12.75791, 5.12502]},
			"faces": {
				"north": {"uv": [2.9375, 0.9375, 2.625, 1.25], "texture": "#0"},
				"east": {"uv": [3.25, 0.9375, 3.5625, 1.25], "texture": "#0"},
				"south": {"uv": [2.9375, 0.9375, 2.625, 1.25], "texture": "#0"},
				"west": {"uv": [3.25, 0.9375, 3.5625, 1.25], "texture": "#0"},
				"up": {"uv": [2.9375, 1.25, 3.25, 0.9375], "rotation": 180, "texture": "#0"},
				"down": {"uv": [2.9375, 1.25, 3.25, 0.9375], "texture": "#0"}
			}
		},
		{
			"from": [7.1023, -13.78291, 5.25002],
			"to": [8.3523, -12.53291, 6.50002],
			"rotation": {"angle": 0, "axis": "y", "origin": [7.9773, -12.50791, 5.62502]},
			"faces": {
				"north": {"uv": [2.9375, 0.9375, 2.625, 1.25], "texture": "#0"},
				"east": {"uv": [3.25, 0.9375, 3.5625, 1.25], "texture": "#0"},
				"south": {"uv": [2.9375, 0.9375, 2.625, 1.25], "texture": "#0"},
				"west": {"uv": [3.25, 0.9375, 3.5625, 1.25], "texture": "#0"},
				"up": {"uv": [2.9375, 1.25, 3.25, 0.9375], "rotation": 180, "texture": "#0"},
				"down": {"uv": [2.9375, 1.25, 3.25, 0.9375], "texture": "#0"}
			}
		},
		{
			"from": [6.8523, -14.28291, 4.65002],
			"to": [7.8523, -13.28291, 5.90002],
			"rotation": {"angle": 0, "axis": "y", "origin": [7.4773, -13.00791, 5.02502]},
			"faces": {
				"north": {"uv": [2.9375, 0.9375, 2.625, 1.25], "texture": "#0"},
				"east": {"uv": [3.25, 0.9375, 3.5625, 1.25], "texture": "#0"},
				"south": {"uv": [2.9375, 0.9375, 2.625, 1.25], "texture": "#0"},
				"west": {"uv": [3.25, 0.9375, 3.5625, 1.25], "texture": "#0"},
				"up": {"uv": [2.9375, 1.25, 3.25, 0.9375], "rotation": 180, "texture": "#0"},
				"down": {"uv": [2.9375, 1.25, 3.25, 0.9375], "texture": "#0"}
			}
		},
		{
			"from": [10.6023, -13.78291, 5.00002],
			"to": [12.8523, -12.53291, 6.75002],
			"rotation": {"angle": -22.5, "axis": "z", "origin": [10.9773, -13.40791, 5.37502]},
			"faces": {
				"north": {"uv": [3.25, 0, 3.5625, 0.5625], "rotation": 90, "texture": "#0"},
				"east": {"uv": [3.5625, 0.4375, 3.875, 0], "rotation": 270, "texture": "#0"},
				"south": {"uv": [3.25, 0.5625, 3.5625, 0], "rotation": 90, "texture": "#0"},
				"west": {"uv": [3.875, 0.4375, 4.1875, 0], "rotation": 270, "texture": "#0"},
				"up": {"uv": [2.8125, 0, 3.25, 0.5625], "rotation": 270, "texture": "#0"},
				"down": {"uv": [4.1875, 0, 4.625, 0.5625], "rotation": 90, "texture": "#0"}
			}
		},
		{
			"from": [3.4523, -12.78291, 5.12502],
			"to": [4.8523, -12.03291, 6.62502],
			"rotation": {"angle": 22.5, "axis": "z", "origin": [5.2273, -12.40791, 5.27502]},
			"faces": {
				"north": {"uv": [3, 0.5625, 2.8125, 0.9125], "rotation": 270, "texture": "#0"},
				"east": {"uv": [3.75, 0.5625, 3.9375, 0.9375], "rotation": 90, "texture": "#0"},
				"south": {"uv": [2.8125, 0.5625, 3, 0.9125], "rotation": 90, "texture": "#0"},
				"west": {"uv": [3.75, 0.5625, 3.9375, 0.9375], "rotation": 270, "texture": "#0"},
				"up": {"uv": [3.375, 0.9125, 3.75, 0.5625], "rotation": 270, "texture": "#0"},
				"down": {"uv": [3, 0.9125, 3.375, 0.5625], "rotation": 270, "texture": "#0"}
			}
		}
	],
	"gui_light": "front",
	"display": {
		"thirdperson_righthand": {
			"rotation": [55, 0, 0],
			"translation": [0, 2, 1.75],
			"scale": [0.4, 0.4, 0.4]
		},
		"thirdperson_lefthand": {
			"rotation": [74, 180, 0],
			"translation": [-5.75, -7.25, 8.75]
		},
		"firstperson_righthand": {
			"rotation": [0, 134, 0],
			"translation": [10, -4, -17.5]
		},
		"firstperson_lefthand": {
			"scale": [0, 0, 0]
		},
		"ground": {
			"rotation": [80, 0, 0],
			"translation": [0, 0.5, -1.25],
			"scale": [0.6, 0.6, 0.6]
		},
		"gui": {
			"rotation": [15, 152, 0],
			"translation": [0.5, -1, 0],
			"scale": [0.71133, 0.71133, 0.71133]
		},
		"head": {
			"rotation": [6, 180, 0],
			"translation": [0, -49.75, 7],
			"scale": [3.2, 3.2, 3.2]
		},
		"fixed": {
			"translation": [0, 1.5, -2],
			"scale": [1.5, 1.5, 1.5]
		}
	}
}