{
	"credit": "Made with Blockbench",
	"texture_size": [128, 128],
	"textures": {
		"0": "elitecreatures:archdemon_animated/archdemon_texture",
		"2": "elitecreatures:archdemon_animated/archdemon_animation1",
		"3": "elitecreatures:archdemon_animated/archdemon_animation2",
		"4": "elitecreatures:archdemon_animated/archdemon_animation3",
		"particle": "elitecreatures:archdemon_animated/archdemon_texture"
	},
	"elements": [
		{
			"from": [7.25, -4, 8.25],
			"to": [8.75, -1.5, 10.75],
			"rotation": {"angle": -45, "axis": "x", "origin": [8, -4.25, 9]},
			"faces": {
				"north": {"uv": [5.0625, 1.1875, 4.875, 1.5], "texture": "#0"},
				"east": {"uv": [4.375, 1.1875, 4.6875, 1.5], "texture": "#0"},
				"south": {"uv": [4.875, 1.1875, 4.6875, 1.5], "texture": "#0"},
				"west": {"uv": [4.375, 1.1875, 4.6875, 1.5], "texture": "#0"},
				"up": {"uv": [4.375, 1.5, 4.6875, 1.6875], "rotation": 90, "texture": "#0"},
				"down": {"uv": [4.375, 1.5, 4.6875, 1.6875], "rotation": 90, "texture": "#0"}
			}
		},
		{
			"from": [7.25, -10, 7.85],
			"to": [8.75, -7.5, 10.35],
			"rotation": {"angle": 22.5, "axis": "x", "origin": [8, -8.75, 9.1]},
			"faces": {
				"north": {"uv": [5.0625, 1.1875, 4.875, 1.5], "texture": "#0"},
				"east": {"uv": [4.375, 1.1875, 4.6875, 1.5], "texture": "#0"},
				"south": {"uv": [4.875, 1.1875, 4.6875, 1.5], "texture": "#0"},
				"west": {"uv": [4.375, 1.1875, 4.6875, 1.5], "texture": "#0"},
				"up": {"uv": [4.375, 1.5, 4.6875, 1.6875], "rotation": 90, "texture": "#0"},
				"down": {"uv": [4.375, 1.5, 4.6875, 1.6875], "rotation": 90, "texture": "#0"}
			}
		},
		{
			"from": [7.25, -12.8, 6.45],
			"to": [8.75, -10.3, 8.95],
			"rotation": {"angle": 45, "axis": "x", "origin": [8, -11.55, 7.7]},
			"faces": {
				"north": {"uv": [5.0625, 1.1875, 4.875, 1.5], "texture": "#0"},
				"east": {"uv": [4.375, 1.1875, 4.6875, 1.5], "texture": "#0"},
				"south": {"uv": [4.875, 1.1875, 4.6875, 1.5], "texture": "#0"},
				"west": {"uv": [4.375, 1.1875, 4.6875, 1.5], "texture": "#0"},
				"up": {"uv": [4.375, 1.5, 4.6875, 1.6875], "rotation": 90, "texture": "#0"},
				"down": {"uv": [4.375, 1.5, 4.6875, 1.6875], "rotation": 90, "texture": "#0"}
			}
		},
		{
			"from": [7.25, -7.1, 8.25],
			"to": [8.75, -4.6, 10.75],
			"rotation": {"angle": 0, "axis": "y", "origin": [8, -7.35, 9]},
			"faces": {
				"north": {"uv": [5.0625, 1.1875, 4.875, 1.5], "texture": "#0"},
				"east": {"uv": [4.375, 1.1875, 4.6875, 1.5], "texture": "#0"},
				"south": {"uv": [4.875, 1.1875, 4.6875, 1.5], "texture": "#0"},
				"west": {"uv": [4.375, 1.1875, 4.6875, 1.5], "texture": "#0"},
				"up": {"uv": [4.375, 1.5, 4.6875, 1.6875], "rotation": 90, "texture": "#0"},
				"down": {"uv": [4.375, 1.5, 4.6875, 1.6875], "rotation": 90, "texture": "#0"}
			}
		},
		{
			"from": [6.75, -5.3, 8.45],
			"to": [9.25, -2.8, 9.95],
			"rotation": {"angle": -22.5, "axis": "x", "origin": [8, -4.05, 9.2]},
			"faces": {
				"north": {"uv": [4.375, 1.1875, 4.6875, 1.5], "texture": "#0"},
				"east": {"uv": [4.875, 1.1875, 4.6875, 1.5], "texture": "#0"},
				"south": {"uv": [4.375, 1.1875, 4.6875, 1.5], "texture": "#0"},
				"west": {"uv": [5.0625, 1.1875, 4.875, 1.5], "texture": "#0"},
				"up": {"uv": [4.375, 1.5, 4.6875, 1.6875], "texture": "#0"},
				"down": {"uv": [4.375, 1.5, 4.6875, 1.6875], "rotation": 180, "texture": "#0"}
			}
		},
		{
			"from": [6.75, -8.5, 8.75],
			"to": [9.25, -6, 10.25],
			"rotation": {"angle": 0, "axis": "y", "origin": [8, -7.25, 9.5]},
			"faces": {
				"north": {"uv": [4.375, 1.1875, 4.6875, 1.5], "texture": "#0"},
				"east": {"uv": [4.875, 1.1875, 4.6875, 1.5], "texture": "#0"},
				"south": {"uv": [4.375, 1.1875, 4.6875, 1.5], "texture": "#0"},
				"west": {"uv": [5.0625, 1.1875, 4.875, 1.5], "texture": "#0"},
				"up": {"uv": [4.375, 1.5, 4.6875, 1.6875], "texture": "#0"},
				"down": {"uv": [4.375, 1.5, 4.6875, 1.6875], "rotation": 180, "texture": "#0"}
			}
		},
		{
			"from": [6.75, -11.5, 7.75],
			"to": [9.25, -9, 9.25],
			"rotation": {"angle": 22.5, "axis": "x", "origin": [8, -10.25, 8.5]},
			"faces": {
				"north": {"uv": [4.375, 1.1875, 4.6875, 1.5], "texture": "#0"},
				"east": {"uv": [4.875, 1.1875, 4.6875, 1.5], "texture": "#0"},
				"south": {"uv": [4.375, 1.1875, 4.6875, 1.5], "texture": "#0"},
				"west": {"uv": [5.0625, 1.1875, 4.875, 1.5], "texture": "#0"},
				"up": {"uv": [4.375, 1.5, 4.6875, 1.6875], "texture": "#0"},
				"down": {"uv": [4.375, 1.5, 4.6875, 1.6875], "rotation": 180, "texture": "#0"}
			}
		},
		{
			"from": [6.75, -15.7, 4.65],
			"to": [9.25, -13.2, 7.15],
			"rotation": {"angle": 22.5, "axis": "x", "origin": [8.5, -13.15, 5.4]},
			"faces": {
				"north": {"uv": [3.5625, 0.9375, 3.25, 1.25], "texture": "#0"},
				"east": {"uv": [2.625, 0.9375, 2.9375, 1.25], "texture": "#0"},
				"south": {"uv": [3.5625, 0.9375, 3.25, 1.25], "texture": "#0"},
				"west": {"uv": [2.625, 0.9375, 2.9375, 1.25], "texture": "#0"},
				"up": {"uv": [2.9375, 0.9375, 3.25, 1.25], "rotation": 90, "texture": "#0"},
				"down": {"uv": [2.9375, 0.9375, 3.25, 1.25], "rotation": 90, "texture": "#0"}
			}
		},
		{
			"from": [6.25, -13.2, 2.45],
			"to": [9.75, -10.7, 6.95],
			"rotation": {"angle": -22.5, "axis": "x", "origin": [9, -12.45, 6.2]},
			"faces": {
				"north": {"uv": [3.5625, 0, 3.875, 0.4375], "rotation": 270, "texture": "#0"},
				"east": {"uv": [3.25, 0.5625, 3.5625, 0], "rotation": 90, "texture": "#0"},
				"south": {"uv": [3.875, 0, 4.1875, 0.4375], "rotation": 270, "texture": "#0"},
				"west": {"uv": [3.25, 0, 3.5625, 0.5625], "rotation": 90, "texture": "#0"},
				"up": {"uv": [3.25, 0, 2.8125, 0.5625], "rotation": 180, "texture": "#0"},
				"down": {"uv": [4.625, 0, 4.1875, 0.5625], "rotation": 180, "texture": "#0"}
			}
		},
		{
			"from": [6.5, -16, 5.45],
			"to": [9.5, -13.2, 6.95],
			"rotation": {"angle": -22.5, "axis": "x", "origin": [9.2, -12.45, 6.2]},
			"faces": {
				"north": {"uv": [3.75, 0.5625, 3.375, 0.9125], "texture": "#0"},
				"east": {"uv": [3, 0.5625, 2.8125, 0.9125], "texture": "#0"},
				"south": {"uv": [3.375, 0.5625, 3, 0.9125], "texture": "#0"},
				"west": {"uv": [2.8125, 0.5625, 3, 0.9125], "texture": "#0"},
				"up": {"uv": [3.75, 0.5625, 3.9375, 0.9375], "rotation": 90, "texture": "#0"},
				"down": {"uv": [3.75, 0.5625, 3.9375, 0.9375], "rotation": 90, "texture": "#0"}
			}
		},
		{
			"from": [6.75, -2, 6.75],
			"to": [9.25, 0.5, 9.25],
			"rotation": {"angle": 45, "axis": "y", "origin": [8, -4.125, 8]},
			"faces": {
				"north": {"uv": [1.25, 3.75, 1.5625, 4.0625], "texture": "#0"},
				"east": {"uv": [1.5625, 3.75, 1.25, 4.0625], "texture": "#0"},
				"south": {"uv": [1.25, 3.75, 1.5625, 4.0625], "texture": "#0"},
				"west": {"uv": [1.5625, 3.75, 1.25, 4.0625], "texture": "#0"},
				"up": {"uv": [0.9375, 3.75, 1.25, 4.0625], "texture": "#0"},
				"down": {"uv": [0.9375, 3.75, 1.25, 4.0625], "texture": "#0"}
			}
		},
		{
			"from": [5.5, -0.5, 6],
			"to": [10.5, 4.5, 11],
			"rotation": {"angle": 45, "axis": "z", "origin": [8, 2, 8.5]},
			"faces": {
				"north": {"uv": [0.6875, 4.25, 1.3125, 4.875], "rotation": 270, "texture": "#0"},
				"east": {"uv": [0.0625, 4.25, 0.6875, 4.875], "rotation": 180, "texture": "#0"},
				"south": {"uv": [0.6875, 4.875, 1.3125, 5.5], "rotation": 90, "texture": "#0"},
				"west": {"uv": [0.0625, 4.25, 0.6875, 4.875], "texture": "#0"},
				"up": {"uv": [0.6875, 4.875, 0.0625, 5.5], "rotation": 90, "texture": "#0"},
				"down": {"uv": [0.0625, 4.875, 0.6875, 4.25], "rotation": 270, "texture": "#0"}
			}
		},
		{
			"from": [7.75, 17.68115, -1.9136],
			"to": [8.25, 24.68115, 7.0864],
			"rotation": {"angle": 22.5, "axis": "x", "origin": [8, 14.67221, 6.92613]},
			"faces": {
				"north": {"uv": [2.8125, 0.875, 2.75, 0], "texture": "#0"},
				"east": {"uv": [1.5, 0.875, 2.625, 0], "texture": "#0"},
				"south": {"uv": [2.8125, 0.875, 2.75, 0], "texture": "#0"},
				"west": {"uv": [2.625, 0.875, 1.5, 0], "texture": "#0"},
				"up": {"uv": [0, 4.625, 0.0625, 3.5], "texture": "#0"},
				"down": {"uv": [0, 4.625, 0.0625, 3.5], "texture": "#0"}
			}
		},
		{
			"from": [6.5, 0.88224, 2.98574],
			"to": [9.5, 3.88224, 7.98574],
			"rotation": {"angle": 22.5, "axis": "x", "origin": [8.5, 3.41894, 2.76153]},
			"faces": {
				"north": {"uv": [2.375, 2.625, 2, 3], "texture": "#0"},
				"east": {"uv": [1.375, 2.625, 2, 3], "texture": "#0"},
				"south": {"uv": [2.375, 2.625, 2, 3], "texture": "#0"},
				"west": {"uv": [2, 2.625, 1.375, 3], "texture": "#0"},
				"up": {"uv": [2.125, 2.625, 2.5, 2], "texture": "#0"},
				"down": {"uv": [2.125, 2.625, 2.5, 2], "texture": "#0"}
			}
		},
		{
			"from": [6.75, 1.47556, 1.13228],
			"to": [9.25, 5.47556, 3.63228],
			"rotation": {"angle": -22.5, "axis": "x", "origin": [8.5, 3.41894, 2.76153]},
			"faces": {
				"north": {"uv": [2.125, 3, 1.8125, 3.5], "texture": "#0"},
				"east": {"uv": [1.5, 3, 1.8125, 3.5], "texture": "#0"},
				"south": {"uv": [2.125, 3, 1.8125, 3.5], "texture": "#0"},
				"west": {"uv": [1.8125, 3, 1.5, 3.5], "texture": "#0"},
				"up": {"uv": [2.125, 3.3125, 2.4375, 3], "texture": "#0"},
				"down": {"uv": [2.125, 3.3125, 2.4375, 3], "texture": "#0"}
			}
		},
		{
			"from": [7, 5.18251, 2.02681],
			"to": [9, 7.68251, 3.52681],
			"rotation": {"angle": -45, "axis": "x", "origin": [8.5, 3.51894, 2.86153]},
			"faces": {
				"north": {"uv": [0.6875, 4.125, 0.9375, 3.8125], "texture": "#0"},
				"east": {"uv": [0.5, 4.125, 0.6875, 3.8125], "texture": "#0"},
				"south": {"uv": [0.6875, 4.125, 0.9375, 3.8125], "texture": "#0"},
				"west": {"uv": [0.6875, 4.125, 0.5, 3.8125], "texture": "#0"},
				"up": {"uv": [2.375, 3.3125, 2.125, 3.5], "texture": "#0"},
				"down": {"uv": [2.375, 3.3125, 2.125, 3.5], "texture": "#0"}
			}
		},
		{
			"from": [6.5, 11.58251, 7.97319],
			"to": [9.5, 16.58251, 10.97319],
			"rotation": {"angle": 0, "axis": "y", "origin": [9, 10.91894, 10.13847]},
			"faces": {
				"north": {"uv": [2.125, 2.625, 1.75, 2], "texture": "#0"},
				"east": {"uv": [1.75, 2.625, 1.375, 2], "texture": "#0"},
				"south": {"uv": [2.125, 2.625, 1.75, 2], "texture": "#0"},
				"west": {"uv": [1.375, 2.625, 1.75, 2], "texture": "#0"}
			}
		},
		{
			"from": [6.25, 6.97556, 8.86772],
			"to": [9.75, 12.47556, 12.36772],
			"rotation": {"angle": -22.5, "axis": "x", "origin": [9, 9.41894, 10.23847]},
			"faces": {
				"north": {"uv": [1.0625, 3.0625, 1.5, 3.75], "texture": "#0"},
				"east": {"uv": [1.0625, 3.0625, 0.625, 3.75], "texture": "#0"},
				"south": {"uv": [1.0625, 3.0625, 1.5, 3.75], "texture": "#0"},
				"west": {"uv": [0.625, 3.0625, 1.0625, 3.75], "texture": "#0"},
				"up": {"uv": [0.0625, 3.8125, 0.5, 4.25], "texture": "#0"},
				"down": {"uv": [0.0625, 3.8125, 0.5, 4.25], "texture": "#0"}
			}
		},
		{
			"from": [6, 3.19474, 9.27517],
			"to": [10, 9.19474, 13.77517],
			"rotation": {"angle": 22.5, "axis": "x", "origin": [9, 9.41894, 10.23847]},
			"faces": {
				"north": {"uv": [0.125, 3.0625, 0.625, 3.8125], "texture": "#0"},
				"east": {"uv": [0.875, 3.0625, 0.125, 2.5], "rotation": 270, "texture": "#0"},
				"south": {"uv": [0.125, 3.0625, 0.625, 3.8125], "texture": "#0"},
				"west": {"uv": [0.875, 2.5, 0.125, 3.0625], "rotation": 270, "texture": "#0"},
				"up": {"uv": [0.875, 2.5, 1.375, 3.0625], "texture": "#0"},
				"down": {"uv": [0.875, 2.5, 1.375, 3.0625], "texture": "#0"}
			}
		},
		{
			"from": [7.5, 8.8, -0.2],
			"to": [8.5, 20.8, 9.8],
			"rotation": {"angle": 0, "axis": "y", "origin": [8, 15.57221, 6.52613]},
			"faces": {
				"north": {"uv": [3.125, 3.8125, 3.25, 2.3125], "texture": "#0"},
				"east": {"uv": [1.375, 2.5, 0.125, 1], "texture": "#0"},
				"south": {"uv": [3.125, 3.8125, 3.25, 2.3125], "texture": "#0"},
				"west": {"uv": [0.125, 2.5, 1.375, 1], "texture": "#0"},
				"up": {"uv": [0, 3.5, 0.125, 2.25], "texture": "#0"},
				"down": {"uv": [0, 3.5, 0.125, 2.25], "texture": "#0"}
			}
		},
		{
			"from": [7.4, 10.75, 4.25],
			"to": [7.4, 14.25, 7.75],
			"rotation": {"angle": -22.5, "axis": "x", "origin": [7.4, 12.5, 6]},
			"faces": {
				"north": {"uv": [0, 0, 0, 7], "rotation": 180, "texture": "#missing"},
				"east": {"uv": [7, 0, 0, 7], "rotation": 270, "texture": "#4"},
				"south": {"uv": [0, 7, 0, 0], "texture": "#missing"},
				"west": {"uv": [0, 0, 7, 7], "rotation": 90, "texture": "#4"},
				"up": {"uv": [0, 0, 0, 7], "rotation": 180, "texture": "#missing"},
				"down": {"uv": [0, 0, 0, 7], "texture": "#missing"}
			}
		},
		{
			"from": [7.4, 19.25, 5.25],
			"to": [7.4, 21.75, 7.75],
			"rotation": {"angle": 45, "axis": "x", "origin": [9.4, 21, 6]},
			"faces": {
				"north": {"uv": [0, 0, 0, 7], "texture": "#missing"},
				"east": {"uv": [7, 0, 0, 7], "texture": "#4"},
				"south": {"uv": [0, 0, 0, 7], "texture": "#missing"},
				"west": {"uv": [0, 0, 7, 7], "texture": "#4"},
				"up": {"uv": [0, 7, 0, 0], "texture": "#missing"},
				"down": {"uv": [0, 0, 0, 7], "texture": "#missing"}
			}
		},
		{
			"from": [7.4, 4.95, 2.95],
			"to": [7.4, 7.45, 5.45],
			"rotation": {"angle": 22.5, "axis": "x", "origin": [9.4, 6.7, 3.7]},
			"faces": {
				"north": {"uv": [0, 0, 0, 7], "texture": "#missing"},
				"east": {"uv": [7, 0, 0, 7], "texture": "#4"},
				"south": {"uv": [0, 0, 0, 7], "texture": "#missing"},
				"west": {"uv": [0, 0, 7, 7], "texture": "#4"},
				"up": {"uv": [0, 7, 0, 0], "texture": "#missing"},
				"down": {"uv": [0, 0, 0, 7], "texture": "#missing"}
			}
		},
		{
			"from": [8.6, 4.95, 2.95],
			"to": [8.6, 7.45, 5.45],
			"rotation": {"angle": 22.5, "axis": "x", "origin": [6.6, 6.7, 3.7]},
			"faces": {
				"north": {"uv": [0, 0, 0, 7], "texture": "#missing"},
				"east": {"uv": [7, 0, 0, 7], "texture": "#4"},
				"south": {"uv": [0, 0, 0, 7], "texture": "#missing"},
				"west": {"uv": [0, 0, 7, 7], "texture": "#4"},
				"up": {"uv": [0, 7, 0, 0], "texture": "#missing"},
				"down": {"uv": [0, 0, 0, 7], "texture": "#missing"}
			}
		},
		{
			"from": [8.6, 19.25, 5.25],
			"to": [8.6, 21.75, 7.75],
			"rotation": {"angle": 45, "axis": "x", "origin": [6.6, 21, 6]},
			"faces": {
				"north": {"uv": [0, 0, 0, 7], "texture": "#missing"},
				"east": {"uv": [7, 0, 0, 7], "texture": "#4"},
				"south": {"uv": [0, 0, 0, 7], "texture": "#missing"},
				"west": {"uv": [0, 0, 7, 7], "texture": "#4"},
				"up": {"uv": [0, 7, 0, 0], "texture": "#missing"},
				"down": {"uv": [0, 0, 0, 7], "texture": "#missing"}
			}
		},
		{
			"from": [8.6, 10.75, 4.25],
			"to": [8.6, 14.25, 7.75],
			"rotation": {"angle": -22.5, "axis": "x", "origin": [8.6, 12.5, 6]},
			"faces": {
				"north": {"uv": [0, 0, 0, 7], "rotation": 180, "texture": "#missing"},
				"east": {"uv": [0, 7, 7, 0], "rotation": 90, "texture": "#4"},
				"south": {"uv": [0, 7, 0, 0], "texture": "#missing"},
				"west": {"uv": [7, 7, 0, 0], "rotation": 270, "texture": "#4"},
				"up": {"uv": [0, 0, 0, 7], "rotation": 180, "texture": "#missing"},
				"down": {"uv": [0, 0, 0, 7], "texture": "#missing"}
			}
		},
		{
			"from": [6.25, -3.53908, 9.90613],
			"to": [9.75, 0.96092, 12.90613],
			"rotation": {"angle": 45, "axis": "x", "origin": [8, 0.31851, 14.39037]},
			"faces": {
				"north": {"uv": [1.3125, 5.3125, 1.875, 4.875], "rotation": 270, "texture": "#0"},
				"east": {"uv": [1.3125, 5.3125, 1.875, 5.6875], "rotation": 270, "texture": "#0"},
				"south": {"uv": [1.3125, 5.3125, 1.875, 4.875], "rotation": 270, "texture": "#0"},
				"west": {"uv": [1.3125, 5.6875, 1.875, 5.3125], "rotation": 270, "texture": "#0"},
				"up": {"uv": [1.5625, 3.9375, 1.9375, 3.5], "rotation": 270, "texture": "#0"},
				"down": {"uv": [1.5625, 3.9375, 1.9375, 3.5], "rotation": 270, "texture": "#0"}
			}
		},
		{
			"from": [6.75, -3.98436, 10.94168],
			"to": [9.25, 0.01564, 14.94168],
			"rotation": {"angle": 22.5, "axis": "x", "origin": [8, 0.31851, 14.39037]},
			"faces": {
				"north": {"uv": [1.9375, 4.5, 2.25, 4], "texture": "#0"},
				"east": {"uv": [1.9375, 3.5, 2.4375, 4], "rotation": 270, "texture": "#0"},
				"south": {"uv": [1.9375, 4.5, 2.25, 4], "texture": "#0"},
				"west": {"uv": [1.9375, 4, 2.4375, 3.5], "rotation": 270, "texture": "#0"},
				"up": {"uv": [2.8125, 3.4375, 3.125, 2.9375], "texture": "#0"},
				"down": {"uv": [2.4375, 4, 2.75, 3.5], "texture": "#0"}
			}
		},
		{
			"from": [8, -16, -2.5],
			"to": [8, -11, 4.5],
			"rotation": {"angle": 0, "axis": "y", "origin": [8, -16, 0]},
			"faces": {
				"north": {"uv": [0, 3, 0, 0], "rotation": 180, "texture": "#3"},
				"east": {"uv": [12, 0, 2, 14], "rotation": 90, "texture": "#3"},
				"south": {"uv": [0, 0, 0, 3], "texture": "#3"},
				"west": {"uv": [12, 14, 2, 0], "rotation": 90, "texture": "#3"},
				"up": {"uv": [0, 0, 0, 3.5], "texture": "#3"},
				"down": {"uv": [0, 0, 0, 3.5], "rotation": 180, "texture": "#3"}
			}
		},
		{
			"from": [7.9, 25, 11.5],
			"to": [7.9, 30, 18.5],
			"rotation": {"angle": 22.5, "axis": "x", "origin": [7.9, 27.5, 15]},
			"faces": {
				"north": {"uv": [0, 3, 0, 0], "texture": "#3"},
				"east": {"uv": [2, 14, 12, 0], "rotation": 90, "texture": "#3"},
				"south": {"uv": [0, 0, 0, 3], "rotation": 180, "texture": "#3"},
				"west": {"uv": [2, 0, 12, 14], "rotation": 90, "texture": "#3"},
				"up": {"uv": [0, 0, 0, 3.5], "rotation": 180, "texture": "#3"},
				"down": {"uv": [0, 0, 0, 3.5], "texture": "#3"}
			}
		},
		{
			"from": [8.1, 25, 11.5],
			"to": [8.1, 30, 18.5],
			"rotation": {"angle": 22.5, "axis": "x", "origin": [8.1, 27.5, 15]},
			"faces": {
				"north": {"uv": [0, 3, 0, 0], "texture": "#3"},
				"east": {"uv": [2, 14, 12, 0], "rotation": 90, "texture": "#3"},
				"south": {"uv": [0, 0, 0, 3], "rotation": 180, "texture": "#3"},
				"west": {"uv": [2, 0, 12, 14], "rotation": 90, "texture": "#3"},
				"up": {"uv": [0, 0, 0, 3.5], "rotation": 180, "texture": "#3"},
				"down": {"uv": [0, 0, 0, 3.5], "texture": "#3"}
			}
		},
		{
			"from": [7, -2.59243, 13.07873],
			"to": [9, 0.40757, 18.07873],
			"rotation": {"angle": -22.5, "axis": "x", "origin": [8, 0.31851, 14.39037]},
			"faces": {
				"north": {"uv": [2.25, 4.375, 2.5, 4], "texture": "#0"},
				"east": {"uv": [2.4375, 2.875, 2.8125, 3.5], "rotation": 270, "texture": "#0"},
				"south": {"uv": [2.25, 4.375, 2.5, 4], "texture": "#0"},
				"west": {"uv": [2.4375, 3.5, 2.8125, 2.875], "rotation": 270, "texture": "#0"},
				"up": {"uv": [2.8125, 2.9375, 3.0625, 2.3125], "texture": "#0"},
				"down": {"uv": [2.75, 2.875, 2.5, 2.25], "texture": "#0"}
			}
		},
		{
			"from": [7.25, 0.51448, 15.53808],
			"to": [8.75, 5.51448, 18.03808],
			"rotation": {"angle": 22.5, "axis": "x", "origin": [8, 0.31851, 14.39037]},
			"faces": {
				"north": {"uv": [2.4375, 5.125, 2.625, 4.5], "rotation": 180, "texture": "#0"},
				"east": {"uv": [2.25, 5.125, 1.9375, 4.5], "rotation": 180, "texture": "#0"},
				"south": {"uv": [2.25, 5.125, 2.4375, 4.5], "rotation": 180, "texture": "#0"},
				"west": {"uv": [1.9375, 5.125, 2.25, 4.5], "rotation": 180, "texture": "#0"},
				"up": {"uv": [1.75, 4.25, 1.9375, 3.9375], "texture": "#0"},
				"down": {"uv": [1.75, 4.25, 1.9375, 3.9375], "texture": "#0"}
			}
		},
		{
			"from": [5.75, 3.97589, 18.51561],
			"to": [7.25, 7.97589, 20.51561],
			"rotation": {"angle": -22.5, "axis": "z", "origin": [6, -0.02779, 17.72613]},
			"faces": {
				"north": {"uv": [2.3125, 5.625, 2.5, 5.125], "rotation": 180, "texture": "#0"},
				"east": {"uv": [2.125, 5.625, 1.875, 5.125], "rotation": 180, "texture": "#0"},
				"south": {"uv": [2.125, 5.625, 2.3125, 5.125], "rotation": 180, "texture": "#0"},
				"west": {"uv": [1.875, 5.625, 2.125, 5.125], "rotation": 180, "texture": "#0"},
				"up": {"uv": [1.5625, 4.1875, 1.75, 3.9375], "texture": "#0"},
				"down": {"uv": [1.5625, 4.1875, 1.75, 3.9375], "texture": "#0"}
			}
		},
		{
			"from": [7.45, 3.86853, -2.46335],
			"to": [8.55, 11.86853, 7.53665],
			"rotation": {"angle": -22.5, "axis": "x", "origin": [8, 15.97221, 6.42613]},
			"faces": {
				"north": {"uv": [1.25, 1, 1.375, 0], "texture": "#0"},
				"east": {"uv": [1.25, 1, 0, 0], "texture": "#0"},
				"south": {"uv": [1.25, 1, 1.375, 0], "texture": "#0"},
				"west": {"uv": [0, 1, 1.25, 0], "texture": "#0"},
				"up": {"uv": [0, 2.25, 0.125, 1], "texture": "#0"},
				"down": {"uv": [0, 2.25, 0.125, 1], "texture": "#0"}
			}
		},
		{
			"from": [8, 18.25334, 12.64482],
			"to": [8, 26.25334, 24.64482],
			"rotation": {"angle": -45, "axis": "x", "origin": [8, 14.57221, 6.42613]},
			"faces": {
				"north": {"uv": [128, 128, 128, 120], "texture": "#missing"},
				"east": {"uv": [6.875, 1.5, 7.875, 0], "rotation": 270, "texture": "#0"},
				"south": {"uv": [128, 128, 128, 120], "texture": "#missing"},
				"west": {"uv": [6.875, 0, 7.875, 1.5], "rotation": 270, "texture": "#0"},
				"up": {"uv": [0, 128, 0, 116], "rotation": 180, "texture": "#missing"},
				"down": {"uv": [128, 128, 128, 116], "rotation": 180, "texture": "#missing"}
			}
		},
		{
			"from": [3, 4.77179, 8.23007],
			"to": [5.5, 9.27179, 11.23007],
			"rotation": {"angle": 0, "axis": "y", "origin": [8, 8.55856, 12.60263]},
			"faces": {
				"north": {"uv": [4.8125, 0.5625, 5.125, 1.125], "texture": "#0"},
				"east": {"uv": [4.4375, 0.5625, 4.8125, 1.125], "texture": "#0"},
				"south": {"uv": [4.8125, 0.5625, 5.125, 1.125], "texture": "#0"},
				"west": {"uv": [4.4375, 0.5625, 4.8125, 1.125], "texture": "#0"},
				"up": {"uv": [5.3125, 0, 5.625, 0.375], "texture": "#0"},
				"down": {"uv": [5.3125, 0, 5.625, 0.375], "texture": "#0"}
			}
		},
		{
			"from": [3.25, 9.26536, 10.22303],
			"to": [5.25, 11.76536, 14.22303],
			"rotation": {"angle": -45, "axis": "x", "origin": [8, 8.55856, 12.60263]},
			"faces": {
				"north": {"uv": [5.125, 0.875, 5.375, 1.1875], "texture": "#0"},
				"east": {"uv": [5.125, 0.875, 5.4375, 0.375], "rotation": 90, "texture": "#0"},
				"south": {"uv": [5.125, 0.875, 5.375, 1.1875], "texture": "#0"},
				"west": {"uv": [5.125, 0.375, 5.4375, 0.875], "rotation": 90, "texture": "#0"},
				"up": {"uv": [5.4375, 0.375, 5.6875, 0.875], "rotation": 180, "texture": "#0"},
				"down": {"uv": [5.4375, 0.375, 5.6875, 0.875], "rotation": 180, "texture": "#0"}
			}
		},
		{
			"from": [3.75, 9.81019, 11.60817],
			"to": [4.75, 11.81019, 15.10817],
			"rotation": {"angle": 0, "axis": "y", "origin": [8, 8.55856, 12.60263]},
			"faces": {
				"north": {"uv": [5.6875, 0.4375, 5.8125, 0.6875], "texture": "#0"},
				"east": {"uv": [5.6875, 0.4375, 5.9375, 0], "rotation": 90, "texture": "#0"},
				"south": {"uv": [5.6875, 0.4375, 5.8125, 0.6875], "texture": "#0"},
				"west": {"uv": [5.6875, 0, 5.9375, 0.4375], "rotation": 90, "texture": "#0"},
				"up": {"uv": [5.9375, 0, 6.0625, 0.4375], "rotation": 180, "texture": "#0"},
				"down": {"uv": [5.9375, 0, 6.0625, 0.4375], "rotation": 180, "texture": "#0"}
			}
		},
		{
			"from": [5.75, 14.3, 7.3],
			"to": [10.25, 19.3, 11.3],
			"rotation": {"angle": -22.5, "axis": "x", "origin": [8.5, 17.25, 7.05]},
			"faces": {
				"north": {"uv": [2.75, 1.75, 3.375, 2.3125], "rotation": 90, "texture": "#0"},
				"east": {"uv": [2.625, 1.25, 3.25, 1.75], "rotation": 90, "texture": "#0"},
				"south": {"uv": [3.375, 1.75, 4, 2.3125], "rotation": 90, "texture": "#0"},
				"west": {"uv": [2.625, 1.25, 3.25, 1.75], "rotation": 90, "texture": "#0"},
				"up": {"uv": [3.25, 1.25, 3.8125, 1.75], "rotation": 180, "texture": "#0"},
				"down": {"uv": [3.8125, 1.25, 4.375, 1.75], "rotation": 180, "texture": "#0"}
			}
		},
		{
			"from": [6.4, 14.5, 7.1],
			"to": [6.4, 17, 9.1],
			"rotation": {"angle": 45, "axis": "x", "origin": [8.6, 16.25, 8.05]},
			"faces": {
				"north": {"uv": [220, 16, 184, 0], "texture": "#missing"},
				"east": {"uv": [5.3125, 0.3125, 5.0625, 0], "texture": "#0"},
				"south": {"uv": [220, 16, 184, 0], "texture": "#missing"},
				"west": {"uv": [5.3125, 0.3125, 5.0625, 0], "texture": "#0"},
				"up": {"uv": [184, 32, 220, 16], "rotation": 180, "texture": "#missing"},
				"down": {"uv": [184, 32, 220, 16], "texture": "#missing"}
			}
		},
		{
			"from": [9.6, 14.5, 7.1],
			"to": [9.6, 17, 9.1],
			"rotation": {"angle": 45, "axis": "x", "origin": [7.4, 16.25, 8.05]},
			"faces": {
				"north": {"uv": [184, 16, 220, 0], "texture": "#missing"},
				"east": {"uv": [5.0625, 0.3125, 5.3125, 0], "texture": "#0"},
				"south": {"uv": [184, 16, 220, 0], "texture": "#missing"},
				"west": {"uv": [5.0625, 0.3125, 5.3125, 0], "texture": "#0"},
				"up": {"uv": [220, 32, 184, 16], "rotation": 180, "texture": "#missing"},
				"down": {"uv": [220, 32, 184, 16], "texture": "#missing"}
			}
		},
		{
			"from": [6.25, 13.5, 5.6],
			"to": [9.75, 15.5, 9.1],
			"rotation": {"angle": 22.5, "axis": "x", "origin": [7.8, 16.25, 7.05]},
			"faces": {
				"north": {"uv": [4.4375, 1.1875, 4, 0.9375], "texture": "#0"},
				"east": {"uv": [4, 1.1875, 3.5625, 0.9375], "texture": "#0"},
				"south": {"uv": [4.4375, 0.9375, 4, 0.6875], "texture": "#0"},
				"west": {"uv": [4, 1.1875, 3.5625, 0.9375], "texture": "#0"},
				"up": {"uv": [4.625, 0.4375, 5.0625, 0], "texture": "#0"},
				"down": {"uv": [4.625, 0.4375, 5.0625, 0], "texture": "#0"}
			}
		},
		{
			"from": [3.75, 1.8, 5.8],
			"to": [8.25, 7.3, 10.3],
			"rotation": {"angle": -22.5, "axis": "x", "origin": [6.5, 5.25, 5.55]},
			"faces": {
				"north": {"uv": [3.25, 2.875, 3.9375, 3.4375], "rotation": 90, "texture": "#0"},
				"east": {"uv": [3.25, 2.3125, 3.9375, 2.875], "rotation": 90, "texture": "#0"},
				"south": {"uv": [3.9375, 2.875, 4.625, 3.4375], "rotation": 90, "texture": "#0"},
				"west": {"uv": [3.25, 2.3125, 3.9375, 2.875], "rotation": 90, "texture": "#0"},
				"up": {"uv": [3.9375, 2.3125, 4.5, 2.875], "rotation": 180, "texture": "#0"},
				"down": {"uv": [4.4375, 2.3125, 5, 2.875], "rotation": 180, "texture": "#0"}
			}
		},
		{
			"from": [3.75, 7.1, 4.8],
			"to": [12.25, 7.1, 6.3],
			"rotation": {"angle": -22.5, "axis": "x", "origin": [6.5, 5.25, 6.05]},
			"faces": {
				"north": {"uv": [3.25, 2.875, 3.25, 3.9375], "rotation": 90, "texture": "#0"},
				"east": {"uv": [3.25, 2.3125, 3.25, 2.5], "rotation": 90, "texture": "#0"},
				"south": {"uv": [3.9375, 2.875, 3.9375, 3.9375], "rotation": 90, "texture": "#0"},
				"west": {"uv": [3.25, 2.3125, 3.25, 2.5], "rotation": 90, "texture": "#0"},
				"up": {"uv": [8.1875, 0, 9.25, 0.1875], "rotation": 180, "texture": "#0"},
				"down": {"uv": [8.1875, 0.1875, 9.25, 0], "rotation": 180, "texture": "#0"}
			}
		},
		{
			"from": [5.75, 19.1, 6.5],
			"to": [10.25, 19.1, 8],
			"rotation": {"angle": -22.5, "axis": "x", "origin": [6.5, 17.25, 7.75]},
			"faces": {
				"north": {"uv": [3.25, 2.875, 3.25, 3.4375], "rotation": 90, "texture": "#0"},
				"east": {"uv": [3.25, 2.3125, 3.25, 2.5], "rotation": 90, "texture": "#0"},
				"south": {"uv": [3.9375, 2.875, 3.9375, 3.4375], "rotation": 90, "texture": "#0"},
				"west": {"uv": [3.25, 2.3125, 3.25, 2.5], "rotation": 90, "texture": "#0"},
				"up": {"uv": [8.4375, 0.1875, 9, 0], "rotation": 180, "texture": "#0"},
				"down": {"uv": [8.4375, 0, 9, 0.1875], "rotation": 180, "texture": "#0"}
			}
		},
		{
			"from": [4.5, 2.7, 4],
			"to": [11.5, 4.2, 4],
			"rotation": {"angle": 22.5, "axis": "x", "origin": [6.2, 3.95, 5.85]},
			"faces": {
				"north": {"uv": [8.1875, 0.1875, 9.0625, 0], "texture": "#0"},
				"east": {"uv": [3.25, 2.3125, 3.25, 2.5], "rotation": 180, "texture": "#0"},
				"south": {"uv": [8.1875, 0, 9.125, 0.1875], "rotation": 180, "texture": "#0"},
				"west": {"uv": [3.25, 2.3125, 3.25, 2.5], "texture": "#0"},
				"up": {"uv": [3.9375, 2.875, 3.9375, 3.8125], "rotation": 90, "texture": "#0"},
				"down": {"uv": [3.25, 2.875, 3.25, 3.8125], "rotation": 270, "texture": "#0"}
			}
		},
		{
			"from": [4.5, 2.5, 5.6],
			"to": [4.5, 5, 7.6],
			"rotation": {"angle": 45, "axis": "x", "origin": [6.7, 4.25, 6.05]},
			"faces": {
				"north": {"uv": [220, 16, 184, 0], "texture": "#missing"},
				"east": {"uv": [5.3125, 0.3125, 5.0625, 0], "texture": "#0"},
				"south": {"uv": [220, 16, 184, 0], "texture": "#missing"},
				"west": {"uv": [5.3125, 0.3125, 5.0625, 0], "texture": "#0"},
				"up": {"uv": [184, 32, 220, 16], "rotation": 180, "texture": "#missing"},
				"down": {"uv": [184, 32, 220, 16], "texture": "#missing"}
			}
		},
		{
			"from": [4.25, 1, 3.6],
			"to": [7.75, 3.5, 7.6],
			"rotation": {"angle": 22.5, "axis": "x", "origin": [5.8, 4.25, 5.05]},
			"faces": {
				"north": {"uv": [5.0625, 3.1875, 4.625, 2.875], "texture": "#0"},
				"east": {"uv": [4.5, 2.0625, 4, 1.75], "texture": "#0"},
				"south": {"uv": [5.0625, 3.5, 4.625, 3.1875], "texture": "#0"},
				"west": {"uv": [4.5, 2.0625, 4, 1.75], "texture": "#0"},
				"up": {"uv": [4.9375, 2.1875, 5.375, 1.6875], "texture": "#0"},
				"down": {"uv": [4.5, 2.1875, 4.9375, 1.6875], "texture": "#0"}
			}
		},
		{
			"from": [7.75, 1.8, 5.8],
			"to": [12.25, 7.3, 10.3],
			"rotation": {"angle": -22.5, "axis": "x", "origin": [9.5, 5.25, 5.55]},
			"faces": {
				"north": {"uv": [3.25, 3.4375, 3.9375, 2.875], "rotation": 90, "texture": "#0"},
				"east": {"uv": [3.25, 2.875, 3.9375, 2.3125], "rotation": 90, "texture": "#0"},
				"south": {"uv": [3.9375, 3.4375, 4.625, 2.875], "rotation": 90, "texture": "#0"},
				"west": {"uv": [3.25, 2.875, 3.9375, 2.3125], "rotation": 90, "texture": "#0"},
				"up": {"uv": [4.5, 2.3125, 3.9375, 2.875], "rotation": 180, "texture": "#0"},
				"down": {"uv": [5, 2.3125, 4.4375, 2.875], "rotation": 180, "texture": "#0"}
			}
		},
		{
			"from": [11.5, 2.5, 5.6],
			"to": [11.5, 5, 7.6],
			"rotation": {"angle": 45, "axis": "x", "origin": [9.3, 4.25, 6.05]},
			"faces": {
				"north": {"uv": [184, 16, 220, 0], "texture": "#missing"},
				"east": {"uv": [5.0625, 0.3125, 5.3125, 0], "texture": "#0"},
				"south": {"uv": [184, 16, 220, 0], "texture": "#missing"},
				"west": {"uv": [5.0625, 0.3125, 5.3125, 0], "texture": "#0"},
				"up": {"uv": [220, 32, 184, 16], "rotation": 180, "texture": "#missing"},
				"down": {"uv": [220, 32, 184, 16], "texture": "#missing"}
			}
		},
		{
			"from": [8.25, 1, 3.6],
			"to": [11.75, 3.5, 7.6],
			"rotation": {"angle": 22.5, "axis": "x", "origin": [10.2, 4.25, 5.05]},
			"faces": {
				"north": {"uv": [4.625, 3.1875, 5.0625, 2.875], "texture": "#0"},
				"east": {"uv": [4, 2.0625, 4.5, 1.75], "texture": "#0"},
				"south": {"uv": [4.625, 3.5, 5.0625, 3.1875], "texture": "#0"},
				"west": {"uv": [4, 2.0625, 4.5, 1.75], "texture": "#0"},
				"up": {"uv": [5.375, 2.1875, 4.9375, 1.6875], "texture": "#0"},
				"down": {"uv": [4.9375, 2.1875, 4.5, 1.6875], "texture": "#0"}
			}
		},
		{
			"from": [10.5, 4.77179, 8.23007],
			"to": [13, 9.27179, 11.23007],
			"rotation": {"angle": 0, "axis": "y", "origin": [8, 8.55856, 12.60263]},
			"faces": {
				"north": {"uv": [5.125, 0.5625, 4.8125, 1.125], "texture": "#0"},
				"east": {"uv": [4.8125, 0.5625, 4.4375, 1.125], "texture": "#0"},
				"south": {"uv": [5.125, 0.5625, 4.8125, 1.125], "texture": "#0"},
				"west": {"uv": [4.8125, 0.5625, 4.4375, 1.125], "texture": "#0"},
				"up": {"uv": [5.625, 0, 5.3125, 0.375], "texture": "#0"},
				"down": {"uv": [5.625, 0, 5.3125, 0.375], "texture": "#0"}
			}
		},
		{
			"from": [10.75, 9.26536, 10.22303],
			"to": [12.75, 11.76536, 14.22303],
			"rotation": {"angle": -45, "axis": "x", "origin": [8, 8.55856, 12.60263]},
			"faces": {
				"north": {"uv": [5.375, 0.875, 5.125, 1.1875], "texture": "#0"},
				"east": {"uv": [5.125, 0.875, 5.4375, 0.375], "rotation": 90, "texture": "#0"},
				"south": {"uv": [5.375, 0.875, 5.125, 1.1875], "texture": "#0"},
				"west": {"uv": [5.125, 0.875, 5.4375, 0.375], "rotation": 90, "texture": "#0"},
				"up": {"uv": [5.6875, 0.375, 5.4375, 0.875], "rotation": 180, "texture": "#0"},
				"down": {"uv": [5.6875, 0.375, 5.4375, 0.875], "rotation": 180, "texture": "#0"}
			}
		},
		{
			"from": [11.25, 9.81019, 11.60817],
			"to": [12.25, 11.81019, 15.10817],
			"rotation": {"angle": 0, "axis": "y", "origin": [8, 8.55856, 12.60263]},
			"faces": {
				"north": {"uv": [5.8125, 0.4375, 5.6875, 0.6875], "texture": "#0"},
				"east": {"uv": [5.6875, 0.4375, 5.9375, 0], "rotation": 90, "texture": "#0"},
				"south": {"uv": [5.8125, 0.4375, 5.6875, 0.6875], "texture": "#0"},
				"west": {"uv": [5.6875, 0.4375, 5.9375, 0], "rotation": 90, "texture": "#0"},
				"up": {"uv": [6.0625, 0, 5.9375, 0.4375], "rotation": 180, "texture": "#0"},
				"down": {"uv": [6.0625, 0, 5.9375, 0.4375], "rotation": 180, "texture": "#0"}
			}
		},
		{
			"from": [12, 0.66314, 12.41242],
			"to": [12, 10.66314, 17.41242],
			"rotation": {"angle": -45, "axis": "x", "origin": [8, 8.55856, 12.60263]},
			"faces": {
				"north": {"uv": [0, 0, 0, 9], "texture": "#missing"},
				"east": {"uv": [6.6875, 0, 6.0625, 1.25], "texture": "#0"},
				"south": {"uv": [0, 0, 0, 9], "texture": "#missing"},
				"west": {"uv": [6.0625, 0, 6.6875, 1.25], "texture": "#0"},
				"up": {"uv": [0, 0, 0, 4], "texture": "#missing"},
				"down": {"uv": [0, 0, 0, 4], "texture": "#missing"}
			}
		},
		{
			"from": [4, 0.66314, 12.41242],
			"to": [4, 10.66314, 17.41242],
			"rotation": {"angle": -45, "axis": "x", "origin": [8, 8.55856, 12.60263]},
			"faces": {
				"north": {"uv": [0, 0, 0, 9], "texture": "#missing"},
				"east": {"uv": [6.6875, 0, 6.0625, 1.25], "texture": "#0"},
				"south": {"uv": [0, 0, 0, 9], "texture": "#missing"},
				"west": {"uv": [6.0625, 0, 6.6875, 1.25], "texture": "#0"},
				"up": {"uv": [0, 0, 0, 4], "texture": "#missing"},
				"down": {"uv": [0, 0, 0, 4], "texture": "#missing"}
			}
		},
		{
			"from": [9, 7, 15.3],
			"to": [9, 15, 26.3],
			"rotation": {"angle": -22.5, "axis": "x", "origin": [9, 11, 21.8]},
			"faces": {
				"north": {"uv": [0, 0, 0, 8], "texture": "#missing"},
				"east": {"uv": [7, 1.5625, 5.625, 2.5625], "texture": "#0"},
				"south": {"uv": [0, 0, 0, 8], "texture": "#missing"},
				"west": {"uv": [5.625, 1.5625, 7, 2.5625], "texture": "#0"},
				"up": {"uv": [0, 0, 0, 10], "texture": "#missing"},
				"down": {"uv": [0, 0, 0, 10], "texture": "#missing"}
			}
		},
		{
			"from": [8, 12.5, 9.5],
			"to": [8, 17.5, 16.5],
			"rotation": {"angle": 0, "axis": "y", "origin": [6, 13.5, 17.5]},
			"faces": {
				"north": {"uv": [0, 0, 0, 5], "texture": "#missing"},
				"east": {"uv": [8, 1.625, 7.125, 2.25], "texture": "#0"},
				"south": {"uv": [0, 0, 0, 5], "texture": "#missing"},
				"west": {"uv": [7.125, 1.625, 8, 2.25], "texture": "#0"},
				"up": {"uv": [0, 0, 0, 10], "texture": "#missing"},
				"down": {"uv": [0, 0, 0, 10], "texture": "#missing"}
			}
		},
		{
			"from": [8, 10.5, 11.5],
			"to": [8, 15.5, 18.5],
			"rotation": {"angle": -22.5, "axis": "x", "origin": [6, 11.5, 19.5]},
			"faces": {
				"north": {"uv": [0, 0, 0, 5], "texture": "#missing"},
				"east": {"uv": [8, 1.625, 7.125, 2.25], "texture": "#0"},
				"south": {"uv": [0, 0, 0, 5], "texture": "#missing"},
				"west": {"uv": [7.125, 1.625, 8, 2.25], "texture": "#0"},
				"up": {"uv": [0, 0, 0, 10], "texture": "#missing"},
				"down": {"uv": [0, 0, 0, 10], "texture": "#missing"}
			}
		},
		{
			"from": [8, 4, -5.8],
			"to": [8, 9, 1.2],
			"rotation": {"angle": 0, "axis": "y", "origin": [6, 5, -6.8]},
			"faces": {
				"north": {"uv": [0, 0, 0, 5], "texture": "#missing"},
				"east": {"uv": [7.125, 1.625, 8, 2.25], "texture": "#0"},
				"south": {"uv": [0, 0, 0, 5], "texture": "#missing"},
				"west": {"uv": [8, 1.625, 7.125, 2.25], "texture": "#0"},
				"up": {"uv": [0, 10, 0, 0], "texture": "#missing"},
				"down": {"uv": [0, 10, 0, 0], "texture": "#missing"}
			}
		},
		{
			"from": [8, -2, -2.8],
			"to": [8, 3, 4.2],
			"rotation": {"angle": -22.5, "axis": "x", "origin": [6, -1, -3.8]},
			"faces": {
				"north": {"uv": [0, 0, 0, 5], "texture": "#missing"},
				"east": {"uv": [7.125, 1.625, 8, 2.25], "texture": "#0"},
				"south": {"uv": [0, 0, 0, 5], "texture": "#missing"},
				"west": {"uv": [8, 1.625, 7.125, 2.25], "texture": "#0"},
				"up": {"uv": [0, 10, 0, 0], "texture": "#missing"},
				"down": {"uv": [0, 10, 0, 0], "texture": "#missing"}
			}
		},
		{
			"from": [8, -9, 10.5],
			"to": [8, -2, 15.5],
			"rotation": {"angle": 0, "axis": "y", "origin": [6, -10, 11.5]},
			"faces": {
				"north": {"uv": [0, 0, 0, 10], "rotation": 180, "texture": "#missing"},
				"east": {"uv": [8, 1.625, 7.125, 2.25], "rotation": 270, "texture": "#0"},
				"south": {"uv": [0, 0, 0, 10], "texture": "#missing"},
				"west": {"uv": [7.125, 1.625, 8, 2.25], "rotation": 90, "texture": "#0"},
				"up": {"uv": [0, 0, 0, 5], "rotation": 180, "texture": "#missing"},
				"down": {"uv": [0, 0, 0, 5], "texture": "#missing"}
			}
		},
		{
			"from": [8, 0.5, 12.5],
			"to": [8, 7.5, 17.5],
			"rotation": {"angle": -45, "axis": "x", "origin": [8, 4, 15]},
			"faces": {
				"north": {"uv": [0, 10, 0, 0], "rotation": 180, "texture": "#missing"},
				"east": {"uv": [7.125, 1.625, 8, 2.25], "rotation": 270, "texture": "#0"},
				"south": {"uv": [0, 10, 0, 0], "texture": "#missing"},
				"west": {"uv": [8, 1.625, 7.125, 2.25], "rotation": 90, "texture": "#0"},
				"up": {"uv": [0, 5, 0, 0], "texture": "#missing"},
				"down": {"uv": [0, 5, 0, 0], "rotation": 180, "texture": "#missing"}
			}
		},
		{
			"from": [8, -13, 1],
			"to": [8, -9.5, 7],
			"rotation": {"angle": 22.5, "axis": "x", "origin": [6, -12, 7]},
			"faces": {
				"north": {"uv": [0, 0, 0, 3.5], "rotation": 180, "texture": "#missing"},
				"east": {"uv": [5.4375, 1.6875, 5.875, 0.9375], "rotation": 270, "texture": "#0"},
				"south": {"uv": [0, 0, 0, 3.5], "texture": "#missing"},
				"west": {"uv": [5.4375, 0.9375, 5.875, 1.6875], "rotation": 270, "texture": "#0"},
				"up": {"uv": [0, 0, 0, 6], "texture": "#missing"},
				"down": {"uv": [0, 0, 0, 6], "rotation": 180, "texture": "#missing"}
			}
		},
		{
			"from": [8, -14, 7],
			"to": [8, -10.5, 13],
			"rotation": {"angle": 22.5, "axis": "x", "origin": [6, -13, 7]},
			"faces": {
				"north": {"uv": [0, 0, 0, 3.5], "texture": "#missing"},
				"east": {"uv": [5.875, 0.9375, 5.4375, 1.6875], "rotation": 270, "texture": "#0"},
				"south": {"uv": [0, 0, 0, 3.5], "rotation": 180, "texture": "#missing"},
				"west": {"uv": [5.875, 1.6875, 5.4375, 0.9375], "rotation": 270, "texture": "#0"},
				"up": {"uv": [0, 6, 0, 0], "texture": "#missing"},
				"down": {"uv": [0, 6, 0, 0], "rotation": 180, "texture": "#missing"}
			}
		},
		{
			"from": [7.5, 11, 10.5],
			"to": [7.5, 20, 20.5],
			"rotation": {"angle": -22.5, "axis": "x", "origin": [7.5, 12, 14.5]},
			"faces": {
				"north": {"uv": [0, 0, 0, 14], "texture": "#missing"},
				"east": {"uv": [10, 5.5, 0, 14.5], "texture": "#2"},
				"south": {"uv": [0, 0, 0, 14], "texture": "#missing"},
				"west": {"uv": [0, 5.5, 10, 14.5], "texture": "#2"},
				"up": {"uv": [0, 10, 0, 0], "texture": "#missing"},
				"down": {"uv": [0, 0, 0, 10], "texture": "#missing"}
			}
		},
		{
			"from": [7.8, 5, -8.5],
			"to": [7.8, 14, 1.5],
			"rotation": {"angle": 0, "axis": "y", "origin": [7.8, 6, -2.5]},
			"faces": {
				"north": {"uv": [0, 0, 0, 14], "texture": "#missing"},
				"east": {"uv": [0, 5.5, 10, 14.5], "texture": "#2"},
				"south": {"uv": [0, 0, 0, 14], "texture": "#missing"},
				"west": {"uv": [10, 5.5, 0, 14.5], "texture": "#2"},
				"up": {"uv": [0, 0, 0, 10], "texture": "#missing"},
				"down": {"uv": [0, 10, 0, 0], "texture": "#missing"}
			}
		}
	],
	"gui_light": "front",
	"display": {
		"thirdperson_righthand": {
			"translation": [0, 6, 1.25],
			"scale": [0.6, 0.6, 0.6]
		},
		"thirdperson_lefthand": {
			"translation": [0, 6, 1.25],
			"scale": [0.6, 0.6, 0.6]
		},
		"firstperson_righthand": {
			"rotation": [0, 16, 0],
			"translation": [6, 1.25, -5.5],
			"scale": [0.6, 0.6, 0.6]
		},
		"firstperson_lefthand": {
			"rotation": [0, 16, 0],
			"translation": [6, 1.25, -5.5],
			"scale": [0.6, 0.6, 0.6]
		},
		"ground": {
			"rotation": [0, 0, 88],
			"translation": [-2, 2.5, 0.25],
			"scale": [0.45, 0.45, 0.45]
		},
		"gui": {
			"rotation": [-90, -135, -90],
			"translation": [-0.25, -0.5, -1.5],
			"scale": [0.45, 0.45, 0.45]
		},
		"head": {
			"rotation": [90, -156, 90],
			"translation": [-6.5, 10.5, 1.75],
			"scale": [0.6, 0.6, 0.6]
		},
		"fixed": {
			"rotation": [-90, -90, -90],
			"translation": [0, 2.75, -1.75],
			"scale": [1.2, 1.2, 1.2]
		}
	}
}