{"credit":"154759 / 06141JZEDLUJG30","texture_size":[64,64],"textures":{"3":"workshop_six:medieval_tavern_furniture/tavern_shelf"},"elements":[{"from":[-16,-2,3],"to":[32,0,16],"rotation":{"angle":0,"axis":"y","origin":[-1,-2,0]},"faces":{"north":{"uv":[0,6.5,12,7],"texture":"#3"},"east":{"uv":[8,7.5,11.25,8],"texture":"#3"},"south":{"uv":[0,7,12,7.5],"texture":"#3"},"west":{"uv":[8,8,11.25,8.5],"texture":"#3"},"up":{"uv":[12,3.25,0,0],"texture":"#3"},"down":{"uv":[12,3.25,0,6.5],"texture":"#3"}}},{"from":[-13,-14,15],"to":[-9,-2,16],"rotation":{"angle":0,"axis":"y","origin":[-11.5,-4,14]},"faces":{"north":{"uv":[0,7.5,1,10.5],"texture":"#3"},"east":{"uv":[8.5,9.75,8.75,12.75],"texture":"#3"},"south":{"uv":[1,7.5,2,10.5],"texture":"#3"},"west":{"uv":[8.75,9.75,9,12.75],"texture":"#3"},"up":{"uv":[8.5,11.25,7.5,11],"texture":"#3"},"down":{"uv":[12,8.5,11,8.75],"texture":"#3"}}},{"from":[-12,-11,7.55],"to":[-10,-8,19.55],"rotation":{"angle":45,"axis":"x","origin":[-12,-4,16.55]},"faces":{"north":{"uv":[6.5,11,7,11.75],"texture":"#3"},"east":{"uv":[2,7.5,5,8.25],"texture":"#3"},"south":{"uv":[7,11,7.5,11.75],"texture":"#3"},"west":{"uv":[5,7.5,8,8.25],"texture":"#3"},"up":{"uv":[2.5,11.25,2,8.25],"texture":"#3"},"down":{"uv":[3,8.25,2.5,11.25],"texture":"#3"}}},{"from":[-12,-11,19.55],"to":[-10,-9,20.55],"rotation":{"angle":45,"axis":"x","origin":[-12,-4,16.55]},"faces":{"north":{"uv":[10,9.25,10.5,9.75],"texture":"#3"},"east":{"uv":[4,10.25,4.25,10.75],"texture":"#3"},"south":{"uv":[11,8.75,11.5,9.25],"texture":"#3"},"west":{"uv":[7.5,10.25,7.75,10.75],"texture":"#3"},"up":{"uv":[7,9.5,6.5,9.25],"texture":"#3"},"down":{"uv":[6.25,11.75,5.75,12],"texture":"#3"}}},{"from":[-12,-11,20.55],"to":[-10,-10,21.55],"rotation":{"angle":45,"axis":"x","origin":[-12,-4,16.55]},"faces":{"north":{"uv":[6.25,11.75,6.75,12],"texture":"#3"},"east":{"uv":[7.75,8.25,8,8.5],"texture":"#3"},"south":{"uv":[6.75,11.75,7.25,12],"texture":"#3"},"west":{"uv":[7.5,10.75,7.75,11],"texture":"#3"},"up":{"uv":[7.75,12,7.25,11.75],"texture":"#3"},"down":{"uv":[12.25,7.5,11.75,7.75],"texture":"#3"}}},{"from":[-12,-11,6.55],"to":[-10,-9,7.55],"rotation":{"angle":45,"axis":"x","origin":[-12,-4,16.55]},"faces":{"north":{"uv":[0,11.25,0.5,11.75],"texture":"#3"},"east":{"uv":[1.75,10.5,2,11],"texture":"#3"},"south":{"uv":[0.5,11.25,1,11.75],"texture":"#3"},"west":{"uv":[4.75,10.75,5,11.25],"texture":"#3"},"up":{"uv":[8.25,12,7.75,11.75],"texture":"#3"},"down":{"uv":[12.25,7.75,11.75,8],"texture":"#3"}}},{"from":[25,-14,15],"to":[29,-2,16],"rotation":{"angle":0,"axis":"y","origin":[27,-6.65165,10.44492]},"faces":{"north":{"uv":[0,7.5,1,10.5],"texture":"#3"},"east":{"uv":[8.5,9.75,8.75,12.75],"texture":"#3"},"south":{"uv":[1,7.5,2,10.5],"texture":"#3"},"west":{"uv":[8.75,9.75,9,12.75],"texture":"#3"},"up":{"uv":[8.5,11.25,7.5,11],"texture":"#3"},"down":{"uv":[12,8.5,11,8.75],"texture":"#3"}}},{"from":[26,-7.60113,3.94544],"to":[28,-4.60113,15.94544],"rotation":{"angle":45,"axis":"x","origin":[27,-6.65165,10.64492]},"faces":{"north":{"uv":[6.5,11,7,11.75],"texture":"#3"},"east":{"uv":[2,7.5,5,8.25],"texture":"#3"},"south":{"uv":[7,11,7.5,11.75],"texture":"#3"},"west":{"uv":[5,7.5,8,8.25],"texture":"#3"},"up":{"uv":[2.5,11.25,2,8.25],"texture":"#3"},"down":{"uv":[3,8.25,2.5,11.25],"texture":"#3"}}},{"from":[26,-7.60113,15.94544],"to":[28,-5.60113,16.94544],"rotation":{"angle":45,"axis":"x","origin":[27,-6.65165,10.64492]},"faces":{"north":{"uv":[10,9.25,10.5,9.75],"texture":"#3"},"east":{"uv":[4,10.25,4.25,10.75],"texture":"#3"},"south":{"uv":[11,8.75,11.5,9.25],"texture":"#3"},"west":{"uv":[7.5,10.25,7.75,10.75],"texture":"#3"},"up":{"uv":[7,9.5,6.5,9.25],"texture":"#3"},"down":{"uv":[6.25,11.75,5.75,12],"texture":"#3"}}},{"from":[26,-7.60113,16.94544],"to":[28,-6.60113,17.94544],"rotation":{"angle":45,"axis":"x","origin":[27,-6.65165,10.64492]},"faces":{"north":{"uv":[6.25,11.75,6.75,12],"texture":"#3"},"east":{"uv":[7.75,8.25,8,8.5],"texture":"#3"},"south":{"uv":[6.75,11.75,7.25,12],"texture":"#3"},"west":{"uv":[7.5,10.75,7.75,11],"texture":"#3"},"up":{"uv":[7.75,12,7.25,11.75],"texture":"#3"},"down":{"uv":[12.25,7.5,11.75,7.75],"texture":"#3"}}},{"from":[26,-7.60113,2.94544],"to":[28,-5.60113,3.94544],"rotation":{"angle":45,"axis":"x","origin":[27,-6.65165,10.64492]},"faces":{"north":{"uv":[0,11.25,0.5,11.75],"texture":"#3"},"east":{"uv":[1.75,10.5,2,11],"texture":"#3"},"south":{"uv":[0.5,11.25,1,11.75],"texture":"#3"},"west":{"uv":[4.75,10.75,5,11.25],"texture":"#3"},"up":{"uv":[8.25,12,7.75,11.75],"texture":"#3"},"down":{"uv":[12.25,7.75,11.75,8],"texture":"#3"}}},{"from":[6,-14,15.05508],"to":[10,-2,16.05508],"rotation":{"angle":0,"axis":"y","origin":[8,-6.65165,10.5]},"faces":{"north":{"uv":[0,7.5,1,10.5],"texture":"#3"},"east":{"uv":[8.5,9.75,8.75,12.75],"texture":"#3"},"south":{"uv":[1,7.5,2,10.5],"texture":"#3"},"west":{"uv":[8.75,9.75,9,12.75],"texture":"#3"},"up":{"uv":[8.5,11.25,7.5,11],"texture":"#3"},"down":{"uv":[12,8.5,11,8.75],"texture":"#3"}}},{"from":[7,-7.60113,4.00052],"to":[9,-4.60113,16.00052],"rotation":{"angle":45,"axis":"x","origin":[8,-6.65165,10.7]},"faces":{"north":{"uv":[6.5,11,7,11.75],"texture":"#3"},"east":{"uv":[2,7.5,5,8.25],"texture":"#3"},"south":{"uv":[7,11,7.5,11.75],"texture":"#3"},"west":{"uv":[5,7.5,8,8.25],"texture":"#3"},"up":{"uv":[2.5,11.25,2,8.25],"texture":"#3"},"down":{"uv":[3,8.25,2.5,11.25],"texture":"#3"}}},{"from":[7,-7.60113,16.00052],"to":[9,-5.60113,17.00052],"rotation":{"angle":45,"axis":"x","origin":[8,-6.65165,10.7]},"faces":{"north":{"uv":[10,9.25,10.5,9.75],"texture":"#3"},"east":{"uv":[4,10.25,4.25,10.75],"texture":"#3"},"south":{"uv":[11,8.75,11.5,9.25],"texture":"#3"},"west":{"uv":[7.5,10.25,7.75,10.75],"texture":"#3"},"up":{"uv":[7,9.5,6.5,9.25],"texture":"#3"},"down":{"uv":[6.25,11.75,5.75,12],"texture":"#3"}}},{"from":[7,-7.60113,17.00052],"to":[9,-6.60113,18.00052],"rotation":{"angle":45,"axis":"x","origin":[8,-6.65165,10.7]},"faces":{"north":{"uv":[6.25,11.75,6.75,12],"texture":"#3"},"east":{"uv":[7.75,8.25,8,8.5],"texture":"#3"},"south":{"uv":[6.75,11.75,7.25,12],"texture":"#3"},"west":{"uv":[7.5,10.75,7.75,11],"texture":"#3"},"up":{"uv":[7.75,12,7.25,11.75],"texture":"#3"},"down":{"uv":[12.25,7.5,11.75,7.75],"texture":"#3"}}},{"from":[7,-7.60113,3.00052],"to":[9,-5.60113,4.00052],"rotation":{"angle":45,"axis":"x","origin":[8,-6.65165,10.7]},"faces":{"north":{"uv":[0,11.25,0.5,11.75],"texture":"#3"},"east":{"uv":[1.75,10.5,2,11],"texture":"#3"},"south":{"uv":[0.5,11.25,1,11.75],"texture":"#3"},"west":{"uv":[4.75,10.75,5,11.25],"texture":"#3"},"up":{"uv":[8.25,12,7.75,11.75],"texture":"#3"},"down":{"uv":[12.25,7.75,11.75,8],"texture":"#3"}}},{"from":[16.36575,0,5.33045],"to":[19.36575,5,8.33045],"rotation":{"angle":0,"axis":"y","origin":[17.86575,4.625,6.03045]},"faces":{"north":{"uv":[7,8.25,7.75,9.5],"texture":"#3"},"east":{"uv":[7.75,8.5,8.5,9.75],"texture":"#3"},"south":{"uv":[8.5,8.5,9.25,9.75],"texture":"#3"},"west":{"uv":[5,9.25,5.75,10.5],"texture":"#3"},"up":{"uv":[1.75,11.25,1,10.5],"texture":"#3"},"down":{"uv":[5.75,10.5,5,11.25],"texture":"#3"}}},{"from":[16.86575,5,5.83045],"to":[18.86575,7,7.83045],"rotation":{"angle":0,"axis":"y","origin":[17.86575,4.625,6.03045]},"faces":{"north":{"uv":[1,11.25,1.5,11.75],"texture":"#3"},"east":{"uv":[1.5,11.25,2,11.75],"texture":"#3"},"south":{"uv":[2,11.25,2.5,11.75],"texture":"#3"},"west":{"uv":[2.5,11.25,3,11.75],"texture":"#3"},"up":{"uv":[5.25,11.75,4.75,11.25],"texture":"#3"},"down":{"uv":[5.75,11.25,5.25,11.75],"texture":"#3"}}},{"from":[16.76575,6.25,5.73045],"to":[18.96575,7.25,7.93045],"rotation":{"angle":0,"axis":"y","origin":[17.86575,4.625,6.03045]},"faces":{"north":{"uv":[11.75,8,12.25,8.25],"texture":"#3"},"east":{"uv":[11.75,8.25,12.25,8.5],"texture":"#3"},"south":{"uv":[11.75,9.25,12.25,9.5],"texture":"#3"},"west":{"uv":[11.75,9.5,12.25,9.75],"texture":"#3"},"up":{"uv":[6.25,11.75,5.75,11.25],"texture":"#3"},"down":{"uv":[8,11.25,7.5,11.75],"texture":"#3"}}},{"from":[16.61575,1,5.23045],"to":[19.11575,4,5.23045],"rotation":{"angle":0,"axis":"y","origin":[17.86575,4.625,6.03045]},"faces":{"north":{"uv":[5.75,10.5,6.5,11.25],"texture":"#3"},"east":{"uv":[0,0,0,0.75],"texture":"#3"},"south":{"uv":[10.5,9.25,11.25,10],"texture":"#3"},"west":{"uv":[0,0,0,0.75],"texture":"#3"},"up":{"uv":[0.75,0,0,0],"texture":"#3"},"down":{"uv":[0.75,0,0,0],"texture":"#3"}}},{"from":[10.86575,0,9.33045],"to":[14.86575,4,12.33045],"rotation":{"angle":22.5,"axis":"y","origin":[11.86575,0,9.33045]},"faces":{"north":{"uv":[5,8.25,6,9.25],"texture":"#3"},"east":{"uv":[9,9.75,9.75,10.75],"texture":"#3"},"south":{"uv":[6,8.25,7,9.25],"texture":"#3"},"west":{"uv":[9.75,9.75,10.5,10.75],"texture":"#3"},"up":{"uv":[11,9.25,10,8.5],"texture":"#3"},"down":{"uv":[4,10.25,3,11],"texture":"#3"}}},{"from":[11.96575,4,9.83045],"to":[13.96575,6,11.83045],"rotation":{"angle":22.5,"axis":"y","origin":[10.86575,4,9.83045]},"faces":{"north":{"uv":[11.25,7.5,11.75,8],"texture":"#3"},"east":{"uv":[8,11.25,8.5,11.75],"texture":"#3"},"south":{"uv":[11.25,8,11.75,8.5],"texture":"#3"},"west":{"uv":[11.25,9.25,11.75,9.75],"texture":"#3"},"up":{"uv":[11.75,10.25,11.25,9.75],"texture":"#3"},"down":{"uv":[11.75,10.25,11.25,10.75],"texture":"#3"}}},{"from":[11.86575,5.25,9.73045],"to":[14.06575,6.25,11.93045],"rotation":{"angle":22.5,"axis":"y","origin":[10.86575,4.25,9.83045]},"faces":{"north":{"uv":[11.75,9.75,12.25,10],"texture":"#3"},"east":{"uv":[11.75,10,12.25,10.25],"texture":"#3"},"south":{"uv":[11.75,10.25,12.25,10.5],"texture":"#3"},"west":{"uv":[11.75,10.5,12.25,10.75],"texture":"#3"},"up":{"uv":[11.75,11.25,11.25,10.75],"texture":"#3"},"down":{"uv":[11.75,11.25,11.25,11.75],"texture":"#3"}}},{"from":[11.61575,0.5,9.43045],"to":[14.11575,3.5,9.43045],"rotation":{"angle":22.5,"axis":"y","origin":[11.36575,0.5,9.23045]},"faces":{"north":{"uv":[10.5,10,11.25,10.75],"texture":"#3"},"east":{"uv":[0,0,0,0.75],"texture":"#3"},"south":{"uv":[4,10.75,4.75,11.5],"texture":"#3"},"west":{"uv":[0,0,0,0.75],"texture":"#3"},"up":{"uv":[0.75,0,0,0],"texture":"#3"},"down":{"uv":[0.75,0,0,0],"texture":"#3"}}},{"from":[18.86575,0,11.33045],"to":[22.86575,5,14.33045],"rotation":{"angle":-22.5,"axis":"y","origin":[20.86575,4.625,12.03045]},"faces":{"north":{"uv":[3,8.25,4,9.5],"texture":"#3"},"east":{"uv":[5.75,9.25,6.5,10.5],"texture":"#3"},"south":{"uv":[4,8.25,5,9.5],"texture":"#3"},"west":{"uv":[9.25,8.5,10,9.75],"texture":"#3"},"up":{"uv":[7.5,11,6.5,10.25],"texture":"#3"},"down":{"uv":[1,10.5,0,11.25],"texture":"#3"}}},{"from":[19.86575,5,11.83045],"to":[21.86575,7,13.83045],"rotation":{"angle":-22.5,"axis":"y","origin":[20.86575,4.625,12.03045]},"faces":{"north":{"uv":[3.75,11.5,4.25,12],"texture":"#3"},"east":{"uv":[4.25,11.5,4.75,12],"texture":"#3"},"south":{"uv":[11.5,8.75,12,9.25],"texture":"#3"},"west":{"uv":[9,11.5,9.5,12],"texture":"#3"},"up":{"uv":[10,12,9.5,11.5],"texture":"#3"},"down":{"uv":[10.5,11.5,10,12],"texture":"#3"}}},{"from":[19.76575,6.25,11.73045],"to":[21.96575,7.25,13.93045],"rotation":{"angle":-22.5,"axis":"y","origin":[20.86575,4.625,12.03045]},"faces":{"north":{"uv":[11.75,10.75,12.25,11],"texture":"#3"},"east":{"uv":[11,11.75,11.5,12],"texture":"#3"},"south":{"uv":[11.75,11,12.25,11.25],"texture":"#3"},"west":{"uv":[11.75,11.25,12.25,11.5],"texture":"#3"},"up":{"uv":[11,12,10.5,11.5],"texture":"#3"},"down":{"uv":[0.5,11.75,0,12.25],"texture":"#3"}}},{"from":[19.61575,1,11.23045],"to":[22.11575,4,11.23045],"rotation":{"angle":-22.5,"axis":"y","origin":[20.86575,4.625,12.03045]},"faces":{"north":{"uv":[9,10.75,9.75,11.5],"texture":"#3"},"east":{"uv":[0,0,0,0.75],"texture":"#3"},"south":{"uv":[9.75,10.75,10.5,11.5],"texture":"#3"},"west":{"uv":[0,0,0,0.75],"texture":"#3"},"up":{"uv":[0.75,0,0,0],"texture":"#3"},"down":{"uv":[0.75,0,0,0],"texture":"#3"}}},{"from":[26.61575,1,11.23045],"to":[29.11575,4,11.23045],"rotation":{"angle":22.5,"axis":"y","origin":[27.86575,4.625,12.03045]},"faces":{"north":{"uv":[9,10.75,9.75,11.5],"texture":"#3"},"east":{"uv":[0,0,0,0.75],"texture":"#3"},"south":{"uv":[9.75,10.75,10.5,11.5],"texture":"#3"},"west":{"uv":[0,0,0,0.75],"texture":"#3"},"up":{"uv":[0.75,0,0,0],"texture":"#3"},"down":{"uv":[0.75,0,0,0],"texture":"#3"}}},{"from":[26.76575,6.25,11.73045],"to":[28.96575,7.25,13.93045],"rotation":{"angle":22.5,"axis":"y","origin":[27.86575,4.625,12.03045]},"faces":{"north":{"uv":[11.75,10.75,12.25,11],"texture":"#3"},"east":{"uv":[11,11.75,11.5,12],"texture":"#3"},"south":{"uv":[11.75,11,12.25,11.25],"texture":"#3"},"west":{"uv":[11.75,11.25,12.25,11.5],"texture":"#3"},"up":{"uv":[11,12,10.5,11.5],"texture":"#3"},"down":{"uv":[0.5,11.75,0,12.25],"texture":"#3"}}},{"from":[26.86575,5,11.83045],"to":[28.86575,7,13.83045],"rotation":{"angle":22.5,"axis":"y","origin":[27.86575,4.625,12.03045]},"faces":{"north":{"uv":[3.75,11.5,4.25,12],"texture":"#3"},"east":{"uv":[4.25,11.5,4.75,12],"texture":"#3"},"south":{"uv":[11.5,8.75,12,9.25],"texture":"#3"},"west":{"uv":[9,11.5,9.5,12],"texture":"#3"},"up":{"uv":[10,12,9.5,11.5],"texture":"#3"},"down":{"uv":[10.5,11.5,10,12],"texture":"#3"}}},{"from":[25.86575,0,11.33045],"to":[29.86575,5,14.33045],"rotation":{"angle":22.5,"axis":"y","origin":[27.86575,4.625,12.03045]},"faces":{"north":{"uv":[3,8.25,4,9.5],"texture":"#3"},"east":{"uv":[5.75,9.25,6.5,10.5],"texture":"#3"},"south":{"uv":[4,8.25,5,9.5],"texture":"#3"},"west":{"uv":[9.25,8.5,10,9.75],"texture":"#3"},"up":{"uv":[7.5,11,6.5,10.25],"texture":"#3"},"down":{"uv":[1,10.5,0,11.25],"texture":"#3"}}},{"from":[22.61575,0.5,7.68045],"to":[25.11575,3.5,7.68045],"rotation":{"angle":22.5,"axis":"y","origin":[22.36575,0.5,7.48045]},"faces":{"north":{"uv":[10.5,10,11.25,10.75],"texture":"#3"},"east":{"uv":[0,0,0,0.75],"texture":"#3"},"south":{"uv":[4,10.75,4.75,11.5],"texture":"#3"},"west":{"uv":[0,0,0,0.75],"texture":"#3"},"up":{"uv":[0.75,0,0,0],"texture":"#3"},"down":{"uv":[0.75,0,0,0],"texture":"#3"}}},{"from":[22.86575,5.25,7.98045],"to":[25.06575,6.25,10.18045],"rotation":{"angle":22.5,"axis":"y","origin":[21.86575,4.25,8.08045]},"faces":{"north":{"uv":[11.75,9.75,12.25,10],"texture":"#3"},"east":{"uv":[11.75,10,12.25,10.25],"texture":"#3"},"south":{"uv":[11.75,10.25,12.25,10.5],"texture":"#3"},"west":{"uv":[11.75,10.5,12.25,10.75],"texture":"#3"},"up":{"uv":[11.75,11.25,11.25,10.75],"texture":"#3"},"down":{"uv":[11.75,11.25,11.25,11.75],"texture":"#3"}}},{"from":[22.96575,4,8.08045],"to":[24.96575,6,10.08045],"rotation":{"angle":22.5,"axis":"y","origin":[21.86575,4,8.08045]},"faces":{"north":{"uv":[11.25,7.5,11.75,8],"texture":"#3"},"east":{"uv":[8,11.25,8.5,11.75],"texture":"#3"},"south":{"uv":[11.25,8,11.75,8.5],"texture":"#3"},"west":{"uv":[11.25,9.25,11.75,9.75],"texture":"#3"},"up":{"uv":[11.75,10.25,11.25,9.75],"texture":"#3"},"down":{"uv":[11.75,10.25,11.25,10.75],"texture":"#3"}}},{"from":[21.86575,0,7.58045],"to":[25.86575,4,10.58045],"rotation":{"angle":22.5,"axis":"y","origin":[22.86575,0,7.58045]},"faces":{"north":{"uv":[5,8.25,6,9.25],"texture":"#3"},"east":{"uv":[9,9.75,9.75,10.75],"texture":"#3"},"south":{"uv":[6,8.25,7,9.25],"texture":"#3"},"west":{"uv":[9.75,9.75,10.5,10.75],"texture":"#3"},"up":{"uv":[11,9.25,10,8.5],"texture":"#3"},"down":{"uv":[4,10.25,3,11],"texture":"#3"}}},{"from":[5.5,0.075,7.625],"to":[8.5,3.075,12.625],"rotation":{"angle":0,"axis":"y","origin":[7,2.375,8]},"faces":{"north":{"uv":[10.5,10.75,11.25,11.5],"texture":"#3"},"east":{"uv":[3,9.5,4.25,10.25],"texture":"#3"},"south":{"uv":[3,11,3.75,11.75],"texture":"#3"},"west":{"uv":[6.5,9.5,7.75,10.25],"texture":"#3"},"up":{"uv":[5,10.75,4.25,9.5],"texture":"#3"},"down":{"uv":[8.5,9.75,7.75,11],"texture":"#3"}}},{"from":[6,0.575,5.625],"to":[8,2.575,7.625],"rotation":{"angle":0,"axis":"y","origin":[7,2.375,8]},"faces":{"north":{"uv":[0.5,11.75,1,12.25],"texture":"#3"},"east":{"uv":[1,11.75,1.5,12.25],"texture":"#3"},"south":{"uv":[1.5,11.75,2,12.25],"texture":"#3"},"west":{"uv":[2,11.75,2.5,12.25],"texture":"#3"},"up":{"uv":[3,12.25,2.5,11.75],"texture":"#3"},"down":{"uv":[3.5,11.75,3,12.25],"texture":"#3"}}},{"from":[5.9,0.475,5.375],"to":[8.1,2.675,6.375],"rotation":{"angle":0,"axis":"y","origin":[7,2.375,8]},"faces":{"north":{"uv":[4.75,11.75,5.25,12.25],"texture":"#3"},"east":{"uv":[3.75,11,4,11.5],"texture":"#3"},"south":{"uv":[5.25,11.75,5.75,12.25],"texture":"#3"},"west":{"uv":[6.25,11.25,6.5,11.75],"texture":"#3"},"up":{"uv":[12,12,11.5,11.75],"texture":"#3"},"down":{"uv":[12.25,11.5,11.75,11.75],"texture":"#3"}}},{"from":[1.5,0.075,7.625],"to":[4.5,3.075,12.625],"rotation":{"angle":0,"axis":"y","origin":[3,2.375,8]},"faces":{"north":{"uv":[10.5,10.75,11.25,11.5],"texture":"#3"},"east":{"uv":[3,9.5,4.25,10.25],"texture":"#3"},"south":{"uv":[3,11,3.75,11.75],"texture":"#3"},"west":{"uv":[6.5,9.5,7.75,10.25],"texture":"#3"},"up":{"uv":[5,10.75,4.25,9.5],"texture":"#3"},"down":{"uv":[8.5,9.75,7.75,11],"texture":"#3"}}},{"from":[2,0.575,5.625],"to":[4,2.575,7.625],"rotation":{"angle":0,"axis":"y","origin":[3,2.375,8]},"faces":{"north":{"uv":[0.5,11.75,1,12.25],"texture":"#3"},"east":{"uv":[1,11.75,1.5,12.25],"texture":"#3"},"south":{"uv":[1.5,11.75,2,12.25],"texture":"#3"},"west":{"uv":[2,11.75,2.5,12.25],"texture":"#3"},"up":{"uv":[3,12.25,2.5,11.75],"texture":"#3"},"down":{"uv":[3.5,11.75,3,12.25],"texture":"#3"}}},{"from":[1.9,0.475,5.375],"to":[4.1,2.675,6.375],"rotation":{"angle":0,"axis":"y","origin":[3,2.375,8]},"faces":{"north":{"uv":[4.75,11.75,5.25,12.25],"texture":"#3"},"east":{"uv":[3.75,11,4,11.5],"texture":"#3"},"south":{"uv":[5.25,11.75,5.75,12.25],"texture":"#3"},"west":{"uv":[6.25,11.25,6.5,11.75],"texture":"#3"},"up":{"uv":[12,12,11.5,11.75],"texture":"#3"},"down":{"uv":[12.25,11.5,11.75,11.75],"texture":"#3"}}},{"from":[-2.5,0.075,7.625],"to":[0.5,3.075,12.625],"rotation":{"angle":0,"axis":"y","origin":[-1,2.375,8]},"faces":{"north":{"uv":[10.5,10.75,11.25,11.5],"texture":"#3"},"east":{"uv":[3,9.5,4.25,10.25],"texture":"#3"},"south":{"uv":[3,11,3.75,11.75],"texture":"#3"},"west":{"uv":[6.5,9.5,7.75,10.25],"texture":"#3"},"up":{"uv":[5,10.75,4.25,9.5],"texture":"#3"},"down":{"uv":[8.5,9.75,7.75,11],"texture":"#3"}}},{"from":[-2,0.575,5.625],"to":[0,2.575,7.625],"rotation":{"angle":0,"axis":"y","origin":[-1,2.375,8]},"faces":{"north":{"uv":[0.5,11.75,1,12.25],"texture":"#3"},"east":{"uv":[1,11.75,1.5,12.25],"texture":"#3"},"south":{"uv":[1.5,11.75,2,12.25],"texture":"#3"},"west":{"uv":[2,11.75,2.5,12.25],"texture":"#3"},"up":{"uv":[3,12.25,2.5,11.75],"texture":"#3"},"down":{"uv":[3.5,11.75,3,12.25],"texture":"#3"}}},{"from":[-2.1,0.475,5.375],"to":[0.1,2.675,6.375],"rotation":{"angle":0,"axis":"y","origin":[-1,2.375,8]},"faces":{"north":{"uv":[4.75,11.75,5.25,12.25],"texture":"#3"},"east":{"uv":[3.75,11,4,11.5],"texture":"#3"},"south":{"uv":[5.25,11.75,5.75,12.25],"texture":"#3"},"west":{"uv":[6.25,11.25,6.5,11.75],"texture":"#3"},"up":{"uv":[12,12,11.5,11.75],"texture":"#3"},"down":{"uv":[12.25,11.5,11.75,11.75],"texture":"#3"}}},{"from":[-0.5,3.075,7.625],"to":[2.5,6.075,12.625],"rotation":{"angle":0,"axis":"y","origin":[1,5.375,8]},"faces":{"north":{"uv":[10.5,10.75,11.25,11.5],"texture":"#3"},"east":{"uv":[3,9.5,4.25,10.25],"texture":"#3"},"south":{"uv":[3,11,3.75,11.75],"texture":"#3"},"west":{"uv":[6.5,9.5,7.75,10.25],"texture":"#3"},"up":{"uv":[5,10.75,4.25,9.5],"texture":"#3"},"down":{"uv":[8.5,9.75,7.75,11],"texture":"#3"}}},{"from":[0,3.575,5.625],"to":[2,5.575,7.625],"rotation":{"angle":0,"axis":"y","origin":[1,5.375,8]},"faces":{"north":{"uv":[0.5,11.75,1,12.25],"texture":"#3"},"east":{"uv":[1,11.75,1.5,12.25],"texture":"#3"},"south":{"uv":[1.5,11.75,2,12.25],"texture":"#3"},"west":{"uv":[2,11.75,2.5,12.25],"texture":"#3"},"up":{"uv":[3,12.25,2.5,11.75],"texture":"#3"},"down":{"uv":[3.5,11.75,3,12.25],"texture":"#3"}}},{"from":[-0.1,3.475,5.375],"to":[2.1,5.675,6.375],"rotation":{"angle":0,"axis":"y","origin":[1,5.375,8]},"faces":{"north":{"uv":[4.75,11.75,5.25,12.25],"texture":"#3"},"east":{"uv":[3.75,11,4,11.5],"texture":"#3"},"south":{"uv":[5.25,11.75,5.75,12.25],"texture":"#3"},"west":{"uv":[6.25,11.25,6.5,11.75],"texture":"#3"},"up":{"uv":[12,12,11.5,11.75],"texture":"#3"},"down":{"uv":[12.25,11.5,11.75,11.75],"texture":"#3"}}},{"from":[3.5,3.075,7.625],"to":[6.5,6.075,12.625],"rotation":{"angle":0,"axis":"y","origin":[5,5.375,8]},"faces":{"north":{"uv":[10.5,10.75,11.25,11.5],"texture":"#3"},"east":{"uv":[3,9.5,4.25,10.25],"texture":"#3"},"south":{"uv":[3,11,3.75,11.75],"texture":"#3"},"west":{"uv":[6.5,9.5,7.75,10.25],"texture":"#3"},"up":{"uv":[5,10.75,4.25,9.5],"texture":"#3"},"down":{"uv":[8.5,9.75,7.75,11],"texture":"#3"}}},{"from":[4,3.575,5.625],"to":[6,5.575,7.625],"rotation":{"angle":0,"axis":"y","origin":[5,5.375,8]},"faces":{"north":{"uv":[0.5,11.75,1,12.25],"texture":"#3"},"east":{"uv":[1,11.75,1.5,12.25],"texture":"#3"},"south":{"uv":[1.5,11.75,2,12.25],"texture":"#3"},"west":{"uv":[2,11.75,2.5,12.25],"texture":"#3"},"up":{"uv":[3,12.25,2.5,11.75],"texture":"#3"},"down":{"uv":[3.5,11.75,3,12.25],"texture":"#3"}}},{"from":[3.9,3.475,5.375],"to":[6.1,5.675,6.375],"rotation":{"angle":0,"axis":"y","origin":[5,5.375,8]},"faces":{"north":{"uv":[4.75,11.75,5.25,12.25],"texture":"#3"},"east":{"uv":[3.75,11,4,11.5],"texture":"#3"},"south":{"uv":[5.25,11.75,5.75,12.25],"texture":"#3"},"west":{"uv":[6.25,11.25,6.5,11.75],"texture":"#3"},"up":{"uv":[12,12,11.5,11.75],"texture":"#3"},"down":{"uv":[12.25,11.5,11.75,11.75],"texture":"#3"}}},{"from":[1.5,6.075,7.625],"to":[4.5,9.075,12.625],"rotation":{"angle":0,"axis":"y","origin":[3,8.375,8]},"faces":{"north":{"uv":[10.5,10.75,11.25,11.5],"texture":"#3"},"east":{"uv":[3,9.5,4.25,10.25],"texture":"#3"},"south":{"uv":[3,11,3.75,11.75],"texture":"#3"},"west":{"uv":[6.5,9.5,7.75,10.25],"texture":"#3"},"up":{"uv":[5,10.75,4.25,9.5],"texture":"#3"},"down":{"uv":[8.5,9.75,7.75,11],"texture":"#3"}}},{"from":[2,6.575,5.625],"to":[4,8.575,7.625],"rotation":{"angle":0,"axis":"y","origin":[3,8.375,8]},"faces":{"north":{"uv":[0.5,11.75,1,12.25],"texture":"#3"},"east":{"uv":[1,11.75,1.5,12.25],"texture":"#3"},"south":{"uv":[1.5,11.75,2,12.25],"texture":"#3"},"west":{"uv":[2,11.75,2.5,12.25],"texture":"#3"},"up":{"uv":[3,12.25,2.5,11.75],"texture":"#3"},"down":{"uv":[3.5,11.75,3,12.25],"texture":"#3"}}},{"from":[1.9,6.475,5.375],"to":[4.1,8.675,6.375],"rotation":{"angle":0,"axis":"y","origin":[3,8.375,8]},"faces":{"north":{"uv":[4.75,11.75,5.25,12.25],"texture":"#3"},"east":{"uv":[3.75,11,4,11.5],"texture":"#3"},"south":{"uv":[5.25,11.75,5.75,12.25],"texture":"#3"},"west":{"uv":[6.25,11.25,6.5,11.75],"texture":"#3"},"up":{"uv":[12,12,11.5,11.75],"texture":"#3"},"down":{"uv":[12.25,11.5,11.75,11.75],"texture":"#3"}}},{"from":[-6.5,0.075,7.625],"to":[-3.5,3.075,12.625],"rotation":{"angle":0,"axis":"y","origin":[-5,2.375,8]},"faces":{"north":{"uv":[10.5,10.75,11.25,11.5],"texture":"#3"},"east":{"uv":[3,9.5,4.25,10.25],"texture":"#3"},"south":{"uv":[3,11,3.75,11.75],"texture":"#3"},"west":{"uv":[6.5,9.5,7.75,10.25],"texture":"#3"},"up":{"uv":[5,10.75,4.25,9.5],"texture":"#3"},"down":{"uv":[8.5,9.75,7.75,11],"texture":"#3"}}},{"from":[-6,0.575,5.625],"to":[-4,2.575,7.625],"rotation":{"angle":0,"axis":"y","origin":[-5,2.375,8]},"faces":{"north":{"uv":[0.5,11.75,1,12.25],"texture":"#3"},"east":{"uv":[1,11.75,1.5,12.25],"texture":"#3"},"south":{"uv":[1.5,11.75,2,12.25],"texture":"#3"},"west":{"uv":[2,11.75,2.5,12.25],"texture":"#3"},"up":{"uv":[3,12.25,2.5,11.75],"texture":"#3"},"down":{"uv":[3.5,11.75,3,12.25],"texture":"#3"}}},{"from":[-6.1,0.475,5.375],"to":[-3.9,2.675,6.375],"rotation":{"angle":0,"axis":"y","origin":[-5,2.375,8]},"faces":{"north":{"uv":[4.75,11.75,5.25,12.25],"texture":"#3"},"east":{"uv":[3.75,11,4,11.5],"texture":"#3"},"south":{"uv":[5.25,11.75,5.75,12.25],"texture":"#3"},"west":{"uv":[6.25,11.25,6.5,11.75],"texture":"#3"},"up":{"uv":[12,12,11.5,11.75],"texture":"#3"},"down":{"uv":[12.25,11.5,11.75,11.75],"texture":"#3"}}},{"from":[-10.5,0.075,7.625],"to":[-7.5,3.075,12.625],"rotation":{"angle":0,"axis":"y","origin":[-9,2.375,8]},"faces":{"north":{"uv":[10.5,10.75,11.25,11.5],"texture":"#3"},"east":{"uv":[3,9.5,4.25,10.25],"texture":"#3"},"south":{"uv":[3,11,3.75,11.75],"texture":"#3"},"west":{"uv":[6.5,9.5,7.75,10.25],"texture":"#3"},"up":{"uv":[5,10.75,4.25,9.5],"texture":"#3"},"down":{"uv":[8.5,9.75,7.75,11],"texture":"#3"}}},{"from":[-10,0.575,5.625],"to":[-8,2.575,7.625],"rotation":{"angle":0,"axis":"y","origin":[-9,2.375,8]},"faces":{"north":{"uv":[0.5,11.75,1,12.25],"texture":"#3"},"east":{"uv":[1,11.75,1.5,12.25],"texture":"#3"},"south":{"uv":[1.5,11.75,2,12.25],"texture":"#3"},"west":{"uv":[2,11.75,2.5,12.25],"texture":"#3"},"up":{"uv":[3,12.25,2.5,11.75],"texture":"#3"},"down":{"uv":[3.5,11.75,3,12.25],"texture":"#3"}}},{"from":[-10.1,0.475,5.375],"to":[-7.9,2.675,6.375],"rotation":{"angle":0,"axis":"y","origin":[-9,2.375,8]},"faces":{"north":{"uv":[4.75,11.75,5.25,12.25],"texture":"#3"},"east":{"uv":[3.75,11,4,11.5],"texture":"#3"},"south":{"uv":[5.25,11.75,5.75,12.25],"texture":"#3"},"west":{"uv":[6.25,11.25,6.5,11.75],"texture":"#3"},"up":{"uv":[12,12,11.5,11.75],"texture":"#3"},"down":{"uv":[12.25,11.5,11.75,11.75],"texture":"#3"}}},{"from":[-14.5,0.075,7.625],"to":[-11.5,3.075,12.625],"rotation":{"angle":0,"axis":"y","origin":[-13,2.375,8]},"faces":{"north":{"uv":[10.5,10.75,11.25,11.5],"texture":"#3"},"east":{"uv":[3,9.5,4.25,10.25],"texture":"#3"},"south":{"uv":[3,11,3.75,11.75],"texture":"#3"},"west":{"uv":[6.5,9.5,7.75,10.25],"texture":"#3"},"up":{"uv":[5,10.75,4.25,9.5],"texture":"#3"},"down":{"uv":[8.5,9.75,7.75,11],"texture":"#3"}}},{"from":[-14,0.575,5.625],"to":[-12,2.575,7.625],"rotation":{"angle":0,"axis":"y","origin":[-13,2.375,8]},"faces":{"north":{"uv":[0.5,11.75,1,12.25],"texture":"#3"},"east":{"uv":[1,11.75,1.5,12.25],"texture":"#3"},"south":{"uv":[1.5,11.75,2,12.25],"texture":"#3"},"west":{"uv":[2,11.75,2.5,12.25],"texture":"#3"},"up":{"uv":[3,12.25,2.5,11.75],"texture":"#3"},"down":{"uv":[3.5,11.75,3,12.25],"texture":"#3"}}},{"from":[-14.1,0.475,5.375],"to":[-11.9,2.675,6.375],"rotation":{"angle":0,"axis":"y","origin":[-13,2.375,8]},"faces":{"north":{"uv":[4.75,11.75,5.25,12.25],"texture":"#3"},"east":{"uv":[3.75,11,4,11.5],"texture":"#3"},"south":{"uv":[5.25,11.75,5.75,12.25],"texture":"#3"},"west":{"uv":[6.25,11.25,6.5,11.75],"texture":"#3"},"up":{"uv":[12,12,11.5,11.75],"texture":"#3"},"down":{"uv":[12.25,11.5,11.75,11.75],"texture":"#3"}}},{"from":[-12.5,3.075,7.625],"to":[-9.5,6.075,12.625],"rotation":{"angle":0,"axis":"y","origin":[-11,5.375,8]},"faces":{"north":{"uv":[10.5,10.75,11.25,11.5],"texture":"#3"},"east":{"uv":[3,9.5,4.25,10.25],"texture":"#3"},"south":{"uv":[3,11,3.75,11.75],"texture":"#3"},"west":{"uv":[6.5,9.5,7.75,10.25],"texture":"#3"},"up":{"uv":[5,10.75,4.25,9.5],"texture":"#3"},"down":{"uv":[8.5,9.75,7.75,11],"texture":"#3"}}},{"from":[-12,3.575,5.625],"to":[-10,5.575,7.625],"rotation":{"angle":0,"axis":"y","origin":[-11,5.375,8]},"faces":{"north":{"uv":[0.5,11.75,1,12.25],"texture":"#3"},"east":{"uv":[1,11.75,1.5,12.25],"texture":"#3"},"south":{"uv":[1.5,11.75,2,12.25],"texture":"#3"},"west":{"uv":[2,11.75,2.5,12.25],"texture":"#3"},"up":{"uv":[3,12.25,2.5,11.75],"texture":"#3"},"down":{"uv":[3.5,11.75,3,12.25],"texture":"#3"}}},{"from":[-12.1,3.475,5.375],"to":[-9.9,5.675,6.375],"rotation":{"angle":0,"axis":"y","origin":[-11,5.375,8]},"faces":{"north":{"uv":[4.75,11.75,5.25,12.25],"texture":"#3"},"east":{"uv":[3.75,11,4,11.5],"texture":"#3"},"south":{"uv":[5.25,11.75,5.75,12.25],"texture":"#3"},"west":{"uv":[6.25,11.25,6.5,11.75],"texture":"#3"},"up":{"uv":[12,12,11.5,11.75],"texture":"#3"},"down":{"uv":[12.25,11.5,11.75,11.75],"texture":"#3"}}},{"from":[-8.5,3.075,7.625],"to":[-5.5,6.075,12.625],"rotation":{"angle":0,"axis":"y","origin":[-7,5.375,8]},"faces":{"north":{"uv":[10.5,10.75,11.25,11.5],"texture":"#3"},"east":{"uv":[3,9.5,4.25,10.25],"texture":"#3"},"south":{"uv":[3,11,3.75,11.75],"texture":"#3"},"west":{"uv":[6.5,9.5,7.75,10.25],"texture":"#3"},"up":{"uv":[5,10.75,4.25,9.5],"texture":"#3"},"down":{"uv":[8.5,9.75,7.75,11],"texture":"#3"}}},{"from":[-8,3.575,5.625],"to":[-6,5.575,7.625],"rotation":{"angle":0,"axis":"y","origin":[-7,5.375,8]},"faces":{"north":{"uv":[0.5,11.75,1,12.25],"texture":"#3"},"east":{"uv":[1,11.75,1.5,12.25],"texture":"#3"},"south":{"uv":[1.5,11.75,2,12.25],"texture":"#3"},"west":{"uv":[2,11.75,2.5,12.25],"texture":"#3"},"up":{"uv":[3,12.25,2.5,11.75],"texture":"#3"},"down":{"uv":[3.5,11.75,3,12.25],"texture":"#3"}}},{"from":[-8.1,3.475,5.375],"to":[-5.9,5.675,6.375],"rotation":{"angle":0,"axis":"y","origin":[-7,5.375,8]},"faces":{"north":{"uv":[4.75,11.75,5.25,12.25],"texture":"#3"},"east":{"uv":[3.75,11,4,11.5],"texture":"#3"},"south":{"uv":[5.25,11.75,5.75,12.25],"texture":"#3"},"west":{"uv":[6.25,11.25,6.5,11.75],"texture":"#3"},"up":{"uv":[12,12,11.5,11.75],"texture":"#3"},"down":{"uv":[12.25,11.5,11.75,11.75],"texture":"#3"}}},{"from":[-10.5,6.075,7.625],"to":[-7.5,9.075,12.625],"rotation":{"angle":0,"axis":"y","origin":[-9,8.375,8]},"faces":{"north":{"uv":[10.5,10.75,11.25,11.5],"texture":"#3"},"east":{"uv":[3,9.5,4.25,10.25],"texture":"#3"},"south":{"uv":[3,11,3.75,11.75],"texture":"#3"},"west":{"uv":[6.5,9.5,7.75,10.25],"texture":"#3"},"up":{"uv":[5,10.75,4.25,9.5],"texture":"#3"},"down":{"uv":[8.5,9.75,7.75,11],"texture":"#3"}}},{"from":[-10,6.575,5.625],"to":[-8,8.575,7.625],"rotation":{"angle":0,"axis":"y","origin":[-9,8.375,8]},"faces":{"north":{"uv":[0.5,11.75,1,12.25],"texture":"#3"},"east":{"uv":[1,11.75,1.5,12.25],"texture":"#3"},"south":{"uv":[1.5,11.75,2,12.25],"texture":"#3"},"west":{"uv":[2,11.75,2.5,12.25],"texture":"#3"},"up":{"uv":[3,12.25,2.5,11.75],"texture":"#3"},"down":{"uv":[3.5,11.75,3,12.25],"texture":"#3"}}},{"from":[-10.1,6.475,5.375],"to":[-7.9,8.675,6.375],"rotation":{"angle":0,"axis":"y","origin":[-9,8.375,8]},"faces":{"north":{"uv":[4.75,11.75,5.25,12.25],"texture":"#3"},"east":{"uv":[3.75,11,4,11.5],"texture":"#3"},"south":{"uv":[5.25,11.75,5.75,12.25],"texture":"#3"},"west":{"uv":[6.25,11.25,6.5,11.75],"texture":"#3"},"up":{"uv":[12,12,11.5,11.75],"texture":"#3"},"down":{"uv":[12.25,11.5,11.75,11.75],"texture":"#3"}}},{"from":[-4.1,3.475,5.375],"to":[-1.9,5.675,6.375],"rotation":{"angle":0,"axis":"y","origin":[-3,5.375,8]},"faces":{"north":{"uv":[4.75,11.75,5.25,12.25],"texture":"#3"},"east":{"uv":[3.75,11,4,11.5],"texture":"#3"},"south":{"uv":[5.25,11.75,5.75,12.25],"texture":"#3"},"west":{"uv":[6.25,11.25,6.5,11.75],"texture":"#3"},"up":{"uv":[12,12,11.5,11.75],"texture":"#3"},"down":{"uv":[12.25,11.5,11.75,11.75],"texture":"#3"}}},{"from":[-4,3.575,5.625],"to":[-2,5.575,7.625],"rotation":{"angle":0,"axis":"y","origin":[-3,5.375,8]},"faces":{"north":{"uv":[0.5,11.75,1,12.25],"texture":"#3"},"east":{"uv":[1,11.75,1.5,12.25],"texture":"#3"},"south":{"uv":[1.5,11.75,2,12.25],"texture":"#3"},"west":{"uv":[2,11.75,2.5,12.25],"texture":"#3"},"up":{"uv":[3,12.25,2.5,11.75],"texture":"#3"},"down":{"uv":[3.5,11.75,3,12.25],"texture":"#3"}}},{"from":[-4.5,3.075,7.625],"to":[-1.5,6.075,12.625],"rotation":{"angle":0,"axis":"y","origin":[-3,5.375,8]},"faces":{"north":{"uv":[10.5,10.75,11.25,11.5],"texture":"#3"},"east":{"uv":[3,9.5,4.25,10.25],"texture":"#3"},"south":{"uv":[3,11,3.75,11.75],"texture":"#3"},"west":{"uv":[6.5,9.5,7.75,10.25],"texture":"#3"},"up":{"uv":[5,10.75,4.25,9.5],"texture":"#3"},"down":{"uv":[8.5,9.75,7.75,11],"texture":"#3"}}},{"from":[-2.1,6.475,5.375],"to":[0.1,8.675,6.375],"rotation":{"angle":0,"axis":"y","origin":[-1,8.375,8]},"faces":{"north":{"uv":[4.75,11.75,5.25,12.25],"texture":"#3"},"east":{"uv":[3.75,11,4,11.5],"texture":"#3"},"south":{"uv":[5.25,11.75,5.75,12.25],"texture":"#3"},"west":{"uv":[6.25,11.25,6.5,11.75],"texture":"#3"},"up":{"uv":[12,12,11.5,11.75],"texture":"#3"},"down":{"uv":[12.25,11.5,11.75,11.75],"texture":"#3"}}},{"from":[-2,6.575,5.625],"to":[0,8.575,7.625],"rotation":{"angle":0,"axis":"y","origin":[-1,8.375,8]},"faces":{"north":{"uv":[0.5,11.75,1,12.25],"texture":"#3"},"east":{"uv":[1,11.75,1.5,12.25],"texture":"#3"},"south":{"uv":[1.5,11.75,2,12.25],"texture":"#3"},"west":{"uv":[2,11.75,2.5,12.25],"texture":"#3"},"up":{"uv":[3,12.25,2.5,11.75],"texture":"#3"},"down":{"uv":[3.5,11.75,3,12.25],"texture":"#3"}}},{"from":[-2.5,6.075,7.625],"to":[0.5,9.075,12.625],"rotation":{"angle":0,"axis":"y","origin":[-1,8.375,8]},"faces":{"north":{"uv":[10.5,10.75,11.25,11.5],"texture":"#3"},"east":{"uv":[3,9.5,4.25,10.25],"texture":"#3"},"south":{"uv":[3,11,3.75,11.75],"texture":"#3"},"west":{"uv":[6.5,9.5,7.75,10.25],"texture":"#3"},"up":{"uv":[5,10.75,4.25,9.5],"texture":"#3"},"down":{"uv":[8.5,9.75,7.75,11],"texture":"#3"}}}],"gui_light":"front","display":{"thirdperson_righthand":{"rotation":[49,0,0],"translation":[-1,2.75,1.75],"scale":[0.47,0.47,0.47]},"thirdperson_lefthand":{"rotation":[49,0,0],"translation":[-1,2.75,1.75],"scale":[0.47,0.47,0.47]},"firstperson_righthand":{"rotation":[0,131,0],"translation":[0,6.25,1.5],"scale":[0.53,0.53,0.53]},"firstperson_lefthand":{"rotation":[0,131,0],"translation":[0,6.25,1.5],"scale":[0.53,0.53,0.53]},"ground":{"translation":[0,6.5,0],"scale":[0.39,0.39,0.39]},"gui":{"rotation":[11.75,158,0],"translation":[-0.25,3.75,0],"scale":[0.31,0.31,0.31]},"head":{"scale":[0,0,0]},"fixed":{"translation":[0,32,-16],"scale":[2,2,2]}},"mcmodels":"8e0e5cf7a822f85d549f98a891afe0a2"}