{
	"credit": "Made with Blockbench",
	"texture_size": [128, 128],
	"textures": {
		"0": "elitecreatures:heavenly_emperor_animated/heavenly_emperor_texture",
		"1": "elitecreatures:heavenly_emperor_animated/heavenly_emperor_animation1",
		"particle": "elitecreatures:heavenly_emperor_animated/heavenly_emperor_texture"
	},
	"elements": [
		{
			"from": [-16, 1, 0],
			"to": [6.5, 27, 0],
			"rotation": {"angle": -45, "axis": "y", "origin": [-5.25, 14, 0]},
			"faces": {
				"north": {"uv": [8, 0, 0, 11], "texture": "#1"},
				"east": {"uv": [0, 0, 0, 11], "texture": "#1"},
				"south": {"uv": [0, 0, 8, 11], "texture": "#1"},
				"west": {"uv": [0, 0, 0, 11], "texture": "#1"},
				"up": {"uv": [0, 0, 0, 7], "rotation": 90, "texture": "#1"},
				"down": {"uv": [0, 7, 0, 0], "rotation": 270, "texture": "#1"}
			}
		},
		{
			"from": [9.5, 1, 0],
			"to": [32, 27, 0],
			"rotation": {"angle": 45, "axis": "y", "origin": [21.25, 14, 0]},
			"faces": {
				"north": {"uv": [0, 0, 8, 11], "texture": "#1"},
				"east": {"uv": [0, 0, 0, 11], "texture": "#1"},
				"south": {"uv": [8, 0, 0, 11], "texture": "#1"},
				"west": {"uv": [0, 0, 0, 11], "texture": "#1"},
				"up": {"uv": [0, 7, 0, 0], "rotation": 90, "texture": "#1"},
				"down": {"uv": [0, 0, 0, 7], "rotation": 270, "texture": "#1"}
			}
		},
		{
			"from": [3.5, 3, 5],
			"to": [12.5, 10, 10],
			"rotation": {"angle": 0, "axis": "y", "origin": [16.5, 0, -3]},
			"faces": {
				"north": {"uv": [3.3125, 11.4375, 4.4375, 12.3125], "texture": "#0"},
				"east": {"uv": [4.4375, 11.4375, 5.0625, 12.3125], "texture": "#0"},
				"south": {"uv": [5.0625, 11.4375, 6.1875, 12.3125], "texture": "#0"},
				"west": {"uv": [5.0625, 11.4375, 4.4375, 12.3125], "texture": "#0"},
				"up": {"uv": [5.75, 11.0625, 6.875, 11.6875], "rotation": 180, "texture": "#0"},
				"down": {"uv": [5.6875, 9.3125, 6.8125, 9.9375], "rotation": 180, "texture": "#0"}
			}
		},
		{
			"from": [3, 10, 4],
			"to": [13, 15, 10],
			"rotation": {"angle": 0, "axis": "y", "origin": [16, 0, -3]},
			"faces": {
				"north": {"uv": [3.3125, 12.3125, 4.5625, 12.9375], "texture": "#0"},
				"east": {"uv": [4.8125, 10.8125, 5.5625, 11.4375], "texture": "#0"},
				"south": {"uv": [4.5625, 12.3125, 5.8125, 12.9375], "texture": "#0"},
				"west": {"uv": [5.5625, 10.8125, 4.8125, 11.4375], "texture": "#0"},
				"up": {"uv": [5.5625, 10.6875, 6.8125, 11.4375], "rotation": 180, "texture": "#0"},
				"down": {"uv": [5.5625, 9.9375, 6.8125, 10.6875], "rotation": 180, "texture": "#0"}
			}
		},
		{
			"from": [4, 3.3, 3.5],
			"to": [12, 7.3, 5],
			"rotation": {"angle": 0, "axis": "y", "origin": [4.75, 2.3, 5.5]},
			"faces": {
				"north": {"uv": [7.1875, 15.5, 6.1875, 16], "texture": "#0"},
				"east": {"uv": [6.1875, 15.5, 6, 16], "texture": "#0"},
				"south": {"uv": [7.1875, 15.5, 6.1875, 16], "texture": "#0"},
				"west": {"uv": [6, 15.5, 6.1875, 16], "texture": "#0"},
				"up": {"uv": [6.1875, 15.3125, 7.1875, 15.5], "rotation": 180, "texture": "#0"},
				"down": {"uv": [6.1875, 15.125, 7.1875, 15.3125], "rotation": 180, "texture": "#0"}
			}
		},
		{
			"from": [1.4, 3, 5.25],
			"to": [3.4, 8, 9.75],
			"rotation": {"angle": -22.5, "axis": "z", "origin": [3.6, 2.8, 7.5]},
			"faces": {
				"north": {"uv": [7, 14.5, 6.75, 15.125], "texture": "#0"},
				"east": {"uv": [6.75, 14.5, 6.1875, 15.125], "texture": "#0"},
				"south": {"uv": [6.75, 14.5, 7, 15.125], "texture": "#0"},
				"west": {"uv": [6.75, 14.5, 6.1875, 15.125], "texture": "#0"},
				"up": {"uv": [6.4375, 13.9375, 6.1875, 14.5], "rotation": 180, "texture": "#0"},
				"down": {"uv": [6.4375, 13.9375, 6.1875, 14.5], "rotation": 180, "texture": "#0"}
			}
		},
		{
			"from": [12.6, 3, 5.25],
			"to": [14.6, 8, 9.75],
			"rotation": {"angle": 22.5, "axis": "z", "origin": [12.4, 2.8, 7.5]},
			"faces": {
				"north": {"uv": [6.75, 14.5, 7, 15.125], "texture": "#0"},
				"east": {"uv": [6.1875, 14.5, 6.75, 15.125], "texture": "#0"},
				"south": {"uv": [7, 14.5, 6.75, 15.125], "texture": "#0"},
				"west": {"uv": [6.1875, 14.5, 6.75, 15.125], "texture": "#0"},
				"up": {"uv": [6.1875, 13.9375, 6.4375, 14.5], "rotation": 180, "texture": "#0"},
				"down": {"uv": [6.1875, 13.9375, 6.4375, 14.5], "rotation": 180, "texture": "#0"}
			}
		},
		{
			"from": [3.5, 11, 5.1],
			"to": [3.5, 19, 11.1],
			"rotation": {"angle": 0, "axis": "y", "origin": [3.5, 15, 8.1]},
			"faces": {
				"north": {"uv": [0, 0, 0, 1], "rotation": 180, "texture": "#missing"},
				"east": {"uv": [6.5625, 0, 5.5625, 0.75], "rotation": 270, "texture": "#0"},
				"south": {"uv": [0, 0, 0, 1], "texture": "#missing"},
				"west": {"uv": [5.5625, 0, 6.5625, 0.75], "rotation": 90, "texture": "#0"},
				"up": {"uv": [0, 0, 0, 0.75], "rotation": 180, "texture": "#missing"},
				"down": {"uv": [0, 0, 0, 0.75], "texture": "#missing"}
			}
		},
		{
			"from": [12.5, 11, 5.1],
			"to": [12.5, 19, 11.1],
			"rotation": {"angle": 0, "axis": "y", "origin": [12.5, 15, 8.1]},
			"faces": {
				"north": {"uv": [0, 0, 0, 1], "rotation": 180, "texture": "#missing"},
				"east": {"uv": [5.5625, 0.75, 6.5625, 0], "rotation": 90, "texture": "#0"},
				"south": {"uv": [0, 0, 0, 1], "texture": "#missing"},
				"west": {"uv": [6.5625, 0.75, 5.5625, 0], "rotation": 270, "texture": "#0"},
				"up": {"uv": [0, 0, 0, 0.75], "rotation": 180, "texture": "#missing"},
				"down": {"uv": [0, 0, 0, 0.75], "texture": "#missing"}
			}
		},
		{
			"from": [8.36976, 14.02855, 4.27374],
			"to": [12.36976, 16.52855, 4.27374],
			"rotation": {"angle": -22.5, "axis": "x", "origin": [10.36976, 17.38832, 3.35196]},
			"faces": {
				"north": {"uv": [3.3125, 0.4375, 3.8125, 0.125], "texture": "#0"},
				"east": {"uv": [0, 192, 0, 0], "texture": "#0"},
				"south": {"uv": [3.8125, 0.4375, 3.3125, 0.125], "texture": "#0"},
				"west": {"uv": [0, 192, 0, 0], "texture": "#0"},
				"up": {"uv": [0, 0, 0, 96], "rotation": 270, "texture": "#0"},
				"down": {"uv": [0, 0, 0, 96], "rotation": 90, "texture": "#0"}
			}
		},
		{
			"from": [8.36976, 16.23744, 3.89369],
			"to": [12.36976, 19.23744, 3.89369],
			"rotation": {"angle": -45, "axis": "x", "origin": [10.36976, 17.38832, 3.35196]},
			"faces": {
				"north": {"uv": [3.3125, 0.8125, 3.8125, 0.4375], "texture": "#0"},
				"east": {"uv": [0, 192, 0, 0], "texture": "#missing"},
				"south": {"uv": [3.8125, 0.8125, 3.3125, 0.4375], "texture": "#0"},
				"west": {"uv": [0, 192, 0, 0], "texture": "#missing"},
				"up": {"uv": [0, 0, 0, 96], "rotation": 270, "texture": "#missing"},
				"down": {"uv": [0, 0, 0, 96], "rotation": 90, "texture": "#missing"}
			}
		},
		{
			"from": [8.36976, 18.58191, -0.14522],
			"to": [12.36976, 18.58191, 1.85478],
			"rotation": {"angle": 22.5, "axis": "x", "origin": [10.36976, 17.38832, 3.35196]},
			"faces": {
				"north": {"uv": [0, 0, 0, 96], "rotation": 90, "texture": "#missing"},
				"east": {"uv": [0, 0, 0, 192], "rotation": 270, "texture": "#missing"},
				"south": {"uv": [0, 0, 0, 96], "rotation": 90, "texture": "#missing"},
				"west": {"uv": [0, 0, 0, 192], "rotation": 90, "texture": "#missing"},
				"up": {"uv": [3.3125, 0.8125, 3.8125, 1.0625], "rotation": 180, "texture": "#0"},
				"down": {"uv": [3.3125, 1.0625, 3.8125, 0.8125], "rotation": 180, "texture": "#0"}
			}
		},
		{
			"from": [12.90846, 14.02855, 3.55196],
			"to": [12.90846, 16.52855, 6.55196],
			"rotation": {"angle": -22.5, "axis": "z", "origin": [13.83024, 17.38832, 5.55196]},
			"faces": {
				"north": {"uv": [0, 192, 0, 0], "texture": "#0"},
				"east": {"uv": [4.1875, 0.3125, 3.8125, 0], "texture": "#0"},
				"south": {"uv": [0, 192, 0, 0], "texture": "#0"},
				"west": {"uv": [3.8125, 0.3125, 4.1875, 0], "texture": "#0"},
				"up": {"uv": [0, 0, 0, 96], "rotation": 180, "texture": "#0"},
				"down": {"uv": [0, 0, 0, 96], "rotation": 180, "texture": "#0"}
			}
		},
		{
			"from": [13.28851, 16.23744, 3.55196],
			"to": [13.28851, 19.23744, 6.55196],
			"rotation": {"angle": -45, "axis": "z", "origin": [13.83024, 17.38832, 5.55196]},
			"faces": {
				"north": {"uv": [0, 192, 0, 0], "texture": "#missing"},
				"east": {"uv": [4.1875, 0.6875, 3.8125, 0.3125], "texture": "#0"},
				"south": {"uv": [0, 192, 0, 0], "texture": "#missing"},
				"west": {"uv": [3.8125, 0.6875, 4.1875, 0.3125], "texture": "#0"},
				"up": {"uv": [0, 0, 0, 96], "rotation": 180, "texture": "#missing"},
				"down": {"uv": [0, 0, 0, 96], "rotation": 180, "texture": "#missing"}
			}
		}
	],
	"gui_light": "front",
	"display": {
		"thirdperson_righthand": {
			"rotation": [55, 0, 0],
			"translation": [0, 2, 1.75],
			"scale": [0.4, 0.4, 0.4]
		},
		"thirdperson_lefthand": {
			"rotation": [77, 180, 0],
			"translation": [-5.75, -7.75, 6.75]
		},
		"firstperson_righthand": {
			"rotation": [0, 134, 0],
			"translation": [10, -4, -17.5]
		},
		"firstperson_lefthand": {
			"scale": [0, 0, 0]
		},
		"ground": {
			"rotation": [80, 0, 0],
			"translation": [0, 0.5, -1.25],
			"scale": [0.6, 0.6, 0.6]
		},
		"gui": {
			"rotation": [0, 180, 0],
			"translation": [0, -2.75, 0],
			"scale": [0.6, 0.6, 0.6]
		},
		"head": {
			"rotation": [6, 180, 0],
			"translation": [0, -52.5, 5.75],
			"scale": [1.3, 1.3, 1.3]
		},
		"fixed": {
			"translation": [0, 1.5, -2],
			"scale": [1.4, 1.4, 1.4]
		}
	}
}