{
	"credit": "Made with Blockbench",
	"texture_size": [128, 128],
	"textures": {
		"0": "elitecreatures:heavenly_emperor_animated/heavenly_emperor_texture",
		"1": "elitecreatures:heavenly_emperor_animated/heavenly_emperor_animation1",
		"2": "elitecreatures:heavenly_emperor_animated/heavenly_emperor_animation2",
		"particle": "elitecreatures:heavenly_emperor_animated/heavenly_emperor_texture"
	},
	"elements": [
		{
			"from": [17, 0, -1],
			"to": [21, 3, 3],
			"rotation": {"angle": 0, "axis": "y", "origin": [10, 1, 6]},
			"faces": {
				"north": {"uv": [4.25, 8.875, 4.75, 9.25], "texture": "#0"},
				"east": {"uv": [4.75, 8.875, 4.25, 9.25], "texture": "#0"},
				"south": {"uv": [4.25, 9.25, 4.75, 9.625], "texture": "#0"},
				"west": {"uv": [4.25, 9.25, 4.75, 9.625], "texture": "#0"},
				"up": {"uv": [3.5, 9.3125, 4, 9.8125], "texture": "#0"},
				"down": {"uv": [4.75, 8.875, 5.25, 9.375], "texture": "#0"}
			}
		},
		{
			"from": [6.47827, 9.5, -1.8322],
			"to": [8.97827, 13, -0.3322],
			"rotation": {"angle": 22.5, "axis": "z", "origin": [6.47827, 9.5, -1.0822]},
			"faces": {
				"north": {"uv": [1.625, 2.25, 1.9375, 2.6875], "texture": "#0"},
				"east": {"uv": [1.9375, 2.25, 2.125, 2.6875], "texture": "#0"},
				"south": {"uv": [1.9375, 2.25, 1.625, 2.6875], "texture": "#0"},
				"west": {"uv": [1.9375, 2.25, 2.125, 2.6875], "texture": "#0"},
				"up": {"uv": [1.9375, 1.25, 2.125, 1.5625], "rotation": 90, "texture": "#0"},
				"down": {"uv": [1.9375, 1.25, 2.125, 1.5625], "rotation": 270, "texture": "#0"}
			}
		},
		{
			"from": [6.97827, 9.5, -1.9322],
			"to": [8.97827, 13.5, -0.2322],
			"rotation": {"angle": 0, "axis": "y", "origin": [7.97827, -3.7, -2.0822]},
			"faces": {
				"north": {"uv": [2.125, 1.75, 2.375, 1.25], "texture": "#0"},
				"east": {"uv": [2.125, 2.1875, 2.3125, 1.6875], "texture": "#0"},
				"south": {"uv": [2.125, 1.75, 2.375, 1.25], "texture": "#0"},
				"west": {"uv": [2.125, 2.1875, 2.3125, 1.6875], "texture": "#0"},
				"up": {"uv": [8.1875, 0.25, 8.375, 0], "rotation": 90, "texture": "#0"},
				"down": {"uv": [8.1875, 0.25, 8.375, 0], "rotation": 270, "texture": "#0"}
			}
		},
		{
			"from": [20.78248, 7.08922, -2.0822],
			"to": [22.28248, 8.58922, -0.0822],
			"rotation": {"angle": 45, "axis": "z", "origin": [7.97827, -5.71499, -1.3822]},
			"faces": {
				"north": {"uv": [1.5625, 3.1875, 1.375, 3], "texture": "#0"},
				"east": {"uv": [1.625, 3.375, 1.375, 3.1875], "texture": "#0"},
				"south": {"uv": [1.375, 3.1875, 1.5625, 3], "texture": "#0"},
				"west": {"uv": [2.9375, 3.5625, 2.6875, 3.75], "texture": "#0"},
				"up": {"uv": [1.625, 3.375, 1.375, 3.1875], "rotation": 90, "texture": "#0"},
				"down": {"uv": [2.9375, 3.75, 2.6875, 3.5625], "rotation": 270, "texture": "#0"}
			}
		},
		{
			"from": [6.97827, 9.5, -1.8322],
			"to": [9.47827, 13, -0.3322],
			"rotation": {"angle": -22.5, "axis": "z", "origin": [9.47827, 9.5, -1.0822]},
			"faces": {
				"north": {"uv": [1.9375, 2.25, 1.625, 2.6875], "texture": "#0"},
				"east": {"uv": [2.125, 2.25, 1.9375, 2.6875], "texture": "#0"},
				"south": {"uv": [1.625, 2.25, 1.9375, 2.6875], "texture": "#0"},
				"west": {"uv": [2.125, 2.25, 1.9375, 2.6875], "texture": "#0"},
				"up": {"uv": [1.9375, 1.5625, 2.125, 1.25], "rotation": 90, "texture": "#0"},
				"down": {"uv": [1.9375, 1.5625, 2.125, 1.25], "rotation": 270, "texture": "#0"}
			}
		},
		{
			"from": [5.27196, 14.93744, -3.45196],
			"to": [5.27196, 17.93744, 0.54804],
			"rotation": {"angle": 45, "axis": "z", "origin": [4.73024, 16.08832, -1.45196]},
			"faces": {
				"north": {"uv": [0, 192, 0, 0], "texture": "#missing"},
				"east": {"uv": [3.8125, 0.8125, 3.3125, 0.4375], "texture": "#0"},
				"south": {"uv": [0, 192, 0, 0], "texture": "#missing"},
				"west": {"uv": [3.3125, 0.8125, 3.8125, 0.4375], "texture": "#0"},
				"up": {"uv": [0, 96, 0, 0], "texture": "#missing"},
				"down": {"uv": [0, 96, 0, 0], "texture": "#missing"}
			}
		},
		{
			"from": [1.23305, 17.28191, -3.45196],
			"to": [3.23305, 17.28191, 0.54804],
			"rotation": {"angle": -22.5, "axis": "z", "origin": [4.73024, 16.08832, -1.45196]},
			"faces": {
				"north": {"uv": [0, 0, 0, 192], "rotation": 270, "texture": "#missing"},
				"east": {"uv": [0, 0, 0, 96], "rotation": 90, "texture": "#missing"},
				"south": {"uv": [0, 0, 0, 192], "rotation": 90, "texture": "#missing"},
				"west": {"uv": [0, 0, 0, 96], "rotation": 90, "texture": "#missing"},
				"up": {"uv": [3.8125, 1.0625, 3.3125, 0.8125], "rotation": 270, "texture": "#0"},
				"down": {"uv": [3.8125, 0.8125, 3.3125, 1.0625], "rotation": 90, "texture": "#0"}
			}
		},
		{
			"from": [5.65202, 12.72855, -3.45196],
			"to": [5.65202, 15.22855, 0.54804],
			"rotation": {"angle": 22.5, "axis": "z", "origin": [4.73024, 16.08832, -1.45196]},
			"faces": {
				"north": {"uv": [0, 192, 0, 0], "texture": "#0"},
				"east": {"uv": [3.8125, 0.4375, 3.3125, 0.125], "texture": "#0"},
				"south": {"uv": [0, 192, 0, 0], "texture": "#0"},
				"west": {"uv": [3.3125, 0.4375, 3.8125, 0.125], "texture": "#0"},
				"up": {"uv": [0, 96, 0, 0], "texture": "#0"},
				"down": {"uv": [0, 96, 0, 0], "texture": "#0"}
			}
		},
		{
			"from": [7.03024, 12.72855, -2.42626],
			"to": [10.03024, 15.22855, -2.42626],
			"rotation": {"angle": -22.5, "axis": "x", "origin": [9.03024, 16.08832, -3.34804]},
			"faces": {
				"north": {"uv": [4.1875, 0.3125, 3.8125, 0], "texture": "#0"},
				"east": {"uv": [0, 192, 0, 0], "texture": "#0"},
				"south": {"uv": [3.8125, 0.3125, 4.1875, 0], "texture": "#0"},
				"west": {"uv": [0, 192, 0, 0], "texture": "#0"},
				"up": {"uv": [0, 96, 0, 0], "rotation": 270, "texture": "#0"},
				"down": {"uv": [0, 96, 0, 0], "rotation": 90, "texture": "#0"}
			}
		},
		{
			"from": [7.03024, 14.93744, -2.80631],
			"to": [10.03024, 17.93744, -2.80631],
			"rotation": {"angle": -45, "axis": "x", "origin": [9.03024, 16.08832, -3.34804]},
			"faces": {
				"north": {"uv": [4.1875, 0.6875, 3.8125, 0.3125], "texture": "#0"},
				"east": {"uv": [0, 192, 0, 0], "texture": "#missing"},
				"south": {"uv": [3.8125, 0.6875, 4.1875, 0.3125], "texture": "#0"},
				"west": {"uv": [0, 192, 0, 0], "texture": "#missing"},
				"up": {"uv": [0, 96, 0, 0], "rotation": 270, "texture": "#missing"},
				"down": {"uv": [0, 96, 0, 0], "rotation": 90, "texture": "#missing"}
			}
		},
		{
			"from": [-5, 0, -1],
			"to": [-1, 3, 3],
			"rotation": {"angle": 0, "axis": "y", "origin": [6, 1, 6]},
			"faces": {
				"north": {"uv": [4.75, 8.875, 4.25, 9.25], "texture": "#0"},
				"east": {"uv": [4.75, 9.25, 4.25, 9.625], "texture": "#0"},
				"south": {"uv": [4.75, 9.25, 4.25, 9.625], "texture": "#0"},
				"west": {"uv": [4.25, 8.875, 4.75, 9.25], "texture": "#0"},
				"up": {"uv": [4, 9.3125, 3.5, 9.8125], "texture": "#0"},
				"down": {"uv": [5.25, 8.875, 4.75, 9.375], "texture": "#0"}
			}
		},
		{
			"from": [-5, 0, 13],
			"to": [-1, 3, 17],
			"rotation": {"angle": 0, "axis": "y", "origin": [6, 1, 10]},
			"faces": {
				"north": {"uv": [4.25, 9.25, 4.75, 9.625], "texture": "#0"},
				"east": {"uv": [4.25, 9.25, 4.75, 9.625], "texture": "#0"},
				"south": {"uv": [4.25, 8.875, 4.75, 9.25], "texture": "#0"},
				"west": {"uv": [4.75, 8.875, 4.25, 9.25], "texture": "#0"},
				"up": {"uv": [4, 9.8125, 3.5, 9.3125], "texture": "#0"},
				"down": {"uv": [5.25, 9.375, 4.75, 8.875], "texture": "#0"}
			}
		},
		{
			"from": [17, 0, 13],
			"to": [21, 3, 17],
			"rotation": {"angle": 0, "axis": "y", "origin": [10, 1, 10]},
			"faces": {
				"north": {"uv": [4.75, 9.25, 4.25, 9.625], "texture": "#0"},
				"east": {"uv": [4.25, 8.875, 4.75, 9.25], "texture": "#0"},
				"south": {"uv": [4.75, 8.875, 4.25, 9.25], "texture": "#0"},
				"west": {"uv": [4.75, 9.25, 4.25, 9.625], "texture": "#0"},
				"up": {"uv": [3.5, 9.8125, 4, 9.3125], "texture": "#0"},
				"down": {"uv": [4.75, 9.375, 5.25, 8.875], "texture": "#0"}
			}
		},
		{
			"from": [-4, 2, 0],
			"to": [20, 10, 16],
			"rotation": {"angle": 0, "axis": "y", "origin": [8, 4, 8]},
			"faces": {
				"north": {"uv": [0, 8.875, 3, 9.875], "texture": "#0"},
				"east": {"uv": [0, 9.875, 2, 10.875], "texture": "#0"},
				"south": {"uv": [0, 8.875, 3, 9.875], "texture": "#0"},
				"west": {"uv": [0, 9.875, 2, 10.875], "texture": "#0"},
				"up": {"uv": [0, 0, 3, 2], "texture": "#0"},
				"down": {"uv": [3.1875, 13.125, 6.1875, 15.125], "texture": "#0"}
			}
		},
		{
			"from": [16, 6.5, 9],
			"to": [32, 28.5, 9],
			"rotation": {"angle": -22.5, "axis": "y", "origin": [24, 17.5, 9]},
			"faces": {
				"north": {"uv": [0, 0, 8, 11], "texture": "#1"},
				"east": {"uv": [0, 0, 0, 11], "texture": "#1"},
				"south": {"uv": [8, 0, 0, 11], "texture": "#1"},
				"west": {"uv": [0, 0, 0, 11], "texture": "#1"},
				"up": {"uv": [0, 7, 0, 0], "rotation": 90, "texture": "#1"},
				"down": {"uv": [0, 0, 0, 7], "rotation": 270, "texture": "#1"}
			}
		},
		{
			"from": [5.91256, 18.52886, 6.55],
			"to": [7.91256, 20.52886, 8.45],
			"rotation": {"angle": -45, "axis": "z", "origin": [8, 18.44142, 10]},
			"faces": {
				"north": {"uv": [5.125, 2.5, 4.875, 2.75], "texture": "#0"},
				"east": {"uv": [4.875, 2.75, 5.125, 3], "texture": "#0"},
				"south": {"uv": [4.875, 2.5, 5.125, 2.75], "texture": "#0"},
				"west": {"uv": [3.25, 1.1875, 3.5, 1.4375], "texture": "#0"},
				"up": {"uv": [3.25, 1.1875, 3.5, 1.4375], "rotation": 90, "texture": "#0"},
				"down": {"uv": [4.875, 2.75, 5.125, 3], "rotation": 270, "texture": "#0"}
			}
		},
		{
			"from": [5.91256, 22.52886, 6.55],
			"to": [7.91256, 24.52886, 8.45],
			"rotation": {"angle": -45, "axis": "z", "origin": [8, 22.44142, 10]},
			"faces": {
				"north": {"uv": [4.6875, 3.3125, 4.4375, 3.5625], "texture": "#0"},
				"east": {"uv": [3.25, 1.1875, 3.5, 1.4375], "texture": "#0"},
				"south": {"uv": [4.4375, 3.3125, 4.6875, 3.5625], "texture": "#0"},
				"west": {"uv": [4.6875, 3.5625, 4.9375, 3.3125], "texture": "#0"},
				"up": {"uv": [4.6875, 3.3125, 4.9375, 3.5625], "rotation": 90, "texture": "#0"},
				"down": {"uv": [3.25, 1.1875, 3.5, 1.4375], "rotation": 270, "texture": "#0"}
			}
		},
		{
			"from": [6.5, 20, 6.5],
			"to": [9.5, 24, 8.5],
			"rotation": {"angle": 0, "axis": "y", "origin": [8.2, 21.74142, 10]},
			"faces": {
				"north": {"uv": [5.3125, 1.5, 4.9375, 2], "texture": "#0"},
				"east": {"uv": [4.8125, 2, 5.0625, 2.5], "texture": "#0"},
				"south": {"uv": [5.3125, 1.5, 4.9375, 2], "texture": "#0"},
				"west": {"uv": [4.8125, 2.5, 5.0625, 2], "texture": "#0"},
				"up": {"uv": [5.3125, 2, 5.0625, 2.375], "rotation": 270, "texture": "#0"},
				"down": {"uv": [5.3125, 2, 5.0625, 2.375], "rotation": 90, "texture": "#0"}
			}
		},
		{
			"from": [8, 19.5, 6.5],
			"to": [17, 30.5, 6.5],
			"rotation": {"angle": -22.5, "axis": "z", "origin": [12.5, 25, 6.5]},
			"faces": {
				"north": {"uv": [5.375, 0, 4.25, 1.375], "texture": "#0"},
				"east": {"uv": [0, 0, 0, 1.375], "texture": "#missing"},
				"south": {"uv": [4.25, 0, 5.375, 1.375], "texture": "#0"},
				"west": {"uv": [0, 0, 0, 1.375], "texture": "#missing"},
				"up": {"uv": [0, 1, 0, 0], "rotation": 90, "texture": "#missing"},
				"down": {"uv": [0, 1, 0, 0], "rotation": 270, "texture": "#missing"}
			}
		},
		{
			"from": [-1, 19.5, 6.5],
			"to": [8, 30.5, 6.5],
			"rotation": {"angle": 22.5, "axis": "z", "origin": [3.5, 25, 6.5]},
			"faces": {
				"north": {"uv": [4.25, 0, 5.375, 1.375], "texture": "#0"},
				"east": {"uv": [0, 0, 0, 1.375], "texture": "#missing"},
				"south": {"uv": [5.375, 0, 4.25, 1.375], "texture": "#0"},
				"west": {"uv": [0, 0, 0, 1.375], "texture": "#missing"},
				"up": {"uv": [0, 0, 0, 1], "rotation": 90, "texture": "#missing"},
				"down": {"uv": [0, 0, 0, 1], "rotation": 270, "texture": "#missing"}
			}
		},
		{
			"from": [-4.5, 19, 7.5],
			"to": [7.5, 31, 7.5],
			"rotation": {"angle": -22.5, "axis": "z", "origin": [2.5, 25, 7.5]},
			"faces": {
				"north": {"uv": [8, 1.75, 0, 10.75], "texture": "#1"},
				"east": {"uv": [0, 0, 0, 11], "texture": "#1"},
				"south": {"uv": [0, 1.75, 8, 10.75], "texture": "#1"},
				"west": {"uv": [0, 0, 0, 11], "texture": "#1"},
				"up": {"uv": [0, 7, 0, 0], "rotation": 270, "texture": "#1"},
				"down": {"uv": [0, 0, 0, 7], "rotation": 90, "texture": "#1"}
			}
		},
		{
			"from": [8.5, 19, 7.5],
			"to": [20.5, 31, 7.5],
			"rotation": {"angle": 22.5, "axis": "z", "origin": [13.5, 25, 7.5]},
			"faces": {
				"north": {"uv": [0, 1.75, 8, 10.75], "texture": "#1"},
				"east": {"uv": [0, 0, 0, 11], "texture": "#1"},
				"south": {"uv": [8, 1.75, 0, 10.75], "texture": "#1"},
				"west": {"uv": [0, 0, 0, 11], "texture": "#1"},
				"up": {"uv": [0, 0, 0, 7], "rotation": 270, "texture": "#1"},
				"down": {"uv": [0, 7, 0, 0], "rotation": 90, "texture": "#1"}
			}
		},
		{
			"from": [6.9, 21.32843, 6.4],
			"to": [8.9, 23.32843, 6.4],
			"rotation": {"angle": 0, "axis": "y", "origin": [7.9, 22.32843, 6.4]},
			"faces": {
				"north": {"uv": [0, 0, 4, 4], "texture": "#2"},
				"east": {"uv": [0, 0, 0, 4], "texture": "#2"},
				"south": {"uv": [4, 0, 0, 4], "texture": "#2"},
				"west": {"uv": [0, 0, 0, 4], "texture": "#2"},
				"up": {"uv": [0, 4, 0, 0], "rotation": 90, "texture": "#2"},
				"down": {"uv": [0, 0, 0, 4], "rotation": 270, "texture": "#2"}
			}
		},
		{
			"from": [6.9, 7.32843, -2.1],
			"to": [8.9, 9.32843, -2.1],
			"rotation": {"angle": 0, "axis": "y", "origin": [7.9, 8.32843, -2.1]},
			"faces": {
				"north": {"uv": [0, 0, 4, 4], "texture": "#2"},
				"east": {"uv": [0, 0, 0, 4], "texture": "#2"},
				"south": {"uv": [4, 0, 0, 4], "texture": "#2"},
				"west": {"uv": [0, 0, 0, 4], "texture": "#2"},
				"up": {"uv": [0, 4, 0, 0], "rotation": 90, "texture": "#2"},
				"down": {"uv": [0, 0, 0, 4], "rotation": 270, "texture": "#2"}
			}
		},
		{
			"from": [-15, 6.5, 9],
			"to": [1, 28.5, 9],
			"rotation": {"angle": 22.5, "axis": "y", "origin": [-7, 17.5, 9]},
			"faces": {
				"north": {"uv": [8, 0, 0, 11], "texture": "#1"},
				"east": {"uv": [0, 0, 0, 11], "texture": "#1"},
				"south": {"uv": [0, 0, 8, 11], "texture": "#1"},
				"west": {"uv": [0, 0, 0, 11], "texture": "#1"},
				"up": {"uv": [0, 0, 0, 7], "rotation": 90, "texture": "#1"},
				"down": {"uv": [0, 7, 0, 0], "rotation": 270, "texture": "#1"}
			}
		},
		{
			"from": [-4, 13, 4],
			"to": [20, 17, 12],
			"rotation": {"angle": 0, "axis": "y", "origin": [8, 13, 8]},
			"faces": {
				"north": {"uv": [3, 15.125, 6, 15.625], "texture": "#0"},
				"east": {"uv": [2, 10.375, 3, 10.875], "texture": "#0"},
				"south": {"uv": [3, 15.125, 6, 15.625], "texture": "#0"},
				"west": {"uv": [2, 10.375, 3, 10.875], "texture": "#0"},
				"up": {"uv": [0, 13.875, 3, 14.875], "texture": "#0"},
				"down": {"uv": [0, 13.875, 3, 14.875], "texture": "#0"}
			}
		},
		{
			"from": [-3.95, 13, -2],
			"to": [19.95, 17, 4],
			"rotation": {"angle": -22.5, "axis": "x", "origin": [8, 17, 4]},
			"faces": {
				"north": {"uv": [2, 9.875, 5, 10.375], "rotation": 180, "texture": "#0"},
				"east": {"uv": [3, 8.875, 3.5, 9.625], "rotation": 270, "texture": "#0"},
				"south": {"uv": [2, 9.875, 5, 10.375], "rotation": 180, "texture": "#0"},
				"west": {"uv": [3, 9.625, 3.5, 8.875], "rotation": 270, "texture": "#0"},
				"up": {"uv": [0, 14.875, 3, 15.625], "rotation": 180, "texture": "#0"},
				"down": {"uv": [0, 14.875, 3, 15.625], "rotation": 180, "texture": "#0"}
			}
		},
		{
			"from": [-3.95, 13, 12],
			"to": [19.95, 17, 18],
			"rotation": {"angle": 22.5, "axis": "x", "origin": [8, 17, 12]},
			"faces": {
				"north": {"uv": [5, 9.875, 2, 10.375], "rotation": 180, "texture": "#0"},
				"east": {"uv": [3, 9.625, 3.5, 8.875], "rotation": 270, "texture": "#0"},
				"south": {"uv": [5, 9.875, 2, 10.375], "rotation": 180, "texture": "#0"},
				"west": {"uv": [3, 8.875, 3.5, 9.625], "rotation": 270, "texture": "#0"},
				"up": {"uv": [0, 15.625, 3, 14.875], "rotation": 180, "texture": "#0"},
				"down": {"uv": [0, 15.625, 3, 14.875], "rotation": 180, "texture": "#0"}
			}
		},
		{
			"from": [6, 6.5, -2],
			"to": [10, 10, 0],
			"rotation": {"angle": 0, "axis": "y", "origin": [8, 15.5, -1.7]},
			"faces": {
				"north": {"uv": [3.5, 9.3125, 4, 8.875], "texture": "#0"},
				"east": {"uv": [4, 9.3125, 4.25, 8.875], "texture": "#0"},
				"south": {"uv": [3.5, 9.3125, 4, 8.875], "texture": "#0"},
				"west": {"uv": [4.25, 9.3125, 4, 8.875], "texture": "#0"},
				"up": {"uv": [3.0625, 8.375, 3.25, 8.875], "rotation": 270, "texture": "#0"},
				"down": {"uv": [3.0625, 8.375, 3.25, 8.875], "rotation": 270, "texture": "#0"}
			}
		},
		{
			"from": [6.6, 5.1, -1.95],
			"to": [9.4, 7.9, -0.05],
			"rotation": {"angle": -45, "axis": "z", "origin": [8, 6.5, -0.9]},
			"faces": {
				"north": {"uv": [2.6875, 3.1875, 2.3125, 2.8125], "texture": "#0"},
				"east": {"uv": [3.25, 10.725, 3, 10.375], "texture": "#0"},
				"south": {"uv": [2.3125, 3.1875, 2.6875, 2.8125], "texture": "#0"},
				"west": {"uv": [3.25, 1.475, 3, 1.125], "texture": "#0"},
				"up": {"uv": [3, 1.125, 3.25, 1.475], "rotation": 270, "texture": "#0"},
				"down": {"uv": [3.6, 10.61875, 3.25, 10.38125], "texture": "#0"}
			}
		},
		{
			"from": [-4.75, 10, -1],
			"to": [20.75, 13, 17],
			"rotation": {"angle": 0, "axis": "y", "origin": [8.3, 10, 16]},
			"faces": {
				"north": {"uv": [0, 13.125, 3.1875, 13.5], "texture": "#0"},
				"east": {"uv": [2.25, 13.5, 0, 13.875], "texture": "#0"},
				"south": {"uv": [0, 13.125, 3.1875, 13.5], "texture": "#0"},
				"west": {"uv": [2.25, 13.5, 0, 13.875], "texture": "#0"},
				"up": {"uv": [0, 10.875, 3.1875, 13.125], "texture": "#0"},
				"down": {"uv": [0, 10.875, 3.1875, 13.125], "texture": "#0"}
			}
		}
	],
	"gui_light": "front",
	"display": {
		"thirdperson_righthand": {
			"rotation": [60.75, 0, 0],
			"translation": [0, 2.5, 0],
			"scale": [0.42773, 0.42773, 0.42773]
		},
		"thirdperson_lefthand": {
			"rotation": [60.75, 0, 0],
			"translation": [0, 2.5, 0],
			"scale": [0.42773, 0.42773, 0.42773]
		},
		"firstperson_righthand": {
			"rotation": [-180, 41.75, -180],
			"translation": [12.25, -8, -18.5],
			"scale": [0.80469, 0.80469, 0.80469]
		},
		"firstperson_lefthand": {
			"rotation": [-180, 41.75, -180],
			"translation": [12.25, -8, -18.5],
			"scale": [0.80469, 0.80469, 0.80469]
		},
		"ground": {
			"translation": [0, 0.25, 0],
			"scale": [0.54492, 0.54492, 0.54492]
		},
		"gui": {
			"rotation": [17, 159, 0],
			"translation": [0, -2.5, 0],
			"scale": [0.5, 0.5, 0.5]
		},
		"head": {
			"translation": [0, -32.75, -0.75],
			"scale": [1.2, 1.2, 1.2]
		},
		"fixed": {
			"rotation": [-90, 0, 0],
			"translation": [0, 0, -13.75],
			"scale": [1.8, 1.8, 1.8]
		}
	}
}