{
	"credit": "Made with Blockbench",
	"texture_size": [128, 128],
	"textures": {
		"0": "elitecreatures:heavenly_emperor_animated/heavenly_emperor_texture",
		"1": "elitecreatures:heavenly_emperor_animated/heavenly_emperor_animation1",
		"2": "elitecreatures:heavenly_emperor_animated/heavenly_emperor_animation2",
		"particle": "elitecreatures:heavenly_emperor_animated/heavenly_emperor_texture"
	},
	"elements": [
		{
			"from": [7, -8, 7],
			"to": [9, 2, 9],
			"rotation": {"angle": 45, "axis": "y", "origin": [8, -4, 8]},
			"faces": {
				"north": {"uv": [1.375, 0.875, 1.625, 2.125], "texture": "#0"},
				"east": {"uv": [1.625, 0.875, 1.375, 2.125], "texture": "#0"},
				"south": {"uv": [3.25, 1.5, 3, 2.75], "texture": "#0"},
				"west": {"uv": [3, 1.5, 3.25, 2.75], "texture": "#0"},
				"up": {"uv": [1.375, 0.875, 1.625, 1.125], "texture": "#0"},
				"down": {"uv": [1.375, 0.875, 1.625, 1.125], "texture": "#0"}
			}
		},
		{
			"from": [6.75, -8.5, 6.75],
			"to": [9.25, -5.5, 9.25],
			"rotation": {"angle": 45, "axis": "y", "origin": [8, -3.5, 8]},
			"faces": {
				"north": {"uv": [1.9375, 0.875, 1.625, 1.25], "texture": "#0"},
				"east": {"uv": [1.625, 0.875, 1.9375, 1.25], "texture": "#0"},
				"south": {"uv": [1.9375, 0.875, 1.625, 1.25], "texture": "#0"},
				"west": {"uv": [1.625, 0.875, 1.9375, 1.25], "texture": "#0"},
				"up": {"uv": [1.9375, 1.25, 1.625, 1.5625], "rotation": 270, "texture": "#0"},
				"down": {"uv": [1.9375, 1.25, 1.625, 1.5625], "rotation": 270, "texture": "#0"}
			}
		},
		{
			"from": [6.75, 0.5, 6.75],
			"to": [9.25, 3.5, 9.25],
			"rotation": {"angle": 45, "axis": "y", "origin": [8, -1.5, 8]},
			"faces": {
				"north": {"uv": [1.9375, 1.25, 1.625, 0.875], "texture": "#0"},
				"east": {"uv": [1.625, 1.25, 1.9375, 0.875], "texture": "#0"},
				"south": {"uv": [1.9375, 1.25, 1.625, 0.875], "texture": "#0"},
				"west": {"uv": [1.625, 1.25, 1.9375, 0.875], "texture": "#0"},
				"up": {"uv": [1.625, 1.25, 1.9375, 1.5625], "rotation": 270, "texture": "#0"},
				"down": {"uv": [1.625, 1.25, 1.9375, 1.5625], "rotation": 270, "texture": "#0"}
			}
		},
		{
			"from": [6.5, 2.5, 5],
			"to": [9.5, 5.5, 11],
			"rotation": {"angle": 0, "axis": "y", "origin": [8, -4.11142, 7.5625]},
			"faces": {
				"north": {"uv": [1.9375, 1.25, 2.3125, 0.875], "texture": "#0"},
				"east": {"uv": [0.25, 3.75, 1, 3.375], "texture": "#0"},
				"south": {"uv": [1.9375, 1.25, 2.3125, 0.875], "texture": "#0"},
				"west": {"uv": [0.25, 3.75, 1, 3.375], "texture": "#0"},
				"up": {"uv": [0.25, 3.75, 1, 4.125], "rotation": 270, "texture": "#0"},
				"down": {"uv": [0.25, 4.125, 1, 4.5], "rotation": 270, "texture": "#0"}
			}
		},
		{
			"from": [5.75, 1, 8],
			"to": [10.25, 5, 12],
			"rotation": {"angle": -45, "axis": "x", "origin": [8.7, 1, 8]},
			"faces": {
				"north": {"uv": [2.875, 0, 2.375, 0.5625], "rotation": 90, "texture": "#0"},
				"east": {"uv": [1.375, 3.4375, 1.875, 3.9375], "rotation": 90, "texture": "#0"},
				"south": {"uv": [1.875, 4.5, 1.375, 3.9375], "rotation": 90, "texture": "#0"},
				"west": {"uv": [1.375, 3.9375, 1.875, 3.4375], "rotation": 90, "texture": "#0"},
				"up": {"uv": [1.375, 3.9375, 1.875, 4.5], "rotation": 90, "texture": "#0"},
				"down": {"uv": [2.875, 0, 2.375, 0.5625], "rotation": 90, "texture": "#0"}
			}
		},
		{
			"from": [7, 0.9, 4.6],
			"to": [9, 3.4, 8.5],
			"rotation": {"angle": 22.5, "axis": "x", "origin": [7, 1.9, 8.5]},
			"faces": {
				"north": {"uv": [2.75, 3.1875, 2.5, 3.5], "texture": "#0"},
				"east": {"uv": [1.875, 3.4375, 2.375, 3.75], "texture": "#0"},
				"south": {"uv": [2.75, 3.1875, 2.5, 3.5], "texture": "#0"},
				"west": {"uv": [2.375, 3.4375, 1.875, 3.75], "texture": "#0"},
				"up": {"uv": [2.125, 2.6875, 2.375, 2.1875], "texture": "#0"},
				"down": {"uv": [2.125, 2.6875, 2.375, 2.1875], "texture": "#0"}
			}
		},
		{
			"from": [7, 0.9, 7.5],
			"to": [9, 3.4, 11.4],
			"rotation": {"angle": -22.5, "axis": "x", "origin": [7, 1.9, 7.5]},
			"faces": {
				"north": {"uv": [2.5, 3.1875, 2.75, 3.5], "texture": "#0"},
				"east": {"uv": [2.375, 3.4375, 1.875, 3.75], "texture": "#0"},
				"south": {"uv": [2.5, 3.1875, 2.75, 3.5], "texture": "#0"},
				"west": {"uv": [1.875, 3.4375, 2.375, 3.75], "texture": "#0"},
				"up": {"uv": [2.125, 2.1875, 2.375, 2.6875], "texture": "#0"},
				"down": {"uv": [2.125, 2.1875, 2.375, 2.6875], "texture": "#0"}
			}
		},
		{
			"from": [5.25, 2.20711, 8.5],
			"to": [10.75, 4.20711, 10.5],
			"rotation": {"angle": -45, "axis": "x", "origin": [8.7, 1.70711, 8]},
			"faces": {
				"north": {"uv": [2.3125, 3.1875, 1.625, 3.4375], "texture": "#0"},
				"east": {"uv": [1.625, 2.6875, 1.875, 2.9375], "texture": "#0"},
				"south": {"uv": [2.3125, 2.9375, 1.625, 3.1875], "texture": "#0"},
				"west": {"uv": [1.875, 2.6875, 1.625, 2.9375], "texture": "#0"},
				"up": {"uv": [2.3125, 3.1875, 1.625, 2.9375], "texture": "#0"},
				"down": {"uv": [2.3125, 3.1875, 1.625, 3.4375], "texture": "#0"}
			}
		},
		{
			"from": [5.2, 2.20711, 8.5],
			"to": [5.2, 4.20711, 10.5],
			"rotation": {"angle": -45, "axis": "x", "origin": [8.6, 1.70711, 8]},
			"faces": {
				"north": {"uv": [0, 0, 0, 4], "texture": "#2"},
				"east": {"uv": [4, 0, 0, 4], "texture": "#2"},
				"south": {"uv": [0, 0, 0, 4], "texture": "#2"},
				"west": {"uv": [0, 0, 4, 4], "texture": "#2"},
				"up": {"uv": [0, 4, 0, 0], "texture": "#2"},
				"down": {"uv": [0, 0, 0, 4], "texture": "#2"}
			}
		},
		{
			"from": [10.8, 2.20711, 8.5],
			"to": [10.8, 4.20711, 10.5],
			"rotation": {"angle": -45, "axis": "x", "origin": [7.4, 1.70711, 8]},
			"faces": {
				"north": {"uv": [0, 0, 0, 4], "texture": "#2"},
				"east": {"uv": [4, 0, 0, 4], "texture": "#2"},
				"south": {"uv": [0, 0, 0, 4], "texture": "#2"},
				"west": {"uv": [0, 0, 4, 4], "texture": "#2"},
				"up": {"uv": [0, 4, 0, 0], "texture": "#2"},
				"down": {"uv": [0, 0, 0, 4], "texture": "#2"}
			}
		},
		{
			"from": [6, -8.6, 6],
			"to": [10, -7, 10],
			"rotation": {"angle": -45, "axis": "y", "origin": [8, -7.75, 8]},
			"faces": {
				"north": {"uv": [1.625, 2.0625, 2.125, 2.25], "texture": "#0"},
				"east": {"uv": [1.625, 2.0625, 2.125, 2.25], "texture": "#0"},
				"south": {"uv": [1.625, 2.0625, 2.125, 2.25], "texture": "#0"},
				"west": {"uv": [2.125, 2.0625, 1.625, 2.25], "texture": "#0"},
				"up": {"uv": [2.125, 2.0625, 1.625, 1.5625], "rotation": 270, "texture": "#0"},
				"down": {"uv": [2.125, 2.0625, 1.625, 1.5625], "rotation": 90, "texture": "#0"}
			}
		},
		{
			"from": [7.15, -12, 7],
			"to": [8.85, -8, 9],
			"rotation": {"angle": 0, "axis": "y", "origin": [7, 5.2, 8]},
			"faces": {
				"north": {"uv": [2.125, 1.6875, 2.3125, 2.1875], "texture": "#0"},
				"east": {"uv": [2.125, 1.25, 2.375, 1.75], "texture": "#0"},
				"south": {"uv": [2.125, 1.6875, 2.3125, 2.1875], "texture": "#0"},
				"west": {"uv": [2.125, 1.25, 2.375, 1.75], "texture": "#0"},
				"up": {"uv": [8.1875, 0, 8.375, 0.25], "texture": "#0"},
				"down": {"uv": [8.1875, 0, 8.375, 0.25], "texture": "#0"}
			}
		},
		{
			"from": [7, -7.08922, -6.30421],
			"to": [9, -5.58922, -4.80421],
			"rotation": {"angle": -45, "axis": "x", "origin": [7.7, 7.21499, 8]},
			"faces": {
				"north": {"uv": [1.625, 3.1875, 1.375, 3.375], "texture": "#0"},
				"east": {"uv": [1.375, 3, 1.5625, 3.1875], "texture": "#0"},
				"south": {"uv": [2.9375, 3.75, 2.6875, 3.5625], "texture": "#0"},
				"west": {"uv": [1.5625, 3, 1.375, 3.1875], "texture": "#0"},
				"up": {"uv": [2.9375, 3.5625, 2.6875, 3.75], "texture": "#0"},
				"down": {"uv": [1.625, 3.1875, 1.375, 3.375], "texture": "#0"}
			}
		},
		{
			"from": [7.25, -11.5, 6.5],
			"to": [8.75, -8, 9],
			"rotation": {"angle": 22.5, "axis": "x", "origin": [8, -8, 6.5]},
			"faces": {
				"north": {"uv": [2.125, 2.6875, 1.9375, 2.25], "texture": "#0"},
				"east": {"uv": [1.625, 2.6875, 1.9375, 2.25], "texture": "#0"},
				"south": {"uv": [2.125, 2.6875, 1.9375, 2.25], "texture": "#0"},
				"west": {"uv": [1.9375, 2.6875, 1.625, 2.25], "texture": "#0"},
				"up": {"uv": [1.9375, 1.25, 2.125, 1.5625], "texture": "#0"},
				"down": {"uv": [1.9375, 1.25, 2.125, 1.5625], "texture": "#0"}
			}
		},
		{
			"from": [7.25, -11.5, 7],
			"to": [8.75, -8, 9.5],
			"rotation": {"angle": -22.5, "axis": "x", "origin": [8, -8, 9.5]},
			"faces": {
				"north": {"uv": [1.9375, 2.6875, 2.125, 2.25], "texture": "#0"},
				"east": {"uv": [1.9375, 2.6875, 1.625, 2.25], "texture": "#0"},
				"south": {"uv": [1.9375, 2.6875, 2.125, 2.25], "texture": "#0"},
				"west": {"uv": [1.625, 2.6875, 1.9375, 2.25], "texture": "#0"},
				"up": {"uv": [1.9375, 1.5625, 2.125, 1.25], "texture": "#0"},
				"down": {"uv": [1.9375, 1.5625, 2.125, 1.25], "texture": "#0"}
			}
		},
		{
			"from": [7, 2.55, 9.9],
			"to": [9.1, 5.45, 12],
			"rotation": {"angle": -45, "axis": "y", "origin": [8, 3.25, 10.9]},
			"faces": {
				"north": {"uv": [1.6875, 4.1875, 1.4375, 3.8125], "texture": "#0"},
				"east": {"uv": [1.375, 2.5, 1.625, 2.125], "texture": "#0"},
				"south": {"uv": [1.625, 2.5, 1.375, 2.125], "texture": "#0"},
				"west": {"uv": [1.6875, 4.1875, 1.4375, 3.8125], "texture": "#0"},
				"up": {"uv": [1.625, 2.5, 1.375, 2.75], "rotation": 270, "texture": "#0"},
				"down": {"uv": [1.625, 2.75, 1.375, 3], "rotation": 270, "texture": "#0"}
			}
		},
		{
			"from": [7, 2.55, 4],
			"to": [9.1, 5.45, 6.1],
			"rotation": {"angle": 45, "axis": "y", "origin": [8, 3.25, 5.1]},
			"faces": {
				"north": {"uv": [1.375, 2.5, 1.625, 2.125], "texture": "#0"},
				"east": {"uv": [1.625, 2.5, 1.375, 2.125], "texture": "#0"},
				"south": {"uv": [1.4375, 4.1875, 1.6875, 3.8125], "texture": "#0"},
				"west": {"uv": [1.4375, 4.1875, 1.6875, 3.8125], "texture": "#0"},
				"up": {"uv": [1.375, 2.5, 1.625, 2.75], "rotation": 270, "texture": "#0"},
				"down": {"uv": [1.375, 2.75, 1.625, 3], "rotation": 270, "texture": "#0"}
			}
		},
		{
			"from": [10, -1, 8],
			"to": [10, 17, 22],
			"rotation": {"angle": -22.5, "axis": "x", "origin": [10, 8, 15]},
			"faces": {
				"north": {"uv": [0, 0, 0, 11], "texture": "#1"},
				"east": {"uv": [0, 0, 8, 11], "texture": "#1"},
				"south": {"uv": [0, 0, 0, 11], "texture": "#1"},
				"west": {"uv": [8, 0, 0, 11], "texture": "#1"},
				"up": {"uv": [0, 0, 0, 7], "texture": "#1"},
				"down": {"uv": [0, 7, 0, 0], "texture": "#1"}
			}
		},
		{
			"from": [6, -1, 8],
			"to": [6, 17, 22],
			"rotation": {"angle": -22.5, "axis": "x", "origin": [6, 8, 15]},
			"faces": {
				"north": {"uv": [0, 0, 0, 11], "texture": "#1"},
				"east": {"uv": [0, 0, 8, 11], "texture": "#1"},
				"south": {"uv": [0, 0, 0, 11], "texture": "#1"},
				"west": {"uv": [8, 0, 0, 11], "texture": "#1"},
				"up": {"uv": [0, 0, 0, 7], "texture": "#1"},
				"down": {"uv": [0, 7, 0, 0], "texture": "#1"}
			}
		},
		{
			"from": [6.36976, -11.28191, 14.14522],
			"to": [10.36976, -11.28191, 16.14522],
			"rotation": {"angle": 22.5, "axis": "x", "origin": [8.36976, -10.08832, 12.64804]},
			"faces": {
				"north": {"uv": [0, 96, 0, 0], "rotation": 90, "texture": "#missing"},
				"east": {"uv": [0, 192, 0, 0], "rotation": 270, "texture": "#missing"},
				"south": {"uv": [0, 96, 0, 0], "rotation": 90, "texture": "#missing"},
				"west": {"uv": [0, 192, 0, 0], "rotation": 90, "texture": "#missing"},
				"up": {"uv": [3.3125, 1.0625, 3.8125, 0.8125], "rotation": 180, "texture": "#0"},
				"down": {"uv": [3.3125, 0.8125, 3.8125, 1.0625], "rotation": 180, "texture": "#0"}
			}
		},
		{
			"from": [6.36976, -11.93744, 12.10631],
			"to": [10.36976, -8.93744, 12.10631],
			"rotation": {"angle": -45, "axis": "x", "origin": [8.36976, -10.08832, 12.64804]},
			"faces": {
				"north": {"uv": [3.3125, 0.4375, 3.8125, 0.8125], "texture": "#0"},
				"east": {"uv": [0, 0, 0, 192], "texture": "#missing"},
				"south": {"uv": [3.8125, 0.4375, 3.3125, 0.8125], "texture": "#0"},
				"west": {"uv": [0, 0, 0, 192], "texture": "#missing"},
				"up": {"uv": [0, 0, 0, 96], "rotation": 90, "texture": "#missing"},
				"down": {"uv": [0, 0, 0, 96], "rotation": 270, "texture": "#missing"}
			}
		},
		{
			"from": [6.36976, -9.22855, 11.72626],
			"to": [10.36976, -6.72855, 11.72626],
			"rotation": {"angle": -22.5, "axis": "x", "origin": [8.36976, -10.08832, 12.64804]},
			"faces": {
				"north": {"uv": [3.3125, 0.125, 3.8125, 0.4375], "texture": "#0"},
				"east": {"uv": [0, 0, 0, 192], "texture": "#0"},
				"south": {"uv": [3.8125, 0.125, 3.3125, 0.4375], "texture": "#0"},
				"west": {"uv": [0, 0, 0, 192], "texture": "#0"},
				"up": {"uv": [0, 0, 0, 96], "rotation": 90, "texture": "#0"},
				"down": {"uv": [0, 0, 0, 96], "rotation": 270, "texture": "#0"}
			}
		},
		{
			"from": [6.36976, 4.92855, 3.97374],
			"to": [10.36976, 7.42855, 3.97374],
			"rotation": {"angle": -22.5, "axis": "x", "origin": [8.36976, 8.28832, 3.05196]},
			"faces": {
				"north": {"uv": [3.3125, 0.4375, 3.8125, 0.125], "texture": "#0"},
				"east": {"uv": [0, 192, 0, 0], "texture": "#0"},
				"south": {"uv": [3.8125, 0.4375, 3.3125, 0.125], "texture": "#0"},
				"west": {"uv": [0, 192, 0, 0], "texture": "#0"},
				"up": {"uv": [0, 0, 0, 96], "rotation": 270, "texture": "#0"},
				"down": {"uv": [0, 0, 0, 96], "rotation": 90, "texture": "#0"}
			}
		},
		{
			"from": [6.36976, 7.13744, 3.59369],
			"to": [10.36976, 10.13744, 3.59369],
			"rotation": {"angle": -45, "axis": "x", "origin": [8.36976, 8.28832, 3.05196]},
			"faces": {
				"north": {"uv": [3.3125, 0.8125, 3.8125, 0.4375], "texture": "#0"},
				"east": {"uv": [0, 192, 0, 0], "texture": "#missing"},
				"south": {"uv": [3.8125, 0.8125, 3.3125, 0.4375], "texture": "#0"},
				"west": {"uv": [0, 192, 0, 0], "texture": "#missing"},
				"up": {"uv": [0, 0, 0, 96], "rotation": 270, "texture": "#missing"},
				"down": {"uv": [0, 0, 0, 96], "rotation": 90, "texture": "#missing"}
			}
		},
		{
			"from": [6.36976, 9.48191, -0.44522],
			"to": [10.36976, 9.48191, 1.55478],
			"rotation": {"angle": 22.5, "axis": "x", "origin": [8.36976, 8.28832, 3.05196]},
			"faces": {
				"north": {"uv": [0, 0, 0, 96], "rotation": 90, "texture": "#missing"},
				"east": {"uv": [0, 0, 0, 192], "rotation": 270, "texture": "#missing"},
				"south": {"uv": [0, 0, 0, 96], "rotation": 90, "texture": "#missing"},
				"west": {"uv": [0, 0, 0, 192], "rotation": 90, "texture": "#missing"},
				"up": {"uv": [3.3125, 0.8125, 3.8125, 1.0625], "rotation": 180, "texture": "#0"},
				"down": {"uv": [3.3125, 1.0625, 3.8125, 0.8125], "rotation": 180, "texture": "#0"}
			}
		},
		{
			"from": [11.90846, -9.22855, 6.44804],
			"to": [11.90846, -6.72855, 9.44804],
			"rotation": {"angle": 22.5, "axis": "z", "origin": [12.83024, -10.08832, 7.44804]},
			"faces": {
				"north": {"uv": [0, 0, 0, 192], "texture": "#0"},
				"east": {"uv": [3.8125, 0, 4.1875, 0.3125], "texture": "#0"},
				"south": {"uv": [0, 0, 0, 192], "texture": "#0"},
				"west": {"uv": [4.1875, 0, 3.8125, 0.3125], "texture": "#0"},
				"up": {"uv": [0, 0, 0, 96], "rotation": 180, "texture": "#0"},
				"down": {"uv": [0, 0, 0, 96], "rotation": 180, "texture": "#0"}
			}
		},
		{
			"from": [12.28851, -11.93744, 6.44804],
			"to": [12.28851, -8.93744, 9.44804],
			"rotation": {"angle": 45, "axis": "z", "origin": [12.83024, -10.08832, 7.44804]},
			"faces": {
				"north": {"uv": [0, 0, 0, 192], "texture": "#missing"},
				"east": {"uv": [3.8125, 0.3125, 4.1875, 0.6875], "texture": "#0"},
				"south": {"uv": [0, 0, 0, 192], "texture": "#missing"},
				"west": {"uv": [4.1875, 0.3125, 3.8125, 0.6875], "texture": "#0"},
				"up": {"uv": [0, 0, 0, 96], "rotation": 180, "texture": "#missing"},
				"down": {"uv": [0, 0, 0, 96], "rotation": 180, "texture": "#missing"}
			}
		},
		{
			"from": [5.89154, 4.72855, 3.94804],
			"to": [5.89154, 7.22855, 6.94804],
			"rotation": {"angle": 22.5, "axis": "z", "origin": [4.96976, 8.08832, 4.94804]},
			"faces": {
				"north": {"uv": [0, 192, 0, 0], "texture": "#0"},
				"east": {"uv": [3.8125, 0.3125, 4.1875, 0], "texture": "#0"},
				"south": {"uv": [0, 192, 0, 0], "texture": "#0"},
				"west": {"uv": [4.1875, 0.3125, 3.8125, 0], "texture": "#0"},
				"up": {"uv": [0, 96, 0, 0], "rotation": 180, "texture": "#0"},
				"down": {"uv": [0, 96, 0, 0], "rotation": 180, "texture": "#0"}
			}
		},
		{
			"from": [5.51149, 6.93744, 3.94804],
			"to": [5.51149, 9.93744, 6.94804],
			"rotation": {"angle": 45, "axis": "z", "origin": [4.96976, 8.08832, 4.94804]},
			"faces": {
				"north": {"uv": [0, 192, 0, 0], "texture": "#missing"},
				"east": {"uv": [3.8125, 0.6875, 4.1875, 0.3125], "texture": "#0"},
				"south": {"uv": [0, 192, 0, 0], "texture": "#missing"},
				"west": {"uv": [4.1875, 0.6875, 3.8125, 0.3125], "texture": "#0"},
				"up": {"uv": [0, 96, 0, 0], "rotation": 180, "texture": "#missing"},
				"down": {"uv": [0, 96, 0, 0], "rotation": 180, "texture": "#missing"}
			}
		},
		{
			"from": [7.25, 12.5, 2.5],
			"to": [8.75, 17, 7],
			"rotation": {"angle": 0, "axis": "y", "origin": [-0.2, -1, 0.1]},
			"faces": {
				"north": {"uv": [3.9375, 10.875, 4.125, 11.4375], "texture": "#0"},
				"east": {"uv": [3.75, 10.875, 3.1875, 11.4375], "texture": "#0"},
				"south": {"uv": [4.125, 10.875, 4.3125, 11.4375], "texture": "#0"},
				"west": {"uv": [3.1875, 10.875, 3.75, 11.4375], "texture": "#0"},
				"up": {"uv": [3.75, 10.875, 3.9375, 11.4375], "texture": "#0"},
				"down": {"uv": [4.125, 10.875, 4.3125, 11.4375], "texture": "#0"}
			}
		},
		{
			"from": [7.5, 4.5, 7],
			"to": [8.5, 17.5, 9],
			"rotation": {"angle": 0, "axis": "y", "origin": [0.2, 0.5, 0.6]},
			"faces": {
				"north": {"uv": [5.6875, 6.9375, 5.8125, 8.5625], "texture": "#0"},
				"east": {"uv": [5.5625, 6.9375, 5.3125, 8.5625], "texture": "#0"},
				"south": {"uv": [5.5625, 6.9375, 5.6875, 8.5625], "texture": "#0"},
				"west": {"uv": [5.3125, 6.9375, 5.5625, 8.5625], "texture": "#0"},
				"up": {"uv": [5.125, 7.5625, 5.25, 7.8125], "texture": "#0"},
				"down": {"uv": [5.125, 7.5625, 5.25, 7.8125], "texture": "#0"}
			}
		},
		{
			"from": [7.25, 9, 3.5],
			"to": [8.75, 11.5, 7],
			"rotation": {"angle": 0, "axis": "y", "origin": [-0.2, -7.5, 0.1]},
			"faces": {
				"north": {"uv": [4.25, 10.375, 4.0625, 10.6875], "texture": "#0"},
				"east": {"uv": [3.625, 10.375, 4.0625, 10.6875], "texture": "#0"},
				"south": {"uv": [4.625, 10.375, 4.4375, 10.6875], "texture": "#0"},
				"west": {"uv": [4.0625, 10.375, 3.625, 10.6875], "texture": "#0"},
				"up": {"uv": [4.4375, 10.375, 4.25, 10.8125], "texture": "#0"},
				"down": {"uv": [4.8125, 10.375, 4.625, 10.8125], "texture": "#0"}
			}
		}
	],
	"gui_light": "front",
	"display": {
		"thirdperson_righthand": {
			"translation": [0, 2.5, 0.75],
			"scale": [0.35, 0.35, 0.35]
		},
		"thirdperson_lefthand": {
			"translation": [0, 2.5, 0.75],
			"scale": [0.35, 0.35, 0.35]
		},
		"firstperson_righthand": {
			"rotation": [-54, 0, 0],
			"translation": [5, 1.75, -4.25],
			"scale": [0.41836, 0.41836, 0.41836]
		},
		"firstperson_lefthand": {
			"rotation": [-54, 0, 0],
			"translation": [5, 1.75, -4.25],
			"scale": [0.41836, 0.41836, 0.41836]
		},
		"ground": {
			"rotation": [0, 0, 88],
			"translation": [-2, 0.75, 0.25],
			"scale": [0.6, 0.6, 0.6]
		},
		"gui": {
			"rotation": [-90, 90, -90],
			"translation": [0.25, -4, -1.5],
			"scale": [0.45172, 0.45172, 0.45172]
		},
		"head": {
			"rotation": [-180, 0, 0],
			"translation": [0, 15.5, 1.75],
			"scale": [0.6, 0.6, 0.6]
		},
		"fixed": {
			"rotation": [-90, -90, -90],
			"translation": [0, 9.25, -2],
			"scale": [1.2, 1.2, 1.2]
		}
	}
}