{
	"credit": "Made with Blockbench",
	"texture_size": [128, 128],
	"textures": {
		"0": "elitecreatures:archdemon_animated/archdemon_texture",
		"2": "elitecreatures:archdemon_animated/archdemon_animation1",
		"3": "elitecreatures:archdemon_animated/archdemon_animation2",
		"4": "elitecreatures:archdemon_animated/archdemon_animation3",
		"particle": "elitecreatures:archdemon_animated/archdemon_texture"
	},
	"elements": [
		{
			"from": [7.25, -6.8, 6.75],
			"to": [8.75, -4.3, 9.25],
			"rotation": {"angle": 0, "axis": "y", "origin": [8, -7.05, 7.4]},
			"faces": {
				"north": {"uv": [5.0625, 1.1875, 4.875, 1.5], "texture": "#0"},
				"east": {"uv": [4.375, 1.1875, 4.6875, 1.5], "texture": "#0"},
				"south": {"uv": [4.875, 1.1875, 4.6875, 1.5], "texture": "#0"},
				"west": {"uv": [4.375, 1.1875, 4.6875, 1.5], "texture": "#0"},
				"up": {"uv": [4.375, 1.5, 4.6875, 1.6875], "rotation": 90, "texture": "#0"},
				"down": {"uv": [4.375, 1.5, 4.6875, 1.6875], "rotation": 90, "texture": "#0"}
			}
		},
		{
			"from": [7.25, -3.8, 6.75],
			"to": [8.75, -1.3, 9.25],
			"rotation": {"angle": 0, "axis": "y", "origin": [8, -4.05, 7.4]},
			"faces": {
				"north": {"uv": [5.0625, 1.1875, 4.875, 1.5], "texture": "#0"},
				"east": {"uv": [4.375, 1.1875, 4.6875, 1.5], "texture": "#0"},
				"south": {"uv": [4.875, 1.1875, 4.6875, 1.5], "texture": "#0"},
				"west": {"uv": [4.375, 1.1875, 4.6875, 1.5], "texture": "#0"},
				"up": {"uv": [4.375, 1.5, 4.6875, 1.6875], "rotation": 90, "texture": "#0"},
				"down": {"uv": [4.375, 1.5, 4.6875, 1.6875], "rotation": 90, "texture": "#0"}
			}
		},
		{
			"from": [7.25, -0.8, 6.75],
			"to": [8.75, 1.7, 9.25],
			"rotation": {"angle": 0, "axis": "y", "origin": [8, -1.05, 7.4]},
			"faces": {
				"north": {"uv": [5.0625, 1.1875, 4.875, 1.5], "texture": "#0"},
				"east": {"uv": [4.375, 1.1875, 4.6875, 1.5], "texture": "#0"},
				"south": {"uv": [4.875, 1.1875, 4.6875, 1.5], "texture": "#0"},
				"west": {"uv": [4.375, 1.1875, 4.6875, 1.5], "texture": "#0"},
				"up": {"uv": [4.375, 1.5, 4.6875, 1.6875], "rotation": 90, "texture": "#0"},
				"down": {"uv": [4.375, 1.5, 4.6875, 1.6875], "rotation": 90, "texture": "#0"}
			}
		},
		{
			"from": [7.25, 2.2, 6.75],
			"to": [8.75, 4.7, 9.25],
			"rotation": {"angle": 0, "axis": "y", "origin": [8, 1.95, 7.4]},
			"faces": {
				"north": {"uv": [5.0625, 1.1875, 4.875, 1.5], "texture": "#0"},
				"east": {"uv": [4.375, 1.1875, 4.6875, 1.5], "texture": "#0"},
				"south": {"uv": [4.875, 1.1875, 4.6875, 1.5], "texture": "#0"},
				"west": {"uv": [4.375, 1.1875, 4.6875, 1.5], "texture": "#0"},
				"up": {"uv": [4.375, 1.5, 4.6875, 1.6875], "rotation": 90, "texture": "#0"},
				"down": {"uv": [4.375, 1.5, 4.6875, 1.6875], "rotation": 90, "texture": "#0"}
			}
		},
		{
			"from": [7.25, 5.2, 6.75],
			"to": [8.75, 7.7, 9.25],
			"rotation": {"angle": 0, "axis": "y", "origin": [8, 4.95, 7.4]},
			"faces": {
				"north": {"uv": [5.0625, 1.1875, 4.875, 1.5], "texture": "#0"},
				"east": {"uv": [4.375, 1.1875, 4.6875, 1.5], "texture": "#0"},
				"south": {"uv": [4.875, 1.1875, 4.6875, 1.5], "texture": "#0"},
				"west": {"uv": [4.375, 1.1875, 4.6875, 1.5], "texture": "#0"},
				"up": {"uv": [4.375, 1.5, 4.6875, 1.6875], "rotation": 90, "texture": "#0"},
				"down": {"uv": [4.375, 1.5, 4.6875, 1.6875], "rotation": 90, "texture": "#0"}
			}
		},
		{
			"from": [6.75, -2.3, 7.25],
			"to": [9.25, 0.2, 8.75],
			"rotation": {"angle": 0, "axis": "y", "origin": [8, -1.05, 7.9]},
			"faces": {
				"north": {"uv": [4.375, 1.1875, 4.6875, 1.5], "texture": "#0"},
				"east": {"uv": [4.875, 1.1875, 4.6875, 1.5], "texture": "#0"},
				"south": {"uv": [4.375, 1.1875, 4.6875, 1.5], "texture": "#0"},
				"west": {"uv": [5.0625, 1.1875, 4.875, 1.5], "texture": "#0"},
				"up": {"uv": [4.375, 1.5, 4.6875, 1.6875], "texture": "#0"},
				"down": {"uv": [4.375, 1.5, 4.6875, 1.6875], "rotation": 180, "texture": "#0"}
			}
		},
		{
			"from": [6.75, 0.7, 7.25],
			"to": [9.25, 3.2, 8.75],
			"rotation": {"angle": 0, "axis": "y", "origin": [8, 1.95, 7.9]},
			"faces": {
				"north": {"uv": [4.375, 1.1875, 4.6875, 1.5], "texture": "#0"},
				"east": {"uv": [4.875, 1.1875, 4.6875, 1.5], "texture": "#0"},
				"south": {"uv": [4.375, 1.1875, 4.6875, 1.5], "texture": "#0"},
				"west": {"uv": [5.0625, 1.1875, 4.875, 1.5], "texture": "#0"},
				"up": {"uv": [4.375, 1.5, 4.6875, 1.6875], "texture": "#0"},
				"down": {"uv": [4.375, 1.5, 4.6875, 1.6875], "rotation": 180, "texture": "#0"}
			}
		},
		{
			"from": [6.75, 3.7, 7.25],
			"to": [9.25, 6.2, 8.75],
			"rotation": {"angle": 0, "axis": "y", "origin": [8, 4.95, 7.9]},
			"faces": {
				"north": {"uv": [4.375, 1.1875, 4.6875, 1.5], "texture": "#0"},
				"east": {"uv": [4.875, 1.1875, 4.6875, 1.5], "texture": "#0"},
				"south": {"uv": [4.375, 1.1875, 4.6875, 1.5], "texture": "#0"},
				"west": {"uv": [5.0625, 1.1875, 4.875, 1.5], "texture": "#0"},
				"up": {"uv": [4.375, 1.5, 4.6875, 1.6875], "texture": "#0"},
				"down": {"uv": [4.375, 1.5, 4.6875, 1.6875], "rotation": 180, "texture": "#0"}
			}
		},
		{
			"from": [6.75, 6.7, 7.25],
			"to": [9.25, 9.2, 8.75],
			"rotation": {"angle": 0, "axis": "y", "origin": [8, 7.95, 7.9]},
			"faces": {
				"north": {"uv": [4.375, 1.1875, 4.6875, 1.5], "texture": "#0"},
				"east": {"uv": [4.875, 1.1875, 4.6875, 1.5], "texture": "#0"},
				"south": {"uv": [4.375, 1.1875, 4.6875, 1.5], "texture": "#0"},
				"west": {"uv": [5.0625, 1.1875, 4.875, 1.5], "texture": "#0"},
				"up": {"uv": [4.375, 1.5, 4.6875, 1.6875], "texture": "#0"},
				"down": {"uv": [4.375, 1.5, 4.6875, 1.6875], "rotation": 180, "texture": "#0"}
			}
		},
		{
			"from": [6.75, -5.3, 7.25],
			"to": [9.25, -2.8, 8.75],
			"rotation": {"angle": 0, "axis": "y", "origin": [8, -4.05, 7.9]},
			"faces": {
				"north": {"uv": [4.375, 1.1875, 4.6875, 1.5], "texture": "#0"},
				"east": {"uv": [4.875, 1.1875, 4.6875, 1.5], "texture": "#0"},
				"south": {"uv": [4.375, 1.1875, 4.6875, 1.5], "texture": "#0"},
				"west": {"uv": [5.0625, 1.1875, 4.875, 1.5], "texture": "#0"},
				"up": {"uv": [4.375, 1.5, 4.6875, 1.6875], "texture": "#0"},
				"down": {"uv": [4.375, 1.5, 4.6875, 1.6875], "rotation": 180, "texture": "#0"}
			}
		},
		{
			"from": [6.75, -8.3, 7.25],
			"to": [9.25, -5.8, 8.75],
			"rotation": {"angle": 0, "axis": "y", "origin": [8, -7.05, 7.9]},
			"faces": {
				"north": {"uv": [4.375, 1.1875, 4.6875, 1.5], "texture": "#0"},
				"east": {"uv": [4.875, 1.1875, 4.6875, 1.5], "texture": "#0"},
				"south": {"uv": [4.375, 1.1875, 4.6875, 1.5], "texture": "#0"},
				"west": {"uv": [5.0625, 1.1875, 4.875, 1.5], "texture": "#0"},
				"up": {"uv": [4.375, 1.5, 4.6875, 1.6875], "texture": "#0"},
				"down": {"uv": [4.375, 1.5, 4.6875, 1.6875], "rotation": 180, "texture": "#0"}
			}
		},
		{
			"from": [7.25, -9.8, 6.75],
			"to": [8.75, -7.3, 9.25],
			"rotation": {"angle": 0, "axis": "y", "origin": [8, -10.05, 7.4]},
			"faces": {
				"north": {"uv": [5.0625, 1.1875, 4.875, 1.5], "texture": "#0"},
				"east": {"uv": [4.375, 1.1875, 4.6875, 1.5], "texture": "#0"},
				"south": {"uv": [4.875, 1.1875, 4.6875, 1.5], "texture": "#0"},
				"west": {"uv": [4.375, 1.1875, 4.6875, 1.5], "texture": "#0"},
				"up": {"uv": [4.375, 1.5, 4.6875, 1.6875], "rotation": 90, "texture": "#0"},
				"down": {"uv": [4.375, 1.5, 4.6875, 1.6875], "rotation": 90, "texture": "#0"}
			}
		},
		{
			"from": [6.75, -11.3, 6.8],
			"to": [9.25, -8.8, 8.3],
			"rotation": {"angle": 22.5, "axis": "x", "origin": [8, -10.05, 7.5]},
			"faces": {
				"north": {"uv": [4.375, 1.1875, 4.6875, 1.5], "texture": "#0"},
				"east": {"uv": [4.875, 1.1875, 4.6875, 1.5], "texture": "#0"},
				"south": {"uv": [4.375, 1.1875, 4.6875, 1.5], "texture": "#0"},
				"west": {"uv": [5.0625, 1.1875, 4.875, 1.5], "texture": "#0"},
				"up": {"uv": [4.375, 1.5, 4.6875, 1.6875], "texture": "#0"},
				"down": {"uv": [4.375, 1.5, 4.6875, 1.6875], "rotation": 180, "texture": "#0"}
			}
		},
		{
			"from": [7.25, -12.7, 5.5],
			"to": [8.75, -10.2, 8],
			"rotation": {"angle": 45, "axis": "x", "origin": [8, -11.45, 6.75]},
			"faces": {
				"north": {"uv": [5.0625, 1.1875, 4.875, 1.5], "texture": "#0"},
				"east": {"uv": [4.375, 1.1875, 4.6875, 1.5], "texture": "#0"},
				"south": {"uv": [4.875, 1.1875, 4.6875, 1.5], "texture": "#0"},
				"west": {"uv": [4.375, 1.1875, 4.6875, 1.5], "texture": "#0"},
				"up": {"uv": [4.375, 1.5, 4.6875, 1.6875], "rotation": 90, "texture": "#0"},
				"down": {"uv": [4.375, 1.5, 4.6875, 1.6875], "rotation": 90, "texture": "#0"}
			}
		},
		{
			"from": [6.75, -15.7, 4.65],
			"to": [9.25, -13.2, 7.15],
			"rotation": {"angle": 22.5, "axis": "x", "origin": [8.5, -13.15, 5.4]},
			"faces": {
				"north": {"uv": [3.5625, 0.9375, 3.25, 1.25], "texture": "#0"},
				"east": {"uv": [2.625, 0.9375, 2.9375, 1.25], "texture": "#0"},
				"south": {"uv": [3.5625, 0.9375, 3.25, 1.25], "texture": "#0"},
				"west": {"uv": [2.625, 0.9375, 2.9375, 1.25], "texture": "#0"},
				"up": {"uv": [2.9375, 0.9375, 3.25, 1.25], "rotation": 90, "texture": "#0"},
				"down": {"uv": [2.9375, 0.9375, 3.25, 1.25], "rotation": 90, "texture": "#0"}
			}
		},
		{
			"from": [6.25, -13.2, 2.45],
			"to": [9.75, -10.7, 6.95],
			"rotation": {"angle": -22.5, "axis": "x", "origin": [9, -12.45, 6.2]},
			"faces": {
				"north": {"uv": [3.5625, 0, 3.875, 0.4375], "rotation": 270, "texture": "#0"},
				"east": {"uv": [3.25, 0.5625, 3.5625, 0], "rotation": 90, "texture": "#0"},
				"south": {"uv": [3.875, 0, 4.1875, 0.4375], "rotation": 270, "texture": "#0"},
				"west": {"uv": [3.25, 0, 3.5625, 0.5625], "rotation": 90, "texture": "#0"},
				"up": {"uv": [3.25, 0, 2.8125, 0.5625], "rotation": 180, "texture": "#0"},
				"down": {"uv": [4.625, 0, 4.1875, 0.5625], "rotation": 180, "texture": "#0"}
			}
		},
		{
			"from": [6.5, -16, 5.45],
			"to": [9.5, -13.2, 6.95],
			"rotation": {"angle": -22.5, "axis": "x", "origin": [9.2, -12.45, 6.2]},
			"faces": {
				"north": {"uv": [3.75, 0.5625, 3.375, 0.9125], "texture": "#0"},
				"east": {"uv": [3, 0.5625, 2.8125, 0.9125], "texture": "#0"},
				"south": {"uv": [3.375, 0.5625, 3, 0.9125], "texture": "#0"},
				"west": {"uv": [2.8125, 0.5625, 3, 0.9125], "texture": "#0"},
				"up": {"uv": [3.75, 0.5625, 3.9375, 0.9375], "rotation": 90, "texture": "#0"},
				"down": {"uv": [3.75, 0.5625, 3.9375, 0.9375], "rotation": 90, "texture": "#0"}
			}
		},
		{
			"from": [6.75, 9, 6.75],
			"to": [9.25, 11.5, 9.25],
			"rotation": {"angle": 45, "axis": "y", "origin": [8, 6.875, 8]},
			"faces": {
				"north": {"uv": [1.25, 3.75, 1.5625, 4.0625], "texture": "#0"},
				"east": {"uv": [1.5625, 3.75, 1.25, 4.0625], "texture": "#0"},
				"south": {"uv": [1.25, 3.75, 1.5625, 4.0625], "texture": "#0"},
				"west": {"uv": [1.5625, 3.75, 1.25, 4.0625], "texture": "#0"},
				"up": {"uv": [0.9375, 3.75, 1.25, 4.0625], "texture": "#0"},
				"down": {"uv": [0.9375, 3.75, 1.25, 4.0625], "texture": "#0"}
			}
		},
		{
			"from": [8, -16, -2.5],
			"to": [8, -11, 4.5],
			"rotation": {"angle": 0, "axis": "y", "origin": [8, -16, 0]},
			"faces": {
				"north": {"uv": [0, 3, 0, 0], "rotation": 180, "texture": "#3"},
				"east": {"uv": [12, 0, 2, 14], "rotation": 90, "texture": "#3"},
				"south": {"uv": [0, 0, 0, 3], "texture": "#3"},
				"west": {"uv": [12, 14, 2, 0], "rotation": 90, "texture": "#3"},
				"up": {"uv": [0, 0, 0, 3.5], "texture": "#3"},
				"down": {"uv": [0, 0, 0, 3.5], "rotation": 180, "texture": "#3"}
			}
		},
		{
			"from": [8, -13, 1],
			"to": [8, -9.5, 7],
			"rotation": {"angle": 22.5, "axis": "x", "origin": [6, -12, 7]},
			"faces": {
				"north": {"uv": [0, 0, 0, 56], "rotation": 180, "texture": "#missing"},
				"east": {"uv": [5.4375, 1.6875, 5.875, 0.9375], "rotation": 270, "texture": "#0"},
				"south": {"uv": [0, 0, 0, 56], "texture": "#missing"},
				"west": {"uv": [5.4375, 0.9375, 5.875, 1.6875], "rotation": 270, "texture": "#0"},
				"up": {"uv": [0, 0, 0, 96], "texture": "#missing"},
				"down": {"uv": [0, 0, 0, 96], "rotation": 180, "texture": "#missing"}
			}
		},
		{
			"from": [8, -14, 7],
			"to": [8, -10.5, 13],
			"rotation": {"angle": 22.5, "axis": "x", "origin": [6, -13, 7]},
			"faces": {
				"north": {"uv": [0, 0, 0, 56], "texture": "#missing"},
				"east": {"uv": [5.875, 0.9375, 5.4375, 1.6875], "rotation": 270, "texture": "#0"},
				"south": {"uv": [0, 0, 0, 56], "rotation": 180, "texture": "#missing"},
				"west": {"uv": [5.875, 1.6875, 5.4375, 0.9375], "rotation": 270, "texture": "#0"},
				"up": {"uv": [0, 96, 0, 0], "texture": "#missing"},
				"down": {"uv": [0, 96, 0, 0], "rotation": 180, "texture": "#missing"}
			}
		},
		{
			"from": [7.8, -2, -2],
			"to": [7.8, 7, 8],
			"rotation": {"angle": 0, "axis": "y", "origin": [7.8, -1, 4]},
			"faces": {
				"north": {"uv": [0, 0, 0, 224], "texture": "#missing"},
				"east": {"uv": [0, 5.5, 10, 14.5], "texture": "#2"},
				"south": {"uv": [0, 0, 0, 224], "texture": "#missing"},
				"west": {"uv": [10, 5.5, 0, 14.5], "texture": "#2"},
				"up": {"uv": [0, 0, 0, 160], "texture": "#missing"},
				"down": {"uv": [0, 160, 0, 0], "texture": "#missing"}
			}
		},
		{
			"from": [7.8, 8, 11.5],
			"to": [7.8, 17, 21.5],
			"rotation": {"angle": 0, "axis": "y", "origin": [7.8, 9, 15.5]},
			"faces": {
				"north": {"uv": [0, 0, 0, 224], "texture": "#missing"},
				"east": {"uv": [10, 5.5, 0, 14.5], "texture": "#2"},
				"south": {"uv": [0, 0, 0, 224], "texture": "#missing"},
				"west": {"uv": [0, 5.5, 10, 14.5], "texture": "#2"},
				"up": {"uv": [0, 160, 0, 0], "texture": "#missing"},
				"down": {"uv": [0, 0, 0, 160], "texture": "#missing"}
			}
		},
		{
			"from": [7, 11, 5.5],
			"to": [9, 16, 10.5],
			"rotation": {"angle": 45, "axis": "x", "origin": [8, 13.5, 8]},
			"faces": {
				"north": {"uv": [4.25, 3.4375, 4.5, 4.0625], "rotation": 180, "texture": "#0"},
				"east": {"uv": [4.25, 3.4375, 3.625, 4.0625], "rotation": 180, "texture": "#0"},
				"south": {"uv": [2.3125, 0.875, 2.5625, 1.5], "texture": "#0"},
				"west": {"uv": [3.625, 3.4375, 4.25, 4.0625], "rotation": 180, "texture": "#0"},
				"up": {"uv": [4.25, 3.4375, 4.5, 4.0625], "rotation": 180, "texture": "#0"},
				"down": {"uv": [2.3125, 1.5, 2.5625, 0.875], "texture": "#0"}
			}
		},
		{
			"from": [5.9, 11.75, 6.25],
			"to": [5.9, 15.25, 9.75],
			"rotation": {"angle": 45, "axis": "x", "origin": [7.9, 13.5, 8]},
			"faces": {
				"north": {"uv": [0, 0, 0, 7], "texture": "#4"},
				"east": {"uv": [0, 0, 7, 7], "texture": "#4"},
				"south": {"uv": [0, 0, 0, 7], "texture": "#4"},
				"west": {"uv": [0, 0, 7, 7], "texture": "#4"},
				"up": {"uv": [0, 7, 0, 0], "texture": "#4"},
				"down": {"uv": [0, 0, 0, 7], "texture": "#4"}
			}
		},
		{
			"from": [6, 11.75, 6.25],
			"to": [10, 15.25, 9.75],
			"rotation": {"angle": 45, "axis": "x", "origin": [8, 13.5, 8]},
			"faces": {
				"north": {"uv": [4.9375, 3.5, 5.4375, 3.9375], "rotation": 180, "texture": "#0"},
				"east": {"uv": [4.5, 3.9375, 4.9375, 3.5], "rotation": 180, "texture": "#0"},
				"south": {"uv": [5.0625, 3.5, 5.5625, 3.0625], "rotation": 180, "texture": "#0"},
				"west": {"uv": [4.5, 3.5, 4.9375, 3.9375], "rotation": 180, "texture": "#0"},
				"up": {"uv": [4.9375, 3.5, 5.4375, 3.9375], "texture": "#0"},
				"down": {"uv": [5.0625, 3.0625, 5.5625, 3.5], "rotation": 180, "texture": "#0"}
			}
		},
		{
			"from": [10.1, 11.75, 6.25],
			"to": [10.1, 15.25, 9.75],
			"rotation": {"angle": 45, "axis": "x", "origin": [8.1, 13.5, 8]},
			"faces": {
				"north": {"uv": [0, 0, 0, 7], "texture": "#4"},
				"east": {"uv": [7, 0, 0, 7], "texture": "#4"},
				"south": {"uv": [0, 0, 0, 7], "texture": "#4"},
				"west": {"uv": [7, 0, 0, 7], "texture": "#4"},
				"up": {"uv": [0, 7, 0, 0], "texture": "#4"},
				"down": {"uv": [0, 0, 0, 7], "texture": "#4"}
			}
		},
		{
			"from": [7.75, 21.2, 7],
			"to": [8.15, 24.2, 10],
			"rotation": {"angle": 45, "axis": "x", "origin": [7.95, 23.2, 8]},
			"faces": {
				"north": {"uv": [4, 4.6875, 4.0625, 4.3125], "texture": "#0"},
				"east": {"uv": [4, 4.3125, 3.625, 4.6875], "texture": "#0"},
				"south": {"uv": [4, 4.6875, 4.0625, 4.3125], "texture": "#0"},
				"west": {"uv": [3.625, 4.3125, 4, 4.6875], "texture": "#0"},
				"up": {"uv": [4, 4.6875, 4.0625, 4.3125], "texture": "#0"},
				"down": {"uv": [4, 4.6875, 4.0625, 4.3125], "texture": "#0"}
			}
		},
		{
			"from": [7.7, 15, 6],
			"to": [8.2, 22.5, 10],
			"rotation": {"angle": 0, "axis": "y", "origin": [0.45, -6, 0.6]},
			"faces": {
				"north": {"uv": [3.375, 4.875, 3.4375, 5.8125], "texture": "#0"},
				"east": {"uv": [3.375, 4.875, 2.875, 5.8125], "texture": "#0"},
				"south": {"uv": [3.4375, 4.875, 3.5, 5.8125], "texture": "#0"},
				"west": {"uv": [2.875, 4.875, 3.375, 5.8125], "texture": "#0"},
				"up": {"uv": [2.8125, 5.6875, 2.875, 6.1875], "texture": "#0"},
				"down": {"uv": [2.8125, 5.6875, 2.875, 6.1875], "texture": "#0"}
			}
		},
		{
			"from": [8, 10, 1],
			"to": [8, 30, 15],
			"rotation": {"angle": 0, "axis": "y", "origin": [6, 16, 4]},
			"faces": {
				"north": {"uv": [0, 0, 0, 2], "texture": "#missing"},
				"east": {"uv": [13.875, 2.4375, 12.125, 4.9375], "texture": "#0"},
				"south": {"uv": [0, 0, 0, 2], "texture": "#missing"},
				"west": {"uv": [12.125, 2.4375, 13.875, 4.9375], "texture": "#0"},
				"up": {"uv": [0, 0, 0, 1.5], "texture": "#missing"},
				"down": {"uv": [0, 0, 0, 1.5], "texture": "#missing"}
			}
		},
		{
			"from": [9, 17, 9.6],
			"to": [9, 25, 20.6],
			"rotation": {"angle": -22.5, "axis": "x", "origin": [9, 21, 16.1]},
			"faces": {
				"north": {"uv": [0, 0, 0, 128], "texture": "#missing"},
				"east": {"uv": [7, 1.6875, 5.625, 2.6875], "texture": "#0"},
				"south": {"uv": [0, 0, 0, 128], "texture": "#missing"},
				"west": {"uv": [5.625, 1.6875, 7, 2.6875], "texture": "#0"},
				"up": {"uv": [0, 0, 0, 160], "texture": "#missing"},
				"down": {"uv": [0, 0, 0, 160], "texture": "#missing"}
			}
		},
		{
			"from": [7, 7.40757, 7.37873],
			"to": [9, 10.40757, 12.37873],
			"rotation": {"angle": -22.5, "axis": "x", "origin": [8, 10.31851, 8.69037]},
			"faces": {
				"north": {"uv": [2.25, 4.375, 2.5, 4], "texture": "#0"},
				"east": {"uv": [2.4375, 2.875, 2.8125, 3.5], "rotation": 270, "texture": "#0"},
				"south": {"uv": [2.25, 4.375, 2.5, 4], "texture": "#0"},
				"west": {"uv": [2.4375, 3.5, 2.8125, 2.875], "rotation": 270, "texture": "#0"},
				"up": {"uv": [2.8125, 2.9375, 3.0625, 2.3125], "texture": "#0"},
				"down": {"uv": [2.75, 2.875, 2.5, 2.25], "texture": "#0"}
			}
		},
		{
			"from": [5.75, 13.97589, 12.81561],
			"to": [7.25, 17.97589, 14.81561],
			"rotation": {"angle": -22.5, "axis": "z", "origin": [6, 9.97221, 12.02613]},
			"faces": {
				"north": {"uv": [2.3125, 5.625, 2.5, 5.125], "rotation": 180, "texture": "#0"},
				"east": {"uv": [2.125, 5.625, 1.875, 5.125], "rotation": 180, "texture": "#0"},
				"south": {"uv": [2.125, 5.625, 2.3125, 5.125], "rotation": 180, "texture": "#0"},
				"west": {"uv": [1.875, 5.625, 2.125, 5.125], "rotation": 180, "texture": "#0"},
				"up": {"uv": [1.5625, 4.1875, 1.75, 3.9375], "texture": "#0"},
				"down": {"uv": [1.5625, 4.1875, 1.75, 3.9375], "texture": "#0"}
			}
		},
		{
			"from": [7.25, 10.51448, 9.83808],
			"to": [8.75, 15.51448, 12.33808],
			"rotation": {"angle": 22.5, "axis": "x", "origin": [8, 10.31851, 8.69037]},
			"faces": {
				"north": {"uv": [2.4375, 5.125, 2.625, 4.5], "rotation": 180, "texture": "#0"},
				"east": {"uv": [2.25, 5.125, 1.9375, 4.5], "rotation": 180, "texture": "#0"},
				"south": {"uv": [2.25, 5.125, 2.4375, 4.5], "rotation": 180, "texture": "#0"},
				"west": {"uv": [1.9375, 5.125, 2.25, 4.5], "rotation": 180, "texture": "#0"},
				"up": {"uv": [1.75, 4.25, 1.9375, 3.9375], "texture": "#0"},
				"down": {"uv": [1.75, 4.25, 1.9375, 3.9375], "texture": "#0"}
			}
		}
	],
	"gui_light": "front",
	"display": {
		"thirdperson_righthand": {
			"translation": [0, 6, 1.25],
			"scale": [0.6, 0.6, 0.6]
		},
		"thirdperson_lefthand": {
			"translation": [0, 6, 1.25],
			"scale": [0.6, 0.6, 0.6]
		},
		"firstperson_righthand": {
			"rotation": [-19.21, 12.92, 9.83],
			"translation": [3.5, 4.75, -3.5],
			"scale": [0.6, 0.6, 0.6]
		},
		"firstperson_lefthand": {
			"rotation": [-19.21, 12.92, 9.83],
			"translation": [3.5, 4.75, -3.5],
			"scale": [0.6, 0.6, 0.6]
		},
		"ground": {
			"rotation": [0, 0, 88],
			"translation": [-2, 2.5, 0.25],
			"scale": [0.45, 0.45, 0.45]
		},
		"gui": {
			"rotation": [-90, -135, -90],
			"translation": [-0.75, 0.75, -1.5],
			"scale": [0.45, 0.45, 0.45]
		},
		"head": {
			"rotation": [90, -156, 90],
			"translation": [-6.5, 10.5, 1.75],
			"scale": [0.6, 0.6, 0.6]
		},
		"fixed": {
			"rotation": [-90, -90, -90],
			"translation": [0, 2.75, -1.75],
			"scale": [1.2, 1.2, 1.2]
		}
	}
}