{
	"credit": "Made with Blockbench",
	"texture_size": [128, 128],
	"textures": {
		"0": "elitecreatures:archdemon_animated/archdemon_texture",
		"2": "elitecreatures:archdemon_animated/archdemon_animation1",
		"3": "elitecreatures:archdemon_animated/archdemon_animation2",
		"4": "elitecreatures:archdemon_animated/archdemon_animation3",
		"particle": "elitecreatures:archdemon_animated/archdemon_texture"
	},
	"elements": [
		{
			"from": [7.25, -6.8, 6.75],
			"to": [8.75, -4.3, 9.25],
			"rotation": {"angle": 0, "axis": "y", "origin": [8, -7.05, 7.4]},
			"faces": {
				"north": {"uv": [5.0625, 1.1875, 4.875, 1.5], "texture": "#0"},
				"east": {"uv": [4.375, 1.1875, 4.6875, 1.5], "texture": "#0"},
				"south": {"uv": [4.875, 1.1875, 4.6875, 1.5], "texture": "#0"},
				"west": {"uv": [4.375, 1.1875, 4.6875, 1.5], "texture": "#0"},
				"up": {"uv": [4.375, 1.5, 4.6875, 1.6875], "rotation": 90, "texture": "#0"},
				"down": {"uv": [4.375, 1.5, 4.6875, 1.6875], "rotation": 90, "texture": "#0"}
			}
		},
		{
			"from": [6.75, -5.3, 7.25],
			"to": [9.25, -2.8, 8.75],
			"rotation": {"angle": 0, "axis": "y", "origin": [8, -4.05, 7.9]},
			"faces": {
				"north": {"uv": [4.375, 1.1875, 4.6875, 1.5], "texture": "#0"},
				"east": {"uv": [4.875, 1.1875, 4.6875, 1.5], "texture": "#0"},
				"south": {"uv": [4.375, 1.1875, 4.6875, 1.5], "texture": "#0"},
				"west": {"uv": [5.0625, 1.1875, 4.875, 1.5], "texture": "#0"},
				"up": {"uv": [4.375, 1.5, 4.6875, 1.6875], "texture": "#0"},
				"down": {"uv": [4.375, 1.5, 4.6875, 1.6875], "rotation": 180, "texture": "#0"}
			}
		},
		{
			"from": [6.75, -8.3, 7.25],
			"to": [9.25, -5.8, 8.75],
			"rotation": {"angle": 0, "axis": "y", "origin": [8, -7.05, 7.9]},
			"faces": {
				"north": {"uv": [4.375, 1.1875, 4.6875, 1.5], "texture": "#0"},
				"east": {"uv": [4.875, 1.1875, 4.6875, 1.5], "texture": "#0"},
				"south": {"uv": [4.375, 1.1875, 4.6875, 1.5], "texture": "#0"},
				"west": {"uv": [5.0625, 1.1875, 4.875, 1.5], "texture": "#0"},
				"up": {"uv": [4.375, 1.5, 4.6875, 1.6875], "texture": "#0"},
				"down": {"uv": [4.375, 1.5, 4.6875, 1.6875], "rotation": 180, "texture": "#0"}
			}
		},
		{
			"from": [7.25, -9.8, 6.75],
			"to": [8.75, -7.3, 9.25],
			"rotation": {"angle": 0, "axis": "y", "origin": [8, -10.05, 7.4]},
			"faces": {
				"north": {"uv": [5.0625, 1.1875, 4.875, 1.5], "texture": "#0"},
				"east": {"uv": [4.375, 1.1875, 4.6875, 1.5], "texture": "#0"},
				"south": {"uv": [4.875, 1.1875, 4.6875, 1.5], "texture": "#0"},
				"west": {"uv": [4.375, 1.1875, 4.6875, 1.5], "texture": "#0"},
				"up": {"uv": [4.375, 1.5, 4.6875, 1.6875], "rotation": 90, "texture": "#0"},
				"down": {"uv": [4.375, 1.5, 4.6875, 1.6875], "rotation": 90, "texture": "#0"}
			}
		},
		{
			"from": [6.75, -11.3, 6.8],
			"to": [9.25, -8.8, 8.3],
			"rotation": {"angle": 22.5, "axis": "x", "origin": [8, -10.05, 7.5]},
			"faces": {
				"north": {"uv": [4.375, 1.1875, 4.6875, 1.5], "texture": "#0"},
				"east": {"uv": [4.875, 1.1875, 4.6875, 1.5], "texture": "#0"},
				"south": {"uv": [4.375, 1.1875, 4.6875, 1.5], "texture": "#0"},
				"west": {"uv": [5.0625, 1.1875, 4.875, 1.5], "texture": "#0"},
				"up": {"uv": [4.375, 1.5, 4.6875, 1.6875], "texture": "#0"},
				"down": {"uv": [4.375, 1.5, 4.6875, 1.6875], "rotation": 180, "texture": "#0"}
			}
		},
		{
			"from": [7.25, -12.7, 5.5],
			"to": [8.75, -10.2, 8],
			"rotation": {"angle": 45, "axis": "x", "origin": [8, -11.45, 6.75]},
			"faces": {
				"north": {"uv": [5.0625, 1.1875, 4.875, 1.5], "texture": "#0"},
				"east": {"uv": [4.375, 1.1875, 4.6875, 1.5], "texture": "#0"},
				"south": {"uv": [4.875, 1.1875, 4.6875, 1.5], "texture": "#0"},
				"west": {"uv": [4.375, 1.1875, 4.6875, 1.5], "texture": "#0"},
				"up": {"uv": [4.375, 1.5, 4.6875, 1.6875], "rotation": 90, "texture": "#0"},
				"down": {"uv": [4.375, 1.5, 4.6875, 1.6875], "rotation": 90, "texture": "#0"}
			}
		},
		{
			"from": [6.75, -15.7, 4.65],
			"to": [9.25, -13.2, 7.15],
			"rotation": {"angle": 22.5, "axis": "x", "origin": [8.5, -13.15, 5.4]},
			"faces": {
				"north": {"uv": [3.5625, 0.9375, 3.25, 1.25], "texture": "#0"},
				"east": {"uv": [2.625, 0.9375, 2.9375, 1.25], "texture": "#0"},
				"south": {"uv": [3.5625, 0.9375, 3.25, 1.25], "texture": "#0"},
				"west": {"uv": [2.625, 0.9375, 2.9375, 1.25], "texture": "#0"},
				"up": {"uv": [2.9375, 0.9375, 3.25, 1.25], "rotation": 90, "texture": "#0"},
				"down": {"uv": [2.9375, 0.9375, 3.25, 1.25], "rotation": 90, "texture": "#0"}
			}
		},
		{
			"from": [6.25, -13.2, 2.45],
			"to": [9.75, -10.7, 6.95],
			"rotation": {"angle": -22.5, "axis": "x", "origin": [9, -12.45, 6.2]},
			"faces": {
				"north": {"uv": [3.5625, 0, 3.875, 0.4375], "rotation": 270, "texture": "#0"},
				"east": {"uv": [3.25, 0.5625, 3.5625, 0], "rotation": 90, "texture": "#0"},
				"south": {"uv": [3.875, 0, 4.1875, 0.4375], "rotation": 270, "texture": "#0"},
				"west": {"uv": [3.25, 0, 3.5625, 0.5625], "rotation": 90, "texture": "#0"},
				"up": {"uv": [3.25, 0, 2.8125, 0.5625], "rotation": 180, "texture": "#0"},
				"down": {"uv": [4.625, 0, 4.1875, 0.5625], "rotation": 180, "texture": "#0"}
			}
		},
		{
			"from": [6.5, -16, 5.45],
			"to": [9.5, -13.2, 6.95],
			"rotation": {"angle": -22.5, "axis": "x", "origin": [9.2, -12.45, 6.2]},
			"faces": {
				"north": {"uv": [3.75, 0.5625, 3.375, 0.9125], "texture": "#0"},
				"east": {"uv": [3, 0.5625, 2.8125, 0.9125], "texture": "#0"},
				"south": {"uv": [3.375, 0.5625, 3, 0.9125], "texture": "#0"},
				"west": {"uv": [2.8125, 0.5625, 3, 0.9125], "texture": "#0"},
				"up": {"uv": [3.75, 0.5625, 3.9375, 0.9375], "rotation": 90, "texture": "#0"},
				"down": {"uv": [3.75, 0.5625, 3.9375, 0.9375], "rotation": 90, "texture": "#0"}
			}
		},
		{
			"from": [6.25, 5.00079, 7.8978],
			"to": [9.75, 9.50079, 10.3978],
			"rotation": {"angle": 22.5, "axis": "x", "origin": [8, 6.50079, 7.8228]},
			"faces": {
				"north": {"uv": [4.625, 0, 4.1875, 0.5625], "texture": "#0"},
				"east": {"uv": [3.25, 0.5625, 3.5625, 0], "texture": "#0"},
				"south": {"uv": [3.25, 0, 2.8125, 0.5625], "rotation": 180, "texture": "#0"},
				"west": {"uv": [3.25, 0, 3.5625, 0.5625], "rotation": 180, "texture": "#0"},
				"up": {"uv": [3.5625, 0, 3.875, 0.4375], "rotation": 90, "texture": "#0"},
				"down": {"uv": [3.875, 0, 4.1875, 0.4375], "rotation": 270, "texture": "#0"}
			}
		},
		{
			"from": [6.5, 4.00079, 5.5978],
			"to": [9.5, 5.50079, 8.3978],
			"rotation": {"angle": 45, "axis": "x", "origin": [8, 5.50079, 8.3228]},
			"faces": {
				"north": {"uv": [3.75, 0.5625, 3.9375, 0.9375], "rotation": 270, "texture": "#0"},
				"east": {"uv": [3, 0.5625, 2.8125, 0.9125], "rotation": 270, "texture": "#0"},
				"south": {"uv": [3.75, 0.5625, 3.9375, 0.9375], "rotation": 90, "texture": "#0"},
				"west": {"uv": [2.8125, 0.5625, 3, 0.9125], "rotation": 90, "texture": "#0"},
				"up": {"uv": [3.75, 0.5625, 3.375, 0.9125], "rotation": 180, "texture": "#0"},
				"down": {"uv": [3.375, 0.5625, 3, 0.9125], "texture": "#0"}
			}
		},
		{
			"from": [6.5, 11.39525, 6.09402],
			"to": [9.5, 12.89525, 8.89402],
			"rotation": {"angle": 22.5, "axis": "x", "origin": [8, 13.29701, 8.09476]},
			"faces": {
				"north": {"uv": [3.75, 0.5625, 3.9375, 0.9375], "rotation": 270, "texture": "#0"},
				"east": {"uv": [3, 0.5625, 2.8125, 0.9125], "rotation": 270, "texture": "#0"},
				"south": {"uv": [3.75, 0.5625, 3.9375, 0.9375], "rotation": 90, "texture": "#0"},
				"west": {"uv": [2.8125, 0.5625, 3, 0.9125], "rotation": 90, "texture": "#0"},
				"up": {"uv": [3.75, 0.5625, 3.375, 0.9125], "rotation": 180, "texture": "#0"},
				"down": {"uv": [3.375, 0.5625, 3, 0.9125], "texture": "#0"}
			}
		},
		{
			"from": [6.25, 11.8812, 7.84052],
			"to": [9.75, 16.3812, 10.34052],
			"rotation": {"angle": 0, "axis": "y", "origin": [8, 13.29701, 8.09476]},
			"faces": {
				"north": {"uv": [4.625, 0, 4.1875, 0.5625], "texture": "#0"},
				"east": {"uv": [3.25, 0.5625, 3.5625, 0], "texture": "#0"},
				"south": {"uv": [3.25, 0, 2.8125, 0.5625], "rotation": 180, "texture": "#0"},
				"west": {"uv": [3.25, 0, 3.5625, 0.5625], "rotation": 180, "texture": "#0"},
				"up": {"uv": [3.5625, 0, 3.875, 0.4375], "rotation": 90, "texture": "#0"},
				"down": {"uv": [3.875, 0, 4.1875, 0.4375], "rotation": 270, "texture": "#0"}
			}
		},
		{
			"from": [6.15, 21.54277, -1.98944],
			"to": [9.85, 24.04277, 2.51056],
			"rotation": {"angle": 22.5, "axis": "x", "origin": [8, 21.79701, 1.09476]},
			"faces": {
				"north": {"uv": [3.5625, 0, 3.875, 0.4375], "rotation": 270, "texture": "#0"},
				"east": {"uv": [3.25, 0.5625, 3.5625, 0], "rotation": 90, "texture": "#0"},
				"south": {"uv": [3.875, 0, 4.1875, 0.4375], "rotation": 270, "texture": "#0"},
				"west": {"uv": [3.25, 0, 3.5625, 0.5625], "rotation": 90, "texture": "#0"},
				"up": {"uv": [3.25, 0, 2.8125, 0.5625], "rotation": 180, "texture": "#0"},
				"down": {"uv": [4.625, 0, 4.1875, 0.5625], "rotation": 180, "texture": "#0"}
			}
		},
		{
			"from": [6.5, 19.89525, -0.90598],
			"to": [9.5, 21.39525, 1.89402],
			"rotation": {"angle": -45, "axis": "x", "origin": [8, 21.79701, 1.09476]},
			"faces": {
				"north": {"uv": [3.75, 0.5625, 3.9375, 0.9375], "rotation": 270, "texture": "#0"},
				"east": {"uv": [3, 0.5625, 2.8125, 0.9125], "rotation": 270, "texture": "#0"},
				"south": {"uv": [3.75, 0.5625, 3.9375, 0.9375], "rotation": 90, "texture": "#0"},
				"west": {"uv": [2.8125, 0.5625, 3, 0.9125], "rotation": 90, "texture": "#0"},
				"up": {"uv": [3.75, 0.5625, 3.375, 0.9125], "rotation": 180, "texture": "#0"},
				"down": {"uv": [3.375, 0.5625, 3, 0.9125], "texture": "#0"}
			}
		},
		{
			"from": [6.75, -3, 6.75],
			"to": [9.25, -0.5, 9.25],
			"rotation": {"angle": 45, "axis": "y", "origin": [8, -5.125, 8]},
			"faces": {
				"north": {"uv": [1.25, 3.75, 1.5625, 4.0625], "texture": "#0"},
				"east": {"uv": [1.5625, 3.75, 1.25, 4.0625], "texture": "#0"},
				"south": {"uv": [1.25, 3.75, 1.5625, 4.0625], "texture": "#0"},
				"west": {"uv": [1.5625, 3.75, 1.25, 4.0625], "texture": "#0"},
				"up": {"uv": [0.9375, 3.75, 1.25, 4.0625], "texture": "#0"},
				"down": {"uv": [0.9375, 3.75, 1.25, 4.0625], "texture": "#0"}
			}
		},
		{
			"from": [6.75, -2.98436, 8.94168],
			"to": [9.25, 1.01564, 12.94168],
			"rotation": {"angle": 22.5, "axis": "x", "origin": [8, 1.31851, 12.39037]},
			"faces": {
				"north": {"uv": [1.9375, 4.5, 2.25, 4], "texture": "#0"},
				"east": {"uv": [1.9375, 3.5, 2.4375, 4], "rotation": 270, "texture": "#0"},
				"south": {"uv": [1.9375, 4.5, 2.25, 4], "texture": "#0"},
				"west": {"uv": [1.9375, 4, 2.4375, 3.5], "rotation": 270, "texture": "#0"},
				"up": {"uv": [2.8125, 3.4375, 3.125, 2.9375], "texture": "#0"},
				"down": {"uv": [2.4375, 4, 2.75, 3.5], "texture": "#0"}
			}
		},
		{
			"from": [8, -16, -2.5],
			"to": [8, -11, 4.5],
			"rotation": {"angle": 0, "axis": "y", "origin": [8, -16, 0]},
			"faces": {
				"north": {"uv": [0, 3, 0, 0], "rotation": 180, "texture": "#3"},
				"east": {"uv": [12, 0, 2, 14], "rotation": 90, "texture": "#3"},
				"south": {"uv": [0, 0, 0, 3], "texture": "#3"},
				"west": {"uv": [12, 14, 2, 0], "rotation": 90, "texture": "#3"},
				"up": {"uv": [0, 0, 0, 3.5], "texture": "#3"},
				"down": {"uv": [0, 0, 0, 3.5], "rotation": 180, "texture": "#3"}
			}
		},
		{
			"from": [7, -1.59243, 11.07873],
			"to": [9, 1.40757, 16.07873],
			"rotation": {"angle": -22.5, "axis": "x", "origin": [8, 1.31851, 12.39037]},
			"faces": {
				"north": {"uv": [2.25, 4.375, 2.5, 4], "texture": "#0"},
				"east": {"uv": [2.4375, 2.875, 2.8125, 3.5], "rotation": 270, "texture": "#0"},
				"south": {"uv": [2.25, 4.375, 2.5, 4], "texture": "#0"},
				"west": {"uv": [2.4375, 3.5, 2.8125, 2.875], "rotation": 270, "texture": "#0"},
				"up": {"uv": [2.8125, 2.9375, 3.0625, 2.3125], "texture": "#0"},
				"down": {"uv": [2.75, 2.875, 2.5, 2.25], "texture": "#0"}
			}
		},
		{
			"from": [7.25, 1.51448, 13.53808],
			"to": [8.75, 6.51448, 16.03808],
			"rotation": {"angle": 22.5, "axis": "x", "origin": [8, 1.31851, 12.39037]},
			"faces": {
				"north": {"uv": [2.4375, 5.125, 2.625, 4.5], "rotation": 180, "texture": "#0"},
				"east": {"uv": [2.25, 5.125, 1.9375, 4.5], "rotation": 180, "texture": "#0"},
				"south": {"uv": [2.25, 5.125, 2.4375, 4.5], "rotation": 180, "texture": "#0"},
				"west": {"uv": [1.9375, 5.125, 2.25, 4.5], "rotation": 180, "texture": "#0"},
				"up": {"uv": [1.75, 4.25, 1.9375, 3.9375], "texture": "#0"},
				"down": {"uv": [1.75, 4.25, 1.9375, 3.9375], "texture": "#0"}
			}
		},
		{
			"from": [5.75, 4.97589, 16.51561],
			"to": [7.25, 8.97589, 18.51561],
			"rotation": {"angle": -22.5, "axis": "z", "origin": [6, 0.97221, 15.72613]},
			"faces": {
				"north": {"uv": [2.3125, 5.625, 2.5, 5.125], "rotation": 180, "texture": "#0"},
				"east": {"uv": [2.125, 5.625, 1.875, 5.125], "rotation": 180, "texture": "#0"},
				"south": {"uv": [2.125, 5.625, 2.3125, 5.125], "rotation": 180, "texture": "#0"},
				"west": {"uv": [1.875, 5.625, 2.125, 5.125], "rotation": 180, "texture": "#0"},
				"up": {"uv": [1.5625, 4.1875, 1.75, 3.9375], "texture": "#0"},
				"down": {"uv": [1.5625, 4.1875, 1.75, 3.9375], "texture": "#0"}
			}
		},
		{
			"from": [6.6, 9.04289, 6.75],
			"to": [6.6, 11.54289, 9.25],
			"rotation": {"angle": -22.5, "axis": "x", "origin": [6.6, 10.29289, 8]},
			"faces": {
				"north": {"uv": [0, 0, 0, 7], "rotation": 180, "texture": "#4"},
				"east": {"uv": [0, 0, 7, 7], "rotation": 270, "texture": "#4"},
				"south": {"uv": [0, 7, 0, 0], "texture": "#4"},
				"west": {"uv": [0, 0, 7, 7], "rotation": 90, "texture": "#4"},
				"up": {"uv": [0, 0, 0, 7], "rotation": 180, "texture": "#4"},
				"down": {"uv": [0, 0, 0, 7], "texture": "#4"}
			}
		},
		{
			"from": [9.4, 9.04289, 6.75],
			"to": [9.4, 11.54289, 9.25],
			"rotation": {"angle": -22.5, "axis": "x", "origin": [9.4, 10.29289, 8]},
			"faces": {
				"north": {"uv": [0, 0, 0, 7], "rotation": 180, "texture": "#4"},
				"east": {"uv": [0, 7, 7, 0], "rotation": 90, "texture": "#4"},
				"south": {"uv": [0, 7, 0, 0], "texture": "#4"},
				"west": {"uv": [0, 7, 7, 0], "rotation": 270, "texture": "#4"},
				"up": {"uv": [0, 0, 0, 7], "rotation": 180, "texture": "#4"},
				"down": {"uv": [0, 0, 0, 7], "texture": "#4"}
			}
		},
		{
			"from": [9, 8, 13.3],
			"to": [9, 16, 24.3],
			"rotation": {"angle": -22.5, "axis": "x", "origin": [9, 12, 19.8]},
			"faces": {
				"north": {"uv": [0, 0, 0, 128], "texture": "#missing"},
				"east": {"uv": [7, 1.6875, 5.625, 2.6875], "texture": "#0"},
				"south": {"uv": [0, 0, 0, 128], "texture": "#missing"},
				"west": {"uv": [5.625, 1.6875, 7, 2.6875], "texture": "#0"},
				"up": {"uv": [0, 0, 0, 160], "texture": "#missing"},
				"down": {"uv": [0, 0, 0, 160], "texture": "#missing"}
			}
		},
		{
			"from": [8, -8, 10.5],
			"to": [8, -1, 15.5],
			"rotation": {"angle": 0, "axis": "y", "origin": [6, -9, 11.5]},
			"faces": {
				"north": {"uv": [0, 0, 0, 160], "rotation": 180, "texture": "#missing"},
				"east": {"uv": [8, 1.625, 7.125, 2.25], "rotation": 270, "texture": "#0"},
				"south": {"uv": [0, 0, 0, 160], "texture": "#missing"},
				"west": {"uv": [7.125, 1.625, 8, 2.25], "rotation": 90, "texture": "#0"},
				"up": {"uv": [0, 0, 0, 80], "rotation": 180, "texture": "#missing"},
				"down": {"uv": [0, 0, 0, 80], "texture": "#missing"}
			}
		},
		{
			"from": [8, 1.5, 10.5],
			"to": [8, 8.5, 15.5],
			"rotation": {"angle": -45, "axis": "x", "origin": [8, 5, 13]},
			"faces": {
				"north": {"uv": [0, 160, 0, 0], "rotation": 180, "texture": "#missing"},
				"east": {"uv": [7.125, 1.625, 8, 2.25], "rotation": 270, "texture": "#0"},
				"south": {"uv": [0, 160, 0, 0], "texture": "#missing"},
				"west": {"uv": [8, 1.625, 7.125, 2.25], "rotation": 90, "texture": "#0"},
				"up": {"uv": [0, 80, 0, 0], "texture": "#missing"},
				"down": {"uv": [0, 80, 0, 0], "rotation": 180, "texture": "#missing"}
			}
		},
		{
			"from": [8, -13, 1],
			"to": [8, -9.5, 7],
			"rotation": {"angle": 22.5, "axis": "x", "origin": [6, -12, 7]},
			"faces": {
				"north": {"uv": [0, 0, 0, 56], "rotation": 180, "texture": "#missing"},
				"east": {"uv": [5.4375, 1.6875, 5.875, 0.9375], "rotation": 270, "texture": "#0"},
				"south": {"uv": [0, 0, 0, 56], "texture": "#missing"},
				"west": {"uv": [5.4375, 0.9375, 5.875, 1.6875], "rotation": 270, "texture": "#0"},
				"up": {"uv": [0, 0, 0, 96], "texture": "#missing"},
				"down": {"uv": [0, 0, 0, 96], "rotation": 180, "texture": "#missing"}
			}
		},
		{
			"from": [8, -14, 7],
			"to": [8, -10.5, 13],
			"rotation": {"angle": 22.5, "axis": "x", "origin": [6, -13, 7]},
			"faces": {
				"north": {"uv": [0, 0, 0, 56], "texture": "#missing"},
				"east": {"uv": [5.875, 0.9375, 5.4375, 1.6875], "rotation": 270, "texture": "#0"},
				"south": {"uv": [0, 0, 0, 56], "rotation": 180, "texture": "#missing"},
				"west": {"uv": [5.875, 1.6875, 5.4375, 0.9375], "rotation": 270, "texture": "#0"},
				"up": {"uv": [0, 96, 0, 0], "texture": "#missing"},
				"down": {"uv": [0, 96, 0, 0], "rotation": 180, "texture": "#missing"}
			}
		},
		{
			"from": [7.8, -2, -7.5],
			"to": [7.8, 7, 2.5],
			"rotation": {"angle": 0, "axis": "y", "origin": [7.8, -1, -1.5]},
			"faces": {
				"north": {"uv": [0, 0, 0, 224], "texture": "#missing"},
				"east": {"uv": [0, 5.5, 10, 14.5], "texture": "#2"},
				"south": {"uv": [0, 0, 0, 224], "texture": "#missing"},
				"west": {"uv": [10, 5.5, 0, 14.5], "texture": "#2"},
				"up": {"uv": [0, 0, 0, 160], "texture": "#missing"},
				"down": {"uv": [0, 160, 0, 0], "texture": "#missing"}
			}
		},
		{
			"from": [8.2, 12, 6.5],
			"to": [8.2, 21, 16.5],
			"rotation": {"angle": 0, "axis": "y", "origin": [8.2, 13, 10.5]},
			"faces": {
				"north": {"uv": [0, 0, 0, 224], "texture": "#missing"},
				"east": {"uv": [10, 5.5, 0, 14.5], "texture": "#2"},
				"south": {"uv": [0, 0, 0, 224], "texture": "#missing"},
				"west": {"uv": [0, 5.5, 10, 14.5], "texture": "#2"},
				"up": {"uv": [0, 160, 0, 0], "texture": "#missing"},
				"down": {"uv": [0, 0, 0, 160], "texture": "#missing"}
			}
		},
		{
			"from": [6, -0.25, 6.25],
			"to": [10, 3.25, 9.75],
			"rotation": {"angle": 45, "axis": "x", "origin": [8, 1.5, 8]},
			"faces": {
				"north": {"uv": [4.9375, 3.5, 5.4375, 3.9375], "rotation": 180, "texture": "#0"},
				"east": {"uv": [4.5, 3.9375, 4.9375, 3.5], "rotation": 180, "texture": "#0"},
				"south": {"uv": [5.0625, 3.5, 5.5625, 3.0625], "rotation": 180, "texture": "#0"},
				"west": {"uv": [4.5, 3.5, 4.9375, 3.9375], "rotation": 180, "texture": "#0"},
				"up": {"uv": [4.9375, 3.5, 5.4375, 3.9375], "texture": "#0"},
				"down": {"uv": [5.0625, 3.0625, 5.5625, 3.5], "rotation": 180, "texture": "#0"}
			}
		},
		{
			"from": [5.9, -0.25, 6.25],
			"to": [5.9, 3.25, 9.75],
			"rotation": {"angle": 45, "axis": "x", "origin": [7.9, 1.5, 8]},
			"faces": {
				"north": {"uv": [0, 0, 0, 7], "texture": "#4"},
				"east": {"uv": [0, 0, 7, 7], "texture": "#4"},
				"south": {"uv": [0, 0, 0, 7], "texture": "#4"},
				"west": {"uv": [0, 0, 7, 7], "texture": "#4"},
				"up": {"uv": [0, 7, 0, 0], "texture": "#4"},
				"down": {"uv": [0, 0, 0, 7], "texture": "#4"}
			}
		},
		{
			"from": [10.1, -0.25, 6.25],
			"to": [10.1, 3.25, 9.75],
			"rotation": {"angle": 45, "axis": "x", "origin": [8.1, 1.5, 8]},
			"faces": {
				"north": {"uv": [0, 0, 0, 7], "texture": "#4"},
				"east": {"uv": [7, 0, 0, 7], "texture": "#4"},
				"south": {"uv": [0, 0, 0, 7], "texture": "#4"},
				"west": {"uv": [7, 0, 0, 7], "texture": "#4"},
				"up": {"uv": [0, 7, 0, 0], "texture": "#4"},
				"down": {"uv": [0, 0, 0, 7], "texture": "#4"}
			}
		},
		{
			"from": [7, -1, 5.5],
			"to": [9, 4, 10.5],
			"rotation": {"angle": 45, "axis": "x", "origin": [8, 1.5, 8]},
			"faces": {
				"north": {"uv": [4.25, 3.4375, 4.5, 4.0625], "rotation": 180, "texture": "#0"},
				"east": {"uv": [4.25, 3.4375, 3.625, 4.0625], "rotation": 180, "texture": "#0"},
				"south": {"uv": [2.3125, 0.875, 2.5625, 1.5], "texture": "#0"},
				"west": {"uv": [3.625, 3.4375, 4.25, 4.0625], "rotation": 180, "texture": "#0"},
				"up": {"uv": [4.25, 3.4375, 4.5, 4.0625], "rotation": 180, "texture": "#0"},
				"down": {"uv": [2.3125, 1.5, 2.5625, 0.875], "texture": "#0"}
			}
		},
		{
			"from": [7.25, 0.5, 3],
			"to": [8.75, 2.5, 7],
			"rotation": {"angle": 0, "axis": "y", "origin": [6.8, 0.5, 3]},
			"faces": {
				"north": {"uv": [3.25, 3.4375, 3.4375, 3.6875], "texture": "#0"},
				"east": {"uv": [4.125, 4.0625, 3.625, 4.3125], "texture": "#0"},
				"south": {"uv": [3.25, 3.4375, 3.4375, 3.6875], "texture": "#0"},
				"west": {"uv": [3.625, 4.0625, 4.125, 4.3125], "texture": "#0"},
				"up": {"uv": [3.4375, 3.4375, 3.625, 3.9375], "texture": "#0"},
				"down": {"uv": [3.4375, 3.9375, 3.625, 3.4375], "texture": "#0"}
			}
		},
		{
			"from": [7.25, 0.5, 9],
			"to": [8.75, 2.5, 13],
			"rotation": {"angle": 0, "axis": "y", "origin": [6.8, 0.5, 13]},
			"faces": {
				"north": {"uv": [3.4375, 3.4375, 3.25, 3.6875], "texture": "#0"},
				"east": {"uv": [3.625, 4.0625, 4.125, 4.3125], "texture": "#0"},
				"south": {"uv": [3.4375, 3.4375, 3.25, 3.6875], "texture": "#0"},
				"west": {"uv": [4.125, 4.0625, 3.625, 4.3125], "texture": "#0"},
				"up": {"uv": [3.4375, 3.9375, 3.625, 3.4375], "texture": "#0"},
				"down": {"uv": [3.4375, 3.4375, 3.625, 3.9375], "texture": "#0"}
			}
		},
		{
			"from": [6.75, 2.5, 6.75],
			"to": [9.25, 13, 9.25],
			"rotation": {"angle": 0, "axis": "y", "origin": [8, 8.25, 8]},
			"faces": {
				"north": {"uv": [4.125, 6.25, 4.4375, 7.5625], "texture": "#0"},
				"east": {"uv": [6.875, 3.0625, 7.1875, 4.375], "texture": "#0"},
				"south": {"uv": [7.1875, 3.0625, 7.5, 4.375], "texture": "#0"},
				"west": {"uv": [7.1875, 3.0625, 6.875, 4.375], "texture": "#0"},
				"up": {"uv": [6, 4.4375, 6.3125, 4.75], "texture": "#0"},
				"down": {"uv": [6, 4.4375, 6.3125, 4.75], "texture": "#0"}
			}
		},
		{
			"from": [6.8, 12.1, 6.45],
			"to": [9.2, 18.6, 8.95],
			"rotation": {"angle": -22.5, "axis": "x", "origin": [8, 13.25, 7]},
			"faces": {
				"north": {"uv": [4.75, 6.25, 4.4375, 7.0625], "texture": "#0"},
				"east": {"uv": [7.8125, 3.0625, 7.5, 3.875], "texture": "#0"},
				"south": {"uv": [8.125, 3.0625, 7.8125, 3.875], "texture": "#0"},
				"west": {"uv": [7.5, 3.0625, 7.8125, 3.875], "texture": "#0"},
				"up": {"uv": [7.5, 3.375, 7.8125, 3.0625], "texture": "#0"},
				"down": {"uv": [7.5, 3.375, 7.8125, 3.0625], "texture": "#0"}
			}
		},
		{
			"from": [8, 2.5, 0.5],
			"to": [8, 20.5, 6.5],
			"rotation": {"angle": 0, "axis": "y", "origin": [7, 2.5, 3.5]},
			"faces": {
				"north": {"uv": [0, 0, 0, 2.5], "texture": "#missing"},
				"east": {"uv": [12.75, 0, 12, 2.25], "texture": "#0"},
				"south": {"uv": [0, 0, 0, 2.5], "texture": "#missing"},
				"west": {"uv": [12, 0, 12.75, 2.25], "texture": "#0"},
				"up": {"uv": [0, 0, 0, 0.75], "texture": "#missing"},
				"down": {"uv": [0, 0, 0, 0.75], "texture": "#missing"}
			}
		},
		{
			"from": [6.75, -0.5, 1.6],
			"to": [9.25, 3.5, 5.6],
			"rotation": {"angle": 0, "axis": "y", "origin": [7.5, 3, 3]},
			"faces": {
				"north": {"uv": [7.5, 3.875, 7.8125, 4.375], "texture": "#0"},
				"south": {"uv": [7.5, 3.875, 7.8125, 4.375], "texture": "#0"},
				"up": {"uv": [7.8125, 3.875, 8.125, 4.375], "texture": "#0"},
				"down": {"uv": [7.8125, 3.875, 8.125, 4.375], "texture": "#0"}
			}
		},
		{
			"from": [5.25, -1, 1.1],
			"to": [6.75, 4, 6.1],
			"rotation": {"angle": 0, "axis": "y", "origin": [5.5, 2.5, 4.5]},
			"faces": {
				"north": {"uv": [6.375, 5.3125, 6.1875, 5.9375], "texture": "#0"},
				"east": {"uv": [5.5625, 5.3125, 6.1875, 5.9375], "texture": "#0"},
				"south": {"uv": [6.375, 5.3125, 6.1875, 5.9375], "texture": "#0"},
				"west": {"uv": [5.5625, 5.3125, 6.1875, 5.9375], "texture": "#0"},
				"up": {"uv": [6.5625, 5.3125, 6.375, 5.9375], "texture": "#0"},
				"down": {"uv": [6.5625, 5.3125, 6.375, 5.9375], "texture": "#0"}
			}
		},
		{
			"from": [9.25, -1, 1.1],
			"to": [10.75, 4, 6.1],
			"rotation": {"angle": 0, "axis": "y", "origin": [10.5, 2.5, 4.5]},
			"faces": {
				"north": {"uv": [6.1875, 5.3125, 6.375, 5.9375], "texture": "#0"},
				"east": {"uv": [6.1875, 5.3125, 5.5625, 5.9375], "texture": "#0"},
				"south": {"uv": [6.1875, 5.3125, 6.375, 5.9375], "texture": "#0"},
				"west": {"uv": [6.1875, 5.3125, 5.5625, 5.9375], "texture": "#0"},
				"up": {"uv": [6.375, 5.3125, 6.5625, 5.9375], "texture": "#0"},
				"down": {"uv": [6.375, 5.3125, 6.5625, 5.9375], "texture": "#0"}
			}
		},
		{
			"from": [4.25, 0.5, 2.6],
			"to": [5.25, 6.5, 4.6],
			"rotation": {"angle": -22.5, "axis": "x", "origin": [4.5, 1.5, 3.6]},
			"faces": {
				"north": {"uv": [6.9375, 5, 6.8125, 5.75], "texture": "#0"},
				"east": {"uv": [6.9375, 5, 7.1875, 5.75], "texture": "#0"},
				"south": {"uv": [6.8125, 5, 6.9375, 5.75], "texture": "#0"},
				"west": {"uv": [6.5625, 5, 6.8125, 5.75], "texture": "#0"},
				"up": {"uv": [6.5625, 5, 6.4375, 5.25], "texture": "#0"},
				"down": {"uv": [6.5625, 5, 6.4375, 5.25], "texture": "#0"}
			}
		},
		{
			"from": [-0.25, 4, 0.6],
			"to": [4.25, 6.5, 3.1],
			"rotation": {"angle": 0, "axis": "y", "origin": [3, 2, 4.5]},
			"faces": {
				"north": {"uv": [5.75, 5.9375, 5.1875, 6.25], "texture": "#0"},
				"east": {"uv": [6.625, 5.9375, 6.3125, 6.25], "texture": "#0"},
				"south": {"uv": [5.75, 5.9375, 5.1875, 6.25], "texture": "#0"},
				"west": {"uv": [6.625, 5.9375, 6.3125, 6.25], "texture": "#0"},
				"up": {"uv": [6.3125, 5.9375, 5.75, 6.25], "texture": "#0"},
				"down": {"uv": [6.3125, 5.9375, 5.75, 6.25], "texture": "#0"}
			}
		},
		{
			"from": [6.5, 18.76897, 2.1],
			"to": [9.5, 21.76897, 5.1],
			"rotation": {"angle": -45, "axis": "x", "origin": [8.3, 20.36897, 3.8]},
			"faces": {
				"north": {"uv": [6.125, 3.0625, 6.5, 2.6875], "texture": "#0"},
				"east": {"uv": [5.75, 3.0625, 6.125, 2.6875], "texture": "#0"},
				"south": {"uv": [6.125, 3.0625, 6.5, 2.6875], "texture": "#0"},
				"west": {"uv": [5.75, 3.0625, 6.125, 2.6875], "texture": "#0"}
			}
		},
		{
			"from": [6.25, 18.36897, 3.9],
			"to": [9.75, 19.86897, 7.4],
			"rotation": {"angle": -45, "axis": "x", "origin": [7.9, 18.46897, 6.09129]},
			"faces": {
				"north": {"uv": [6.8125, 2.875, 7.25, 2.6875], "texture": "#0"},
				"east": {"uv": [6.8125, 3.0625, 7.25, 2.875], "texture": "#0"},
				"south": {"uv": [6.8125, 2.875, 7.25, 2.6875], "texture": "#0"},
				"west": {"uv": [6.8125, 3.0625, 7.25, 2.875], "texture": "#0"},
				"up": {"uv": [7.25, 3.0625, 7.6875, 2.625], "texture": "#0"},
				"down": {"uv": [7.25, 3.0625, 7.6875, 2.625], "texture": "#0"}
			}
		},
		{
			"from": [6.25, 18.77768, 2.19129],
			"to": [9.75, 22.27768, 3.69129],
			"rotation": {"angle": 22.5, "axis": "x", "origin": [7.9, 20.96897, 3.59129]},
			"faces": {
				"north": {"uv": [7.25, 3.0625, 7.6875, 2.625], "rotation": 180, "texture": "#0"},
				"east": {"uv": [6.8125, 3.0625, 7.25, 2.875], "rotation": 90, "texture": "#0"},
				"south": {"uv": [7.25, 3.0625, 7.6875, 2.625], "texture": "#0"},
				"west": {"uv": [6.8125, 3.0625, 7.25, 2.875], "rotation": 270, "texture": "#0"},
				"up": {"uv": [6.8125, 2.875, 7.25, 2.6875], "texture": "#0"},
				"down": {"uv": [6.8125, 2.875, 7.25, 2.6875], "rotation": 180, "texture": "#0"}
			}
		}
	],
	"gui_light": "front",
	"display": {
		"thirdperson_righthand": {
			"translation": [0, 5, 1.75],
			"scale": [0.5, 0.5, 0.5]
		},
		"thirdperson_lefthand": {
			"translation": [0, 5, 1.75],
			"scale": [0.5, 0.5, 0.5]
		},
		"firstperson_righthand": {
			"rotation": [-53, 0, -8],
			"translation": [6, 2.5, -6],
			"scale": [0.6, 0.6, 0.6]
		},
		"firstperson_lefthand": {
			"rotation": [-53, 0, -8],
			"translation": [6, 2.5, -6],
			"scale": [0.6, 0.6, 0.6]
		},
		"ground": {
			"rotation": [0, 0, 88],
			"translation": [-2, 2.5, 0.25],
			"scale": [0.45, 0.45, 0.45]
		},
		"gui": {
			"rotation": [-90, 58, 90],
			"translation": [2.25, 2.5, -1.5],
			"scale": [0.5, 0.5, 0.5]
		},
		"head": {
			"rotation": [90, -156, 90],
			"translation": [1, 10.5, 1.75],
			"scale": [0.6, 0.6, 0.6]
		},
		"fixed": {
			"rotation": [-90, -90, -90],
			"translation": [0, 5.5, 0.25],
			"scale": [1.2, 1.2, 1.2]
		}
	}
}