{
	"credit": "Made with Blockbench",
	"texture_size": [128, 128],
	"textures": {
		"0": "elitecreatures:archdemon_animated/archdemon_texture",
		"2": "elitecreatures:archdemon_animated/archdemon_animation1",
		"3": "elitecreatures:archdemon_animated/archdemon_animation2",
		"4": "elitecreatures:archdemon_animated/archdemon_animation3",
		"particle": "elitecreatures:archdemon_animated/archdemon_texture"
	},
	"elements": [
		{
			"from": [7.25, -6.8, 6.75],
			"to": [8.75, -4.3, 9.25],
			"rotation": {"angle": 0, "axis": "y", "origin": [8, -7.05, 7.4]},
			"faces": {
				"north": {"uv": [5.0625, 1.1875, 4.875, 1.5], "texture": "#0"},
				"east": {"uv": [4.375, 1.1875, 4.6875, 1.5], "texture": "#0"},
				"south": {"uv": [4.875, 1.1875, 4.6875, 1.5], "texture": "#0"},
				"west": {"uv": [4.375, 1.1875, 4.6875, 1.5], "texture": "#0"},
				"up": {"uv": [4.375, 1.5, 4.6875, 1.6875], "rotation": 90, "texture": "#0"},
				"down": {"uv": [4.375, 1.5, 4.6875, 1.6875], "rotation": 90, "texture": "#0"}
			}
		},
		{
			"from": [7.25, -3.8, 6.75],
			"to": [8.75, -1.3, 9.25],
			"rotation": {"angle": 0, "axis": "y", "origin": [8, -4.05, 7.4]},
			"faces": {
				"north": {"uv": [5.0625, 1.1875, 4.875, 1.5], "texture": "#0"},
				"east": {"uv": [4.375, 1.1875, 4.6875, 1.5], "texture": "#0"},
				"south": {"uv": [4.875, 1.1875, 4.6875, 1.5], "texture": "#0"},
				"west": {"uv": [4.375, 1.1875, 4.6875, 1.5], "texture": "#0"},
				"up": {"uv": [4.375, 1.5, 4.6875, 1.6875], "rotation": 90, "texture": "#0"},
				"down": {"uv": [4.375, 1.5, 4.6875, 1.6875], "rotation": 90, "texture": "#0"}
			}
		},
		{
			"from": [7.25, -0.8, 6.75],
			"to": [8.75, 1.7, 9.25],
			"rotation": {"angle": 0, "axis": "y", "origin": [8, -1.05, 7.4]},
			"faces": {
				"north": {"uv": [5.0625, 1.1875, 4.875, 1.5], "texture": "#0"},
				"east": {"uv": [4.375, 1.1875, 4.6875, 1.5], "texture": "#0"},
				"south": {"uv": [4.875, 1.1875, 4.6875, 1.5], "texture": "#0"},
				"west": {"uv": [4.375, 1.1875, 4.6875, 1.5], "texture": "#0"},
				"up": {"uv": [4.375, 1.5, 4.6875, 1.6875], "rotation": 90, "texture": "#0"},
				"down": {"uv": [4.375, 1.5, 4.6875, 1.6875], "rotation": 90, "texture": "#0"}
			}
		},
		{
			"from": [7.25, 2.2, 6.75],
			"to": [8.75, 4.7, 9.25],
			"rotation": {"angle": 0, "axis": "y", "origin": [8, 1.95, 7.4]},
			"faces": {
				"north": {"uv": [5.0625, 1.1875, 4.875, 1.5], "texture": "#0"},
				"east": {"uv": [4.375, 1.1875, 4.6875, 1.5], "texture": "#0"},
				"south": {"uv": [4.875, 1.1875, 4.6875, 1.5], "texture": "#0"},
				"west": {"uv": [4.375, 1.1875, 4.6875, 1.5], "texture": "#0"},
				"up": {"uv": [4.375, 1.5, 4.6875, 1.6875], "rotation": 90, "texture": "#0"},
				"down": {"uv": [4.375, 1.5, 4.6875, 1.6875], "rotation": 90, "texture": "#0"}
			}
		},
		{
			"from": [7.25, 5.2, 6.75],
			"to": [8.75, 7.7, 9.25],
			"rotation": {"angle": 0, "axis": "y", "origin": [8, 4.95, 7.4]},
			"faces": {
				"north": {"uv": [5.0625, 1.1875, 4.875, 1.5], "texture": "#0"},
				"east": {"uv": [4.375, 1.1875, 4.6875, 1.5], "texture": "#0"},
				"south": {"uv": [4.875, 1.1875, 4.6875, 1.5], "texture": "#0"},
				"west": {"uv": [4.375, 1.1875, 4.6875, 1.5], "texture": "#0"},
				"up": {"uv": [4.375, 1.5, 4.6875, 1.6875], "rotation": 90, "texture": "#0"},
				"down": {"uv": [4.375, 1.5, 4.6875, 1.6875], "rotation": 90, "texture": "#0"}
			}
		},
		{
			"from": [6.75, -2.3, 7.25],
			"to": [9.25, 0.2, 8.75],
			"rotation": {"angle": 0, "axis": "y", "origin": [8, -1.05, 7.9]},
			"faces": {
				"north": {"uv": [4.375, 1.1875, 4.6875, 1.5], "texture": "#0"},
				"east": {"uv": [4.875, 1.1875, 4.6875, 1.5], "texture": "#0"},
				"south": {"uv": [4.375, 1.1875, 4.6875, 1.5], "texture": "#0"},
				"west": {"uv": [5.0625, 1.1875, 4.875, 1.5], "texture": "#0"},
				"up": {"uv": [4.375, 1.5, 4.6875, 1.6875], "texture": "#0"},
				"down": {"uv": [4.375, 1.5, 4.6875, 1.6875], "rotation": 180, "texture": "#0"}
			}
		},
		{
			"from": [6.75, 0.7, 7.25],
			"to": [9.25, 3.2, 8.75],
			"rotation": {"angle": 0, "axis": "y", "origin": [8, 1.95, 7.9]},
			"faces": {
				"north": {"uv": [4.375, 1.1875, 4.6875, 1.5], "texture": "#0"},
				"east": {"uv": [4.875, 1.1875, 4.6875, 1.5], "texture": "#0"},
				"south": {"uv": [4.375, 1.1875, 4.6875, 1.5], "texture": "#0"},
				"west": {"uv": [5.0625, 1.1875, 4.875, 1.5], "texture": "#0"},
				"up": {"uv": [4.375, 1.5, 4.6875, 1.6875], "texture": "#0"},
				"down": {"uv": [4.375, 1.5, 4.6875, 1.6875], "rotation": 180, "texture": "#0"}
			}
		},
		{
			"from": [6.75, 3.7, 7.25],
			"to": [9.25, 6.2, 8.75],
			"rotation": {"angle": 0, "axis": "y", "origin": [8, 4.95, 7.9]},
			"faces": {
				"north": {"uv": [4.375, 1.1875, 4.6875, 1.5], "texture": "#0"},
				"east": {"uv": [4.875, 1.1875, 4.6875, 1.5], "texture": "#0"},
				"south": {"uv": [4.375, 1.1875, 4.6875, 1.5], "texture": "#0"},
				"west": {"uv": [5.0625, 1.1875, 4.875, 1.5], "texture": "#0"},
				"up": {"uv": [4.375, 1.5, 4.6875, 1.6875], "texture": "#0"},
				"down": {"uv": [4.375, 1.5, 4.6875, 1.6875], "rotation": 180, "texture": "#0"}
			}
		},
		{
			"from": [6.75, 6.7, 7.25],
			"to": [9.25, 9.2, 8.75],
			"rotation": {"angle": 0, "axis": "y", "origin": [8, 7.95, 7.9]},
			"faces": {
				"north": {"uv": [4.375, 1.1875, 4.6875, 1.5], "texture": "#0"},
				"east": {"uv": [4.875, 1.1875, 4.6875, 1.5], "texture": "#0"},
				"south": {"uv": [4.375, 1.1875, 4.6875, 1.5], "texture": "#0"},
				"west": {"uv": [5.0625, 1.1875, 4.875, 1.5], "texture": "#0"},
				"up": {"uv": [4.375, 1.5, 4.6875, 1.6875], "texture": "#0"},
				"down": {"uv": [4.375, 1.5, 4.6875, 1.6875], "rotation": 180, "texture": "#0"}
			}
		},
		{
			"from": [6.75, -5.3, 7.25],
			"to": [9.25, -2.8, 8.75],
			"rotation": {"angle": 0, "axis": "y", "origin": [8, -4.05, 7.9]},
			"faces": {
				"north": {"uv": [4.375, 1.1875, 4.6875, 1.5], "texture": "#0"},
				"east": {"uv": [4.875, 1.1875, 4.6875, 1.5], "texture": "#0"},
				"south": {"uv": [4.375, 1.1875, 4.6875, 1.5], "texture": "#0"},
				"west": {"uv": [5.0625, 1.1875, 4.875, 1.5], "texture": "#0"},
				"up": {"uv": [4.375, 1.5, 4.6875, 1.6875], "texture": "#0"},
				"down": {"uv": [4.375, 1.5, 4.6875, 1.6875], "rotation": 180, "texture": "#0"}
			}
		},
		{
			"from": [6.75, -8.3, 7.25],
			"to": [9.25, -5.8, 8.75],
			"rotation": {"angle": 0, "axis": "y", "origin": [8, -7.05, 7.9]},
			"faces": {
				"north": {"uv": [4.375, 1.1875, 4.6875, 1.5], "texture": "#0"},
				"east": {"uv": [4.875, 1.1875, 4.6875, 1.5], "texture": "#0"},
				"south": {"uv": [4.375, 1.1875, 4.6875, 1.5], "texture": "#0"},
				"west": {"uv": [5.0625, 1.1875, 4.875, 1.5], "texture": "#0"},
				"up": {"uv": [4.375, 1.5, 4.6875, 1.6875], "texture": "#0"},
				"down": {"uv": [4.375, 1.5, 4.6875, 1.6875], "rotation": 180, "texture": "#0"}
			}
		},
		{
			"from": [7.25, -9.8, 6.75],
			"to": [8.75, -7.3, 9.25],
			"rotation": {"angle": 0, "axis": "y", "origin": [8, -10.05, 7.4]},
			"faces": {
				"north": {"uv": [5.0625, 1.1875, 4.875, 1.5], "texture": "#0"},
				"east": {"uv": [4.375, 1.1875, 4.6875, 1.5], "texture": "#0"},
				"south": {"uv": [4.875, 1.1875, 4.6875, 1.5], "texture": "#0"},
				"west": {"uv": [4.375, 1.1875, 4.6875, 1.5], "texture": "#0"},
				"up": {"uv": [4.375, 1.5, 4.6875, 1.6875], "rotation": 90, "texture": "#0"},
				"down": {"uv": [4.375, 1.5, 4.6875, 1.6875], "rotation": 90, "texture": "#0"}
			}
		},
		{
			"from": [6.75, -11.3, 6.8],
			"to": [9.25, -8.8, 8.3],
			"rotation": {"angle": 22.5, "axis": "x", "origin": [8, -10.05, 7.5]},
			"faces": {
				"north": {"uv": [4.375, 1.1875, 4.6875, 1.5], "texture": "#0"},
				"east": {"uv": [4.875, 1.1875, 4.6875, 1.5], "texture": "#0"},
				"south": {"uv": [4.375, 1.1875, 4.6875, 1.5], "texture": "#0"},
				"west": {"uv": [5.0625, 1.1875, 4.875, 1.5], "texture": "#0"},
				"up": {"uv": [4.375, 1.5, 4.6875, 1.6875], "texture": "#0"},
				"down": {"uv": [4.375, 1.5, 4.6875, 1.6875], "rotation": 180, "texture": "#0"}
			}
		},
		{
			"from": [7.25, -12.7, 5.5],
			"to": [8.75, -10.2, 8],
			"rotation": {"angle": 45, "axis": "x", "origin": [8, -11.45, 6.75]},
			"faces": {
				"north": {"uv": [5.0625, 1.1875, 4.875, 1.5], "texture": "#0"},
				"east": {"uv": [4.375, 1.1875, 4.6875, 1.5], "texture": "#0"},
				"south": {"uv": [4.875, 1.1875, 4.6875, 1.5], "texture": "#0"},
				"west": {"uv": [4.375, 1.1875, 4.6875, 1.5], "texture": "#0"},
				"up": {"uv": [4.375, 1.5, 4.6875, 1.6875], "rotation": 90, "texture": "#0"},
				"down": {"uv": [4.375, 1.5, 4.6875, 1.6875], "rotation": 90, "texture": "#0"}
			}
		},
		{
			"from": [6.75, -15.7, 4.65],
			"to": [9.25, -13.2, 7.15],
			"rotation": {"angle": 22.5, "axis": "x", "origin": [8.5, -13.15, 5.4]},
			"faces": {
				"north": {"uv": [3.5625, 0.9375, 3.25, 1.25], "texture": "#0"},
				"east": {"uv": [2.625, 0.9375, 2.9375, 1.25], "texture": "#0"},
				"south": {"uv": [3.5625, 0.9375, 3.25, 1.25], "texture": "#0"},
				"west": {"uv": [2.625, 0.9375, 2.9375, 1.25], "texture": "#0"},
				"up": {"uv": [2.9375, 0.9375, 3.25, 1.25], "rotation": 90, "texture": "#0"},
				"down": {"uv": [2.9375, 0.9375, 3.25, 1.25], "rotation": 90, "texture": "#0"}
			}
		},
		{
			"from": [6.25, -13.2, 2.45],
			"to": [9.75, -10.7, 6.95],
			"rotation": {"angle": -22.5, "axis": "x", "origin": [9, -12.45, 6.2]},
			"faces": {
				"north": {"uv": [3.5625, 0, 3.875, 0.4375], "rotation": 270, "texture": "#0"},
				"east": {"uv": [3.25, 0.5625, 3.5625, 0], "rotation": 90, "texture": "#0"},
				"south": {"uv": [3.875, 0, 4.1875, 0.4375], "rotation": 270, "texture": "#0"},
				"west": {"uv": [3.25, 0, 3.5625, 0.5625], "rotation": 90, "texture": "#0"},
				"up": {"uv": [3.25, 0, 2.8125, 0.5625], "rotation": 180, "texture": "#0"},
				"down": {"uv": [4.625, 0, 4.1875, 0.5625], "rotation": 180, "texture": "#0"}
			}
		},
		{
			"from": [6.5, -16, 5.45],
			"to": [9.5, -13.2, 6.95],
			"rotation": {"angle": -22.5, "axis": "x", "origin": [9.2, -12.45, 6.2]},
			"faces": {
				"north": {"uv": [3.75, 0.5625, 3.375, 0.9125], "texture": "#0"},
				"east": {"uv": [3, 0.5625, 2.8125, 0.9125], "texture": "#0"},
				"south": {"uv": [3.375, 0.5625, 3, 0.9125], "texture": "#0"},
				"west": {"uv": [2.8125, 0.5625, 3, 0.9125], "texture": "#0"},
				"up": {"uv": [3.75, 0.5625, 3.9375, 0.9375], "rotation": 90, "texture": "#0"},
				"down": {"uv": [3.75, 0.5625, 3.9375, 0.9375], "rotation": 90, "texture": "#0"}
			}
		},
		{
			"from": [6.75, 9, 6.75],
			"to": [9.25, 11.5, 9.25],
			"rotation": {"angle": 45, "axis": "y", "origin": [8, 6.875, 8]},
			"faces": {
				"north": {"uv": [1.25, 3.75, 1.5625, 4.0625], "texture": "#0"},
				"east": {"uv": [1.5625, 3.75, 1.25, 4.0625], "texture": "#0"},
				"south": {"uv": [1.25, 3.75, 1.5625, 4.0625], "texture": "#0"},
				"west": {"uv": [1.5625, 3.75, 1.25, 4.0625], "texture": "#0"},
				"up": {"uv": [0.9375, 3.75, 1.25, 4.0625], "texture": "#0"},
				"down": {"uv": [0.9375, 3.75, 1.25, 4.0625], "texture": "#0"}
			}
		},
		{
			"from": [6.75, 10.98436, 8.94168],
			"to": [9.25, 14.98436, 12.94168],
			"rotation": {"angle": -22.5, "axis": "x", "origin": [8, 10.68149, 12.39037]},
			"faces": {
				"north": {"uv": [1.9375, 4, 2.25, 4.5], "texture": "#0"},
				"east": {"uv": [2.4375, 3.5, 1.9375, 4], "rotation": 270, "texture": "#0"},
				"south": {"uv": [1.9375, 4, 2.25, 4.5], "texture": "#0"},
				"west": {"uv": [2.4375, 4, 1.9375, 3.5], "rotation": 270, "texture": "#0"},
				"up": {"uv": [2.4375, 3.5, 2.75, 4], "texture": "#0"},
				"down": {"uv": [2.8125, 2.9375, 3.125, 3.4375], "texture": "#0"}
			}
		},
		{
			"from": [8, -16, -2.5],
			"to": [8, -11, 4.5],
			"rotation": {"angle": 0, "axis": "y", "origin": [8, -16, 0]},
			"faces": {
				"north": {"uv": [0, 3, 0, 0], "rotation": 180, "texture": "#3"},
				"east": {"uv": [12, 0, 2, 14], "rotation": 90, "texture": "#3"},
				"south": {"uv": [0, 0, 0, 3], "texture": "#3"},
				"west": {"uv": [12, 14, 2, 0], "rotation": 90, "texture": "#3"},
				"up": {"uv": [0, 0, 0, 3.5], "texture": "#3"},
				"down": {"uv": [0, 0, 0, 3.5], "rotation": 180, "texture": "#3"}
			}
		},
		{
			"from": [7, 10.59243, 11.07873],
			"to": [9, 13.59243, 16.07873],
			"rotation": {"angle": 22.5, "axis": "x", "origin": [8, 10.68149, 12.39037]},
			"faces": {
				"north": {"uv": [2.25, 4, 2.5, 4.375], "texture": "#0"},
				"east": {"uv": [2.8125, 2.875, 2.4375, 3.5], "rotation": 270, "texture": "#0"},
				"south": {"uv": [2.25, 4, 2.5, 4.375], "texture": "#0"},
				"west": {"uv": [2.8125, 3.5, 2.4375, 2.875], "rotation": 270, "texture": "#0"},
				"up": {"uv": [2.75, 2.25, 2.5, 2.875], "texture": "#0"},
				"down": {"uv": [2.8125, 2.3125, 3.0625, 2.9375], "texture": "#0"}
			}
		},
		{
			"from": [7.25, 5.48552, 13.53808],
			"to": [8.75, 10.48552, 16.03808],
			"rotation": {"angle": -22.5, "axis": "x", "origin": [8, 10.68149, 12.39037]},
			"faces": {
				"north": {"uv": [2.4375, 4.5, 2.625, 5.125], "rotation": 180, "texture": "#0"},
				"east": {"uv": [2.25, 4.5, 1.9375, 5.125], "rotation": 180, "texture": "#0"},
				"south": {"uv": [2.25, 4.5, 2.4375, 5.125], "rotation": 180, "texture": "#0"},
				"west": {"uv": [1.9375, 4.5, 2.25, 5.125], "rotation": 180, "texture": "#0"},
				"up": {"uv": [1.75, 3.9375, 1.9375, 4.25], "texture": "#0"},
				"down": {"uv": [1.75, 3.9375, 1.9375, 4.25], "texture": "#0"}
			}
		},
		{
			"from": [5.75, 3.02411, 16.51561],
			"to": [7.25, 7.02411, 18.51561],
			"rotation": {"angle": 22.5, "axis": "z", "origin": [6, 11.02779, 15.72613]},
			"faces": {
				"north": {"uv": [2.3125, 5.125, 2.5, 5.625], "rotation": 180, "texture": "#0"},
				"east": {"uv": [2.125, 5.125, 1.875, 5.625], "rotation": 180, "texture": "#0"},
				"south": {"uv": [2.125, 5.125, 2.3125, 5.625], "rotation": 180, "texture": "#0"},
				"west": {"uv": [1.875, 5.125, 2.125, 5.625], "rotation": 180, "texture": "#0"},
				"up": {"uv": [1.5625, 3.9375, 1.75, 4.1875], "texture": "#0"},
				"down": {"uv": [1.5625, 3.9375, 1.75, 4.1875], "texture": "#0"}
			}
		},
		{
			"from": [9, -4, 13.3],
			"to": [9, 4, 24.3],
			"rotation": {"angle": 22.5, "axis": "x", "origin": [9, 0, 19.8]},
			"faces": {
				"north": {"uv": [0, 128, 0, 0], "texture": "#missing"},
				"east": {"uv": [7, 2.6875, 5.625, 1.6875], "texture": "#0"},
				"south": {"uv": [0, 128, 0, 0], "texture": "#missing"},
				"west": {"uv": [5.625, 2.6875, 7, 1.6875], "texture": "#0"},
				"up": {"uv": [0, 160, 0, 0], "texture": "#missing"},
				"down": {"uv": [0, 160, 0, 0], "texture": "#missing"}
			}
		},
		{
			"from": [8, 12.5, 10.5],
			"to": [8, 19.5, 15.5],
			"rotation": {"angle": 0, "axis": "y", "origin": [6, 20.5, 11.5]},
			"faces": {
				"north": {"uv": [0, 160, 0, 0], "rotation": 180, "texture": "#missing"},
				"east": {"uv": [7.125, 1.625, 8, 2.25], "rotation": 270, "texture": "#0"},
				"south": {"uv": [0, 160, 0, 0], "texture": "#missing"},
				"west": {"uv": [8, 1.625, 7.125, 2.25], "rotation": 90, "texture": "#0"},
				"up": {"uv": [0, 80, 0, 0], "texture": "#missing"},
				"down": {"uv": [0, 80, 0, 0], "rotation": 180, "texture": "#missing"}
			}
		},
		{
			"from": [8, 3.5, 10.5],
			"to": [8, 10.5, 15.5],
			"rotation": {"angle": 45, "axis": "x", "origin": [8, 7, 13]},
			"faces": {
				"north": {"uv": [0, 0, 0, 160], "rotation": 180, "texture": "#missing"},
				"east": {"uv": [8, 1.625, 7.125, 2.25], "rotation": 270, "texture": "#0"},
				"south": {"uv": [0, 0, 0, 160], "texture": "#missing"},
				"west": {"uv": [7.125, 1.625, 8, 2.25], "rotation": 90, "texture": "#0"},
				"up": {"uv": [0, 0, 0, 80], "rotation": 180, "texture": "#missing"},
				"down": {"uv": [0, 0, 0, 80], "texture": "#missing"}
			}
		},
		{
			"from": [8, -13, 1],
			"to": [8, -9.5, 7],
			"rotation": {"angle": 22.5, "axis": "x", "origin": [6, -12, 7]},
			"faces": {
				"north": {"uv": [0, 0, 0, 56], "rotation": 180, "texture": "#missing"},
				"east": {"uv": [5.4375, 1.6875, 5.875, 0.9375], "rotation": 270, "texture": "#0"},
				"south": {"uv": [0, 0, 0, 56], "texture": "#missing"},
				"west": {"uv": [5.4375, 0.9375, 5.875, 1.6875], "rotation": 270, "texture": "#0"},
				"up": {"uv": [0, 0, 0, 96], "texture": "#missing"},
				"down": {"uv": [0, 0, 0, 96], "rotation": 180, "texture": "#missing"}
			}
		},
		{
			"from": [8, -14, 7],
			"to": [8, -10.5, 13],
			"rotation": {"angle": 22.5, "axis": "x", "origin": [6, -13, 7]},
			"faces": {
				"north": {"uv": [0, 0, 0, 56], "texture": "#missing"},
				"east": {"uv": [5.875, 0.9375, 5.4375, 1.6875], "rotation": 270, "texture": "#0"},
				"south": {"uv": [0, 0, 0, 56], "rotation": 180, "texture": "#missing"},
				"west": {"uv": [5.875, 1.6875, 5.4375, 0.9375], "rotation": 270, "texture": "#0"},
				"up": {"uv": [0, 96, 0, 0], "texture": "#missing"},
				"down": {"uv": [0, 96, 0, 0], "rotation": 180, "texture": "#missing"}
			}
		},
		{
			"from": [7.8, -2, -2],
			"to": [7.8, 7, 8],
			"rotation": {"angle": 0, "axis": "y", "origin": [7.8, -1, 4]},
			"faces": {
				"north": {"uv": [0, 0, 0, 224], "texture": "#missing"},
				"east": {"uv": [0, 5.5, 10, 14.5], "texture": "#2"},
				"south": {"uv": [0, 0, 0, 224], "texture": "#missing"},
				"west": {"uv": [10, 5.5, 0, 14.5], "texture": "#2"},
				"up": {"uv": [0, 0, 0, 160], "texture": "#missing"},
				"down": {"uv": [0, 160, 0, 0], "texture": "#missing"}
			}
		},
		{
			"from": [8.2, 12, 10.5],
			"to": [8.2, 21, 20.5],
			"rotation": {"angle": 0, "axis": "y", "origin": [8.2, 13, 14.5]},
			"faces": {
				"north": {"uv": [0, 0, 0, 224], "texture": "#missing"},
				"east": {"uv": [10, 5.5, 0, 14.5], "texture": "#2"},
				"south": {"uv": [0, 0, 0, 224], "texture": "#missing"},
				"west": {"uv": [0, 5.5, 10, 14.5], "texture": "#2"},
				"up": {"uv": [0, 160, 0, 0], "texture": "#missing"},
				"down": {"uv": [0, 0, 0, 160], "texture": "#missing"}
			}
		},
		{
			"from": [6, 11.75, 6.25],
			"to": [10, 15.25, 9.75],
			"rotation": {"angle": 45, "axis": "x", "origin": [8, 13.5, 8]},
			"faces": {
				"north": {"uv": [4.9375, 3.5, 5.4375, 3.9375], "rotation": 180, "texture": "#0"},
				"east": {"uv": [4.5, 3.9375, 4.9375, 3.5], "rotation": 180, "texture": "#0"},
				"south": {"uv": [5.0625, 3.5, 5.5625, 3.0625], "rotation": 180, "texture": "#0"},
				"west": {"uv": [4.5, 3.5, 4.9375, 3.9375], "rotation": 180, "texture": "#0"},
				"up": {"uv": [4.9375, 3.5, 5.4375, 3.9375], "texture": "#0"},
				"down": {"uv": [5.0625, 3.0625, 5.5625, 3.5], "rotation": 180, "texture": "#0"}
			}
		},
		{
			"from": [5.9, 11.75, 6.25],
			"to": [5.9, 15.25, 9.75],
			"rotation": {"angle": 45, "axis": "x", "origin": [7.9, 13.5, 8]},
			"faces": {
				"north": {"uv": [0, 0, 0, 7], "texture": "#4"},
				"east": {"uv": [0, 0, 7, 7], "texture": "#4"},
				"south": {"uv": [0, 0, 0, 7], "texture": "#4"},
				"west": {"uv": [0, 0, 7, 7], "texture": "#4"},
				"up": {"uv": [0, 7, 0, 0], "texture": "#4"},
				"down": {"uv": [0, 0, 0, 7], "texture": "#4"}
			}
		},
		{
			"from": [10.1, 11.75, 6.25],
			"to": [10.1, 15.25, 9.75],
			"rotation": {"angle": 45, "axis": "x", "origin": [8.1, 13.5, 8]},
			"faces": {
				"north": {"uv": [0, 0, 0, 7], "texture": "#4"},
				"east": {"uv": [7, 0, 0, 7], "texture": "#4"},
				"south": {"uv": [0, 0, 0, 7], "texture": "#4"},
				"west": {"uv": [7, 0, 0, 7], "texture": "#4"},
				"up": {"uv": [0, 7, 0, 0], "texture": "#4"},
				"down": {"uv": [0, 0, 0, 7], "texture": "#4"}
			}
		},
		{
			"from": [7, 11, 5.5],
			"to": [9, 16, 10.5],
			"rotation": {"angle": 45, "axis": "x", "origin": [8, 13.5, 8]},
			"faces": {
				"north": {"uv": [4.25, 3.4375, 4.5, 4.0625], "rotation": 180, "texture": "#0"},
				"east": {"uv": [4.25, 3.4375, 3.625, 4.0625], "rotation": 180, "texture": "#0"},
				"south": {"uv": [2.3125, 0.875, 2.5625, 1.5], "texture": "#0"},
				"west": {"uv": [3.625, 3.4375, 4.25, 4.0625], "rotation": 180, "texture": "#0"},
				"up": {"uv": [4.25, 3.4375, 4.5, 4.0625], "rotation": 180, "texture": "#0"},
				"down": {"uv": [2.3125, 1.5, 2.5625, 0.875], "texture": "#0"}
			}
		},
		{
			"from": [7.15, 16.8, 3.6],
			"to": [8.65, 22.3, 5.1],
			"rotation": {"angle": 22.5, "axis": "z", "origin": [7, 17.3, 4.6]},
			"faces": {
				"north": {"uv": [5.8125, 3.3125, 6, 4], "texture": "#0"},
				"east": {"uv": [6.1875, 3.3125, 6.375, 4], "texture": "#0"},
				"south": {"uv": [6, 3.3125, 5.8125, 4], "texture": "#0"},
				"west": {"uv": [5.625, 3.3125, 5.8125, 4], "texture": "#0"},
				"up": {"uv": [5.4375, 3.5, 5.625, 3.6875], "texture": "#0"},
				"down": {"uv": [5.4375, 3.5, 5.625, 3.6875], "texture": "#0"}
			}
		},
		{
			"from": [9.05, 21.1, 3.85],
			"to": [10.35, 24.6, 4.85],
			"rotation": {"angle": 45, "axis": "z", "origin": [7, 17.3, 4.4]},
			"faces": {
				"north": {"uv": [5, 2.375, 5.1875, 2.8125], "texture": "#0"},
				"east": {"uv": [5.1875, 2.375, 5.3125, 2.8125], "texture": "#0"},
				"south": {"uv": [5.1875, 2.375, 5, 2.8125], "texture": "#0"},
				"west": {"uv": [5.3125, 2.375, 5.4375, 2.8125], "texture": "#0"},
				"up": {"uv": [4, 2.0625, 4.1875, 2.1875], "texture": "#0"},
				"down": {"uv": [4, 2.0625, 4.1875, 2.1875], "texture": "#0"}
			}
		},
		{
			"from": [9.05, 21.1, 11.15],
			"to": [10.35, 24.6, 12.15],
			"rotation": {"angle": 45, "axis": "z", "origin": [7, 17.3, 11.6]},
			"faces": {
				"north": {"uv": [5, 2.375, 5.1875, 2.8125], "texture": "#0"},
				"east": {"uv": [5.3125, 2.375, 5.1875, 2.8125], "texture": "#0"},
				"south": {"uv": [5.1875, 2.375, 5, 2.8125], "texture": "#0"},
				"west": {"uv": [5.4375, 2.375, 5.3125, 2.8125], "texture": "#0"},
				"up": {"uv": [4, 2.1875, 4.1875, 2.0625], "texture": "#0"},
				"down": {"uv": [4, 2.1875, 4.1875, 2.0625], "texture": "#0"}
			}
		},
		{
			"from": [7.15, 16.8, 10.9],
			"to": [8.65, 22.3, 12.4],
			"rotation": {"angle": 22.5, "axis": "z", "origin": [7, 17.3, 11.4]},
			"faces": {
				"north": {"uv": [5.8125, 3.3125, 6, 4], "texture": "#0"},
				"east": {"uv": [6.375, 3.3125, 6.1875, 4], "texture": "#0"},
				"south": {"uv": [6, 3.3125, 5.8125, 4], "texture": "#0"},
				"west": {"uv": [5.8125, 3.3125, 5.625, 4], "texture": "#0"},
				"up": {"uv": [5.4375, 3.6875, 5.625, 3.5], "texture": "#0"},
				"down": {"uv": [5.4375, 3.6875, 5.625, 3.5], "texture": "#0"}
			}
		},
		{
			"from": [9.05, 21.1, 7.5],
			"to": [10.35, 24.6, 8.5],
			"rotation": {"angle": 45, "axis": "z", "origin": [7, 17.3, 8]},
			"faces": {
				"north": {"uv": [5, 2.375, 5.1875, 2.8125], "texture": "#0"},
				"east": {"uv": [5.3125, 2.375, 5.1875, 2.8125], "texture": "#0"},
				"south": {"uv": [5.1875, 2.375, 5, 2.8125], "texture": "#0"},
				"west": {"uv": [5.4375, 2.375, 5.3125, 2.8125], "texture": "#0"},
				"up": {"uv": [4, 2.1875, 4.1875, 2.0625], "texture": "#0"},
				"down": {"uv": [4, 2.1875, 4.1875, 2.0625], "texture": "#0"}
			}
		},
		{
			"from": [7.15, 16.8, 7.25],
			"to": [8.65, 22.3, 8.75],
			"rotation": {"angle": 22.5, "axis": "z", "origin": [7, 17.3, 7.8]},
			"faces": {
				"north": {"uv": [5.8125, 3.3125, 6, 4], "texture": "#0"},
				"east": {"uv": [6.375, 3.3125, 6.1875, 4], "texture": "#0"},
				"south": {"uv": [6, 3.3125, 5.8125, 4], "texture": "#0"},
				"west": {"uv": [5.8125, 3.3125, 5.625, 4], "texture": "#0"},
				"up": {"uv": [5.4375, 3.6875, 5.625, 3.5], "texture": "#0"},
				"down": {"uv": [5.4375, 3.6875, 5.625, 3.5], "texture": "#0"}
			}
		},
		{
			"from": [7.25, 15.5, 3.5],
			"to": [8.75, 17.5, 12.5],
			"rotation": {"angle": 0, "axis": "y", "origin": [0, 3.5, 0]},
			"faces": {
				"north": {"uv": [5.0625, 2.8125, 5.25, 3.0625], "texture": "#0"},
				"east": {"uv": [5.5625, 3.0625, 6.6875, 3.3125], "texture": "#0"},
				"south": {"uv": [5.0625, 2.8125, 5.25, 3.0625], "texture": "#0"},
				"west": {"uv": [5.5625, 3.0625, 6.6875, 3.3125], "texture": "#0"},
				"up": {"uv": [6, 3.3125, 6.1875, 4.4375], "texture": "#0"},
				"down": {"uv": [6, 3.3125, 6.1875, 4.4375], "texture": "#0"}
			}
		},
		{
			"from": [6.25, 11.8, 2.45],
			"to": [9.75, 14.3, 6.95],
			"rotation": {"angle": 22.5, "axis": "x", "origin": [9, 12.55, 6.2]},
			"faces": {
				"north": {"uv": [3.5625, 0, 3.875, 0.4375], "rotation": 270, "texture": "#0"},
				"east": {"uv": [3.25, 0.5625, 3.5625, 0], "rotation": 90, "texture": "#0"},
				"south": {"uv": [3.875, 0, 4.1875, 0.4375], "rotation": 270, "texture": "#0"},
				"west": {"uv": [3.25, 0, 3.5625, 0.5625], "rotation": 90, "texture": "#0"},
				"up": {"uv": [3.25, 0, 2.8125, 0.5625], "rotation": 180, "texture": "#0"},
				"down": {"uv": [4.625, 0, 4.1875, 0.5625], "rotation": 180, "texture": "#0"}
			}
		},
		{
			"from": [6.5, 11.8, 3.15],
			"to": [9.5, 13.3, 5.95],
			"rotation": {"angle": -45, "axis": "x", "origin": [9.2, 12.55, 6.7]},
			"faces": {
				"north": {"uv": [3.75, 0.5625, 3.9375, 0.9375], "rotation": 270, "texture": "#0"},
				"east": {"uv": [3, 0.5625, 2.8125, 0.9125], "rotation": 270, "texture": "#0"},
				"south": {"uv": [3.75, 0.5625, 3.9375, 0.9375], "rotation": 90, "texture": "#0"},
				"west": {"uv": [2.8125, 0.5625, 3, 0.9125], "rotation": 90, "texture": "#0"},
				"up": {"uv": [3.75, 0.5625, 3.375, 0.9125], "rotation": 180, "texture": "#0"},
				"down": {"uv": [3.375, 0.5625, 3, 0.9125], "texture": "#0"}
			}
		}
	],
	"gui_light": "front",
	"display": {
		"thirdperson_righthand": {
			"translation": [0, 4.25, 1],
			"scale": [0.5, 0.5, 0.5]
		},
		"thirdperson_lefthand": {
			"rotation": [0, 180, 0],
			"translation": [0, 5, 1],
			"scale": [0.6, 0.6, 0.6]
		},
		"firstperson_righthand": {
			"rotation": [-24, -84, -10],
			"translation": [2.75, 2.75, -0.75],
			"scale": [0.5, 0.5, 0.5]
		},
		"firstperson_lefthand": {
			"rotation": [-20, 91, -2],
			"translation": [2.75, 2.75, -0.75],
			"scale": [0.5, 0.5, 0.5]
		},
		"ground": {
			"rotation": [180, 0, 90],
			"translation": [-4.75, 0.25, 0],
			"scale": [0.5, 0.5, 0.5]
		},
		"gui": {
			"rotation": [39, 135, -64],
			"translation": [-1.25, 1, -1.25],
			"scale": [0.45, 0.45, 0.45]
		},
		"head": {
			"rotation": [90, -168, 90],
			"translation": [-0.5, 11.75, 0],
			"scale": [0.56, 0.56, 0.56]
		},
		"fixed": {
			"rotation": [0, 90, 0],
			"translation": [0, 4, -2.25],
			"scale": [1.07898, 1.07898, 1.07898]
		}
	}
}