{
	"credit": "Made with Blockbench",
	"texture_size": [128, 128],
	"textures": {
		"0": "elitecreatures:archdemon_animated/archdemon_texture",
		"2": "elitecreatures:archdemon_animated/archdemon_animation1",
		"3": "elitecreatures:archdemon_animated/archdemon_animation2",
		"4": "elitecreatures:archdemon_animated/archdemon_animation3",
		"particle": "elitecreatures:archdemon_animated/archdemon_texture"
	},
	"elements": [
		{
			"from": [7.25, -6.8, 6.75],
			"to": [8.75, -4.3, 9.25],
			"rotation": {"angle": 0, "axis": "y", "origin": [8, -7.05, 7.4]},
			"faces": {
				"north": {"uv": [5.0625, 1.1875, 4.875, 1.5], "texture": "#0"},
				"east": {"uv": [4.375, 1.1875, 4.6875, 1.5], "texture": "#0"},
				"south": {"uv": [4.875, 1.1875, 4.6875, 1.5], "texture": "#0"},
				"west": {"uv": [4.375, 1.1875, 4.6875, 1.5], "texture": "#0"},
				"up": {"uv": [4.375, 1.5, 4.6875, 1.6875], "rotation": 90, "texture": "#0"},
				"down": {"uv": [4.375, 1.5, 4.6875, 1.6875], "rotation": 90, "texture": "#0"}
			}
		},
		{
			"from": [7.25, -3.8, 6.75],
			"to": [8.75, -1.3, 9.25],
			"rotation": {"angle": 0, "axis": "y", "origin": [8, -4.05, 7.4]},
			"faces": {
				"north": {"uv": [5.0625, 1.1875, 4.875, 1.5], "texture": "#0"},
				"east": {"uv": [4.375, 1.1875, 4.6875, 1.5], "texture": "#0"},
				"south": {"uv": [4.875, 1.1875, 4.6875, 1.5], "texture": "#0"},
				"west": {"uv": [4.375, 1.1875, 4.6875, 1.5], "texture": "#0"},
				"up": {"uv": [4.375, 1.5, 4.6875, 1.6875], "rotation": 90, "texture": "#0"},
				"down": {"uv": [4.375, 1.5, 4.6875, 1.6875], "rotation": 90, "texture": "#0"}
			}
		},
		{
			"from": [7.25, -0.8, 6.75],
			"to": [8.75, 1.7, 9.25],
			"rotation": {"angle": 0, "axis": "y", "origin": [8, -1.05, 7.4]},
			"faces": {
				"north": {"uv": [5.0625, 1.1875, 4.875, 1.5], "texture": "#0"},
				"east": {"uv": [4.375, 1.1875, 4.6875, 1.5], "texture": "#0"},
				"south": {"uv": [4.875, 1.1875, 4.6875, 1.5], "texture": "#0"},
				"west": {"uv": [4.375, 1.1875, 4.6875, 1.5], "texture": "#0"},
				"up": {"uv": [4.375, 1.5, 4.6875, 1.6875], "rotation": 90, "texture": "#0"},
				"down": {"uv": [4.375, 1.5, 4.6875, 1.6875], "rotation": 90, "texture": "#0"}
			}
		},
		{
			"from": [7.25, 2.2, 6.75],
			"to": [8.75, 4.7, 9.25],
			"rotation": {"angle": 0, "axis": "y", "origin": [8, 1.95, 7.4]},
			"faces": {
				"north": {"uv": [5.0625, 1.1875, 4.875, 1.5], "texture": "#0"},
				"east": {"uv": [4.375, 1.1875, 4.6875, 1.5], "texture": "#0"},
				"south": {"uv": [4.875, 1.1875, 4.6875, 1.5], "texture": "#0"},
				"west": {"uv": [4.375, 1.1875, 4.6875, 1.5], "texture": "#0"},
				"up": {"uv": [4.375, 1.5, 4.6875, 1.6875], "rotation": 90, "texture": "#0"},
				"down": {"uv": [4.375, 1.5, 4.6875, 1.6875], "rotation": 90, "texture": "#0"}
			}
		},
		{
			"from": [7.25, 5.2, 6.75],
			"to": [8.75, 7.7, 9.25],
			"rotation": {"angle": 0, "axis": "y", "origin": [8, 4.95, 7.4]},
			"faces": {
				"north": {"uv": [5.0625, 1.1875, 4.875, 1.5], "texture": "#0"},
				"east": {"uv": [4.375, 1.1875, 4.6875, 1.5], "texture": "#0"},
				"south": {"uv": [4.875, 1.1875, 4.6875, 1.5], "texture": "#0"},
				"west": {"uv": [4.375, 1.1875, 4.6875, 1.5], "texture": "#0"},
				"up": {"uv": [4.375, 1.5, 4.6875, 1.6875], "rotation": 90, "texture": "#0"},
				"down": {"uv": [4.375, 1.5, 4.6875, 1.6875], "rotation": 90, "texture": "#0"}
			}
		},
		{
			"from": [6.75, -2.3, 7.25],
			"to": [9.25, 0.2, 8.75],
			"rotation": {"angle": 0, "axis": "y", "origin": [8, -1.05, 7.9]},
			"faces": {
				"north": {"uv": [4.375, 1.1875, 4.6875, 1.5], "texture": "#0"},
				"east": {"uv": [4.875, 1.1875, 4.6875, 1.5], "texture": "#0"},
				"south": {"uv": [4.375, 1.1875, 4.6875, 1.5], "texture": "#0"},
				"west": {"uv": [5.0625, 1.1875, 4.875, 1.5], "texture": "#0"},
				"up": {"uv": [4.375, 1.5, 4.6875, 1.6875], "texture": "#0"},
				"down": {"uv": [4.375, 1.5, 4.6875, 1.6875], "rotation": 180, "texture": "#0"}
			}
		},
		{
			"from": [6.75, 0.7, 7.25],
			"to": [9.25, 3.2, 8.75],
			"rotation": {"angle": 0, "axis": "y", "origin": [8, 1.95, 7.9]},
			"faces": {
				"north": {"uv": [4.375, 1.1875, 4.6875, 1.5], "texture": "#0"},
				"east": {"uv": [4.875, 1.1875, 4.6875, 1.5], "texture": "#0"},
				"south": {"uv": [4.375, 1.1875, 4.6875, 1.5], "texture": "#0"},
				"west": {"uv": [5.0625, 1.1875, 4.875, 1.5], "texture": "#0"},
				"up": {"uv": [4.375, 1.5, 4.6875, 1.6875], "texture": "#0"},
				"down": {"uv": [4.375, 1.5, 4.6875, 1.6875], "rotation": 180, "texture": "#0"}
			}
		},
		{
			"from": [6.75, 3.7, 7.25],
			"to": [9.25, 6.2, 8.75],
			"rotation": {"angle": 0, "axis": "y", "origin": [8, 4.95, 7.9]},
			"faces": {
				"north": {"uv": [4.375, 1.1875, 4.6875, 1.5], "texture": "#0"},
				"east": {"uv": [4.875, 1.1875, 4.6875, 1.5], "texture": "#0"},
				"south": {"uv": [4.375, 1.1875, 4.6875, 1.5], "texture": "#0"},
				"west": {"uv": [5.0625, 1.1875, 4.875, 1.5], "texture": "#0"},
				"up": {"uv": [4.375, 1.5, 4.6875, 1.6875], "texture": "#0"},
				"down": {"uv": [4.375, 1.5, 4.6875, 1.6875], "rotation": 180, "texture": "#0"}
			}
		},
		{
			"from": [6.75, 6.7, 7.25],
			"to": [9.25, 9.2, 8.75],
			"rotation": {"angle": 0, "axis": "y", "origin": [8, 7.95, 7.9]},
			"faces": {
				"north": {"uv": [4.375, 1.1875, 4.6875, 1.5], "texture": "#0"},
				"east": {"uv": [4.875, 1.1875, 4.6875, 1.5], "texture": "#0"},
				"south": {"uv": [4.375, 1.1875, 4.6875, 1.5], "texture": "#0"},
				"west": {"uv": [5.0625, 1.1875, 4.875, 1.5], "texture": "#0"},
				"up": {"uv": [4.375, 1.5, 4.6875, 1.6875], "texture": "#0"},
				"down": {"uv": [4.375, 1.5, 4.6875, 1.6875], "rotation": 180, "texture": "#0"}
			}
		},
		{
			"from": [6.75, -5.3, 7.25],
			"to": [9.25, -2.8, 8.75],
			"rotation": {"angle": 0, "axis": "y", "origin": [8, -4.05, 7.9]},
			"faces": {
				"north": {"uv": [4.375, 1.1875, 4.6875, 1.5], "texture": "#0"},
				"east": {"uv": [4.875, 1.1875, 4.6875, 1.5], "texture": "#0"},
				"south": {"uv": [4.375, 1.1875, 4.6875, 1.5], "texture": "#0"},
				"west": {"uv": [5.0625, 1.1875, 4.875, 1.5], "texture": "#0"},
				"up": {"uv": [4.375, 1.5, 4.6875, 1.6875], "texture": "#0"},
				"down": {"uv": [4.375, 1.5, 4.6875, 1.6875], "rotation": 180, "texture": "#0"}
			}
		},
		{
			"from": [6.75, -8.3, 7.25],
			"to": [9.25, -5.8, 8.75],
			"rotation": {"angle": 0, "axis": "y", "origin": [8, -7.05, 7.9]},
			"faces": {
				"north": {"uv": [4.375, 1.1875, 4.6875, 1.5], "texture": "#0"},
				"east": {"uv": [4.875, 1.1875, 4.6875, 1.5], "texture": "#0"},
				"south": {"uv": [4.375, 1.1875, 4.6875, 1.5], "texture": "#0"},
				"west": {"uv": [5.0625, 1.1875, 4.875, 1.5], "texture": "#0"},
				"up": {"uv": [4.375, 1.5, 4.6875, 1.6875], "texture": "#0"},
				"down": {"uv": [4.375, 1.5, 4.6875, 1.6875], "rotation": 180, "texture": "#0"}
			}
		},
		{
			"from": [7.25, -9.8, 6.75],
			"to": [8.75, -7.3, 9.25],
			"rotation": {"angle": 0, "axis": "y", "origin": [8, -10.05, 7.4]},
			"faces": {
				"north": {"uv": [5.0625, 1.1875, 4.875, 1.5], "texture": "#0"},
				"east": {"uv": [4.375, 1.1875, 4.6875, 1.5], "texture": "#0"},
				"south": {"uv": [4.875, 1.1875, 4.6875, 1.5], "texture": "#0"},
				"west": {"uv": [4.375, 1.1875, 4.6875, 1.5], "texture": "#0"},
				"up": {"uv": [4.375, 1.5, 4.6875, 1.6875], "rotation": 90, "texture": "#0"},
				"down": {"uv": [4.375, 1.5, 4.6875, 1.6875], "rotation": 90, "texture": "#0"}
			}
		},
		{
			"from": [6.75, -11.3, 6.8],
			"to": [9.25, -8.8, 8.3],
			"rotation": {"angle": 22.5, "axis": "x", "origin": [8, -10.05, 7.5]},
			"faces": {
				"north": {"uv": [4.375, 1.1875, 4.6875, 1.5], "texture": "#0"},
				"east": {"uv": [4.875, 1.1875, 4.6875, 1.5], "texture": "#0"},
				"south": {"uv": [4.375, 1.1875, 4.6875, 1.5], "texture": "#0"},
				"west": {"uv": [5.0625, 1.1875, 4.875, 1.5], "texture": "#0"},
				"up": {"uv": [4.375, 1.5, 4.6875, 1.6875], "texture": "#0"},
				"down": {"uv": [4.375, 1.5, 4.6875, 1.6875], "rotation": 180, "texture": "#0"}
			}
		},
		{
			"from": [7.25, -12.7, 5.5],
			"to": [8.75, -10.2, 8],
			"rotation": {"angle": 45, "axis": "x", "origin": [8, -11.45, 6.75]},
			"faces": {
				"north": {"uv": [5.0625, 1.1875, 4.875, 1.5], "texture": "#0"},
				"east": {"uv": [4.375, 1.1875, 4.6875, 1.5], "texture": "#0"},
				"south": {"uv": [4.875, 1.1875, 4.6875, 1.5], "texture": "#0"},
				"west": {"uv": [4.375, 1.1875, 4.6875, 1.5], "texture": "#0"},
				"up": {"uv": [4.375, 1.5, 4.6875, 1.6875], "rotation": 90, "texture": "#0"},
				"down": {"uv": [4.375, 1.5, 4.6875, 1.6875], "rotation": 90, "texture": "#0"}
			}
		},
		{
			"from": [6.75, -15.7, 4.65],
			"to": [9.25, -13.2, 7.15],
			"rotation": {"angle": 22.5, "axis": "x", "origin": [8.5, -13.15, 5.4]},
			"faces": {
				"north": {"uv": [3.5625, 0.9375, 3.25, 1.25], "texture": "#0"},
				"east": {"uv": [2.625, 0.9375, 2.9375, 1.25], "texture": "#0"},
				"south": {"uv": [3.5625, 0.9375, 3.25, 1.25], "texture": "#0"},
				"west": {"uv": [2.625, 0.9375, 2.9375, 1.25], "texture": "#0"},
				"up": {"uv": [2.9375, 0.9375, 3.25, 1.25], "rotation": 90, "texture": "#0"},
				"down": {"uv": [2.9375, 0.9375, 3.25, 1.25], "rotation": 90, "texture": "#0"}
			}
		},
		{
			"from": [6.25, -13.2, 2.45],
			"to": [9.75, -10.7, 6.95],
			"rotation": {"angle": -22.5, "axis": "x", "origin": [9, -12.45, 6.2]},
			"faces": {
				"north": {"uv": [3.5625, 0, 3.875, 0.4375], "rotation": 270, "texture": "#0"},
				"east": {"uv": [3.25, 0.5625, 3.5625, 0], "rotation": 90, "texture": "#0"},
				"south": {"uv": [3.875, 0, 4.1875, 0.4375], "rotation": 270, "texture": "#0"},
				"west": {"uv": [3.25, 0, 3.5625, 0.5625], "rotation": 90, "texture": "#0"},
				"up": {"uv": [3.25, 0, 2.8125, 0.5625], "rotation": 180, "texture": "#0"},
				"down": {"uv": [4.625, 0, 4.1875, 0.5625], "rotation": 180, "texture": "#0"}
			}
		},
		{
			"from": [6.5, -16, 5.45],
			"to": [9.5, -13.2, 6.95],
			"rotation": {"angle": -22.5, "axis": "x", "origin": [9.2, -12.45, 6.2]},
			"faces": {
				"north": {"uv": [3.75, 0.5625, 3.375, 0.9125], "texture": "#0"},
				"east": {"uv": [3, 0.5625, 2.8125, 0.9125], "texture": "#0"},
				"south": {"uv": [3.375, 0.5625, 3, 0.9125], "texture": "#0"},
				"west": {"uv": [2.8125, 0.5625, 3, 0.9125], "texture": "#0"},
				"up": {"uv": [3.75, 0.5625, 3.9375, 0.9375], "rotation": 90, "texture": "#0"},
				"down": {"uv": [3.75, 0.5625, 3.9375, 0.9375], "rotation": 90, "texture": "#0"}
			}
		},
		{
			"from": [6.75, 9, 6.75],
			"to": [9.25, 11.5, 9.25],
			"rotation": {"angle": 45, "axis": "y", "origin": [8, 6.875, 8]},
			"faces": {
				"north": {"uv": [1.25, 3.75, 1.5625, 4.0625], "texture": "#0"},
				"east": {"uv": [1.5625, 3.75, 1.25, 4.0625], "texture": "#0"},
				"south": {"uv": [1.25, 3.75, 1.5625, 4.0625], "texture": "#0"},
				"west": {"uv": [1.5625, 3.75, 1.25, 4.0625], "texture": "#0"},
				"up": {"uv": [0.9375, 3.75, 1.25, 4.0625], "texture": "#0"},
				"down": {"uv": [0.9375, 3.75, 1.25, 4.0625], "texture": "#0"}
			}
		},
		{
			"from": [8, -16, -2.5],
			"to": [8, -11, 4.5],
			"rotation": {"angle": 0, "axis": "y", "origin": [8, -16, 0]},
			"faces": {
				"north": {"uv": [0, 3, 0, 0], "rotation": 180, "texture": "#3"},
				"east": {"uv": [12, 0, 2, 14], "rotation": 90, "texture": "#3"},
				"south": {"uv": [0, 0, 0, 3], "texture": "#3"},
				"west": {"uv": [12, 14, 2, 0], "rotation": 90, "texture": "#3"},
				"up": {"uv": [0, 0, 0, 3.5], "texture": "#3"},
				"down": {"uv": [0, 0, 0, 3.5], "rotation": 180, "texture": "#3"}
			}
		},
		{
			"from": [8, 27, -1.5],
			"to": [8, 32, 5.5],
			"rotation": {"angle": 0, "axis": "y", "origin": [8, 27, 1]},
			"faces": {
				"north": {"uv": [0, 3, 0, 0], "rotation": 180, "texture": "#3"},
				"east": {"uv": [12, 0, 2, 14], "rotation": 90, "texture": "#3"},
				"south": {"uv": [0, 0, 0, 3], "texture": "#3"},
				"west": {"uv": [12, 14, 2, 0], "rotation": 90, "texture": "#3"},
				"up": {"uv": [0, 0, 0, 3.5], "texture": "#3"},
				"down": {"uv": [0, 0, 0, 3.5], "rotation": 180, "texture": "#3"}
			}
		},
		{
			"from": [8, -13, 1],
			"to": [8, -9.5, 7],
			"rotation": {"angle": 22.5, "axis": "x", "origin": [6, -12, 7]},
			"faces": {
				"north": {"uv": [0, 0, 0, 56], "rotation": 180, "texture": "#missing"},
				"east": {"uv": [5.4375, 1.6875, 5.875, 0.9375], "rotation": 270, "texture": "#0"},
				"south": {"uv": [0, 0, 0, 56], "texture": "#missing"},
				"west": {"uv": [5.4375, 0.9375, 5.875, 1.6875], "rotation": 270, "texture": "#0"},
				"up": {"uv": [0, 0, 0, 96], "texture": "#missing"},
				"down": {"uv": [0, 0, 0, 96], "rotation": 180, "texture": "#missing"}
			}
		},
		{
			"from": [8, -14, 7],
			"to": [8, -10.5, 13],
			"rotation": {"angle": 22.5, "axis": "x", "origin": [6, -13, 7]},
			"faces": {
				"north": {"uv": [0, 0, 0, 56], "texture": "#missing"},
				"east": {"uv": [5.875, 0.9375, 5.4375, 1.6875], "rotation": 270, "texture": "#0"},
				"south": {"uv": [0, 0, 0, 56], "rotation": 180, "texture": "#missing"},
				"west": {"uv": [5.875, 1.6875, 5.4375, 0.9375], "rotation": 270, "texture": "#0"},
				"up": {"uv": [0, 96, 0, 0], "texture": "#missing"},
				"down": {"uv": [0, 96, 0, 0], "rotation": 180, "texture": "#missing"}
			}
		},
		{
			"from": [7.8, -2, -2],
			"to": [7.8, 7, 8],
			"rotation": {"angle": 0, "axis": "y", "origin": [7.8, -1, 4]},
			"faces": {
				"north": {"uv": [0, 0, 0, 224], "texture": "#missing"},
				"east": {"uv": [0, 5.5, 10, 14.5], "texture": "#2"},
				"south": {"uv": [0, 0, 0, 224], "texture": "#missing"},
				"west": {"uv": [10, 5.5, 0, 14.5], "texture": "#2"},
				"up": {"uv": [0, 0, 0, 160], "texture": "#missing"},
				"down": {"uv": [0, 160, 0, 0], "texture": "#missing"}
			}
		},
		{
			"from": [7.8, 15, 17.5],
			"to": [7.8, 24, 27.5],
			"rotation": {"angle": 0, "axis": "y", "origin": [7.8, 16, 21.5]},
			"faces": {
				"north": {"uv": [0, 0, 0, 224], "texture": "#missing"},
				"east": {"uv": [10, 5.5, 0, 14.5], "texture": "#2"},
				"south": {"uv": [0, 0, 0, 224], "texture": "#missing"},
				"west": {"uv": [0, 5.5, 10, 14.5], "texture": "#2"},
				"up": {"uv": [0, 160, 0, 0], "texture": "#missing"},
				"down": {"uv": [0, 0, 0, 160], "texture": "#missing"}
			}
		},
		{
			"from": [7, 11, 5.5],
			"to": [9, 16, 10.5],
			"rotation": {"angle": 45, "axis": "x", "origin": [8, 13.5, 8]},
			"faces": {
				"north": {"uv": [4.25, 3.4375, 4.5, 4.0625], "rotation": 180, "texture": "#0"},
				"east": {"uv": [4.25, 3.4375, 3.625, 4.0625], "rotation": 180, "texture": "#0"},
				"south": {"uv": [2.3125, 0.875, 2.5625, 1.5], "texture": "#0"},
				"west": {"uv": [3.625, 3.4375, 4.25, 4.0625], "rotation": 180, "texture": "#0"},
				"up": {"uv": [4.25, 3.4375, 4.5, 4.0625], "rotation": 180, "texture": "#0"},
				"down": {"uv": [2.3125, 1.5, 2.5625, 0.875], "texture": "#0"}
			}
		},
		{
			"from": [5.9, 11.75, 6.25],
			"to": [5.9, 15.25, 9.75],
			"rotation": {"angle": 45, "axis": "x", "origin": [7.9, 13.5, 8]},
			"faces": {
				"north": {"uv": [0, 0, 0, 7], "texture": "#4"},
				"east": {"uv": [0, 0, 7, 7], "texture": "#4"},
				"south": {"uv": [0, 0, 0, 7], "texture": "#4"},
				"west": {"uv": [0, 0, 7, 7], "texture": "#4"},
				"up": {"uv": [0, 7, 0, 0], "texture": "#4"},
				"down": {"uv": [0, 0, 0, 7], "texture": "#4"}
			}
		},
		{
			"from": [6, 11.75, 6.25],
			"to": [10, 15.25, 9.75],
			"rotation": {"angle": 45, "axis": "x", "origin": [8, 13.5, 8]},
			"faces": {
				"north": {"uv": [4.9375, 3.5, 5.4375, 3.9375], "rotation": 180, "texture": "#0"},
				"east": {"uv": [4.5, 3.9375, 4.9375, 3.5], "rotation": 180, "texture": "#0"},
				"south": {"uv": [5.0625, 3.5, 5.5625, 3.0625], "rotation": 180, "texture": "#0"},
				"west": {"uv": [4.5, 3.5, 4.9375, 3.9375], "rotation": 180, "texture": "#0"},
				"up": {"uv": [4.9375, 3.5, 5.4375, 3.9375], "texture": "#0"},
				"down": {"uv": [5.0625, 3.0625, 5.5625, 3.5], "rotation": 180, "texture": "#0"}
			}
		},
		{
			"from": [10.1, 11.75, 6.25],
			"to": [10.1, 15.25, 9.75],
			"rotation": {"angle": 45, "axis": "x", "origin": [8.1, 13.5, 8]},
			"faces": {
				"north": {"uv": [0, 0, 0, 7], "texture": "#4"},
				"east": {"uv": [7, 0, 0, 7], "texture": "#4"},
				"south": {"uv": [0, 0, 0, 7], "texture": "#4"},
				"west": {"uv": [7, 0, 0, 7], "texture": "#4"},
				"up": {"uv": [0, 7, 0, 0], "texture": "#4"},
				"down": {"uv": [0, 0, 0, 7], "texture": "#4"}
			}
		},
		{
			"from": [4, 15, 4],
			"to": [12, 20, 12],
			"rotation": {"angle": 0, "axis": "y", "origin": [8, 20.5, 8]},
			"faces": {
				"north": {"uv": [11.25, 13.5, 12.25, 14.125], "texture": "#0"},
				"east": {"uv": [11.25, 14.125, 12.25, 14.75], "texture": "#0"},
				"south": {"uv": [11.25, 13.5, 12.25, 14.125], "texture": "#0"},
				"west": {"uv": [11.25, 14.125, 12.25, 14.75], "texture": "#0"},
				"up": {"uv": [12.5, 15, 13.5, 16], "texture": "#0"},
				"down": {"uv": [12.5, 15, 13.5, 16], "texture": "#0"}
			}
		},
		{
			"from": [4, 21.11235, 1.22847],
			"to": [7, 24.61235, 3.22847],
			"rotation": {"angle": 0, "axis": "y", "origin": [5.5, 22.64194, 1.37041]},
			"faces": {
				"north": {"uv": [4.75, 6.875, 5.125, 6.4375], "rotation": 180, "texture": "#0"},
				"east": {"uv": [4.875, 7.3125, 4.4375, 7.5625], "rotation": 90, "texture": "#0"},
				"south": {"uv": [4.75, 6.875, 5.125, 6.4375], "texture": "#0"},
				"west": {"uv": [4.875, 7.3125, 4.4375, 7.5625], "rotation": 270, "texture": "#0"},
				"up": {"uv": [4.4375, 7.3125, 4.8125, 7.0625], "rotation": 180, "texture": "#0"},
				"down": {"uv": [4.4375, 7.3125, 4.8125, 7.0625], "texture": "#0"}
			}
		},
		{
			"from": [4.5, 21.51667, -1.00668],
			"to": [6.5, 24.01667, 1.99332],
			"rotation": {"angle": -22.5, "axis": "x", "origin": [5.5, 22.64194, 1.37041]},
			"faces": {
				"north": {"uv": [5.4375, 6.75, 5.6875, 6.4375], "rotation": 180, "texture": "#0"},
				"east": {"uv": [5.4375, 6.4375, 5.125, 6.8125], "rotation": 90, "texture": "#0"},
				"south": {"uv": [5.4375, 6.75, 5.6875, 6.4375], "texture": "#0"},
				"west": {"uv": [5.4375, 6.4375, 5.125, 6.8125], "rotation": 270, "texture": "#0"},
				"up": {"uv": [4.8125, 7.3125, 5.0625, 6.9375], "rotation": 180, "texture": "#0"},
				"down": {"uv": [4.8125, 7.3125, 5.0625, 6.9375], "texture": "#0"}
			}
		},
		{
			"from": [9, 21.11235, 1.22847],
			"to": [12, 24.61235, 3.22847],
			"rotation": {"angle": 0, "axis": "y", "origin": [10.5, 22.64194, 1.37041]},
			"faces": {
				"north": {"uv": [4.75, 6.875, 5.125, 6.4375], "rotation": 180, "texture": "#0"},
				"east": {"uv": [4.875, 7.3125, 4.4375, 7.5625], "rotation": 90, "texture": "#0"},
				"south": {"uv": [4.75, 6.875, 5.125, 6.4375], "texture": "#0"},
				"west": {"uv": [4.875, 7.3125, 4.4375, 7.5625], "rotation": 270, "texture": "#0"},
				"up": {"uv": [4.4375, 7.3125, 4.8125, 7.0625], "rotation": 180, "texture": "#0"},
				"down": {"uv": [4.4375, 7.3125, 4.8125, 7.0625], "texture": "#0"}
			}
		},
		{
			"from": [9.5, 21.51667, -1.00668],
			"to": [11.5, 24.01667, 1.99332],
			"rotation": {"angle": -22.5, "axis": "x", "origin": [10.5, 22.64194, 1.37041]},
			"faces": {
				"north": {"uv": [5.4375, 6.75, 5.6875, 6.4375], "rotation": 180, "texture": "#0"},
				"east": {"uv": [5.4375, 6.4375, 5.125, 6.8125], "rotation": 90, "texture": "#0"},
				"south": {"uv": [5.4375, 6.75, 5.6875, 6.4375], "texture": "#0"},
				"west": {"uv": [5.4375, 6.4375, 5.125, 6.8125], "rotation": 270, "texture": "#0"},
				"up": {"uv": [4.8125, 7.3125, 5.0625, 6.9375], "rotation": 180, "texture": "#0"},
				"down": {"uv": [4.8125, 7.3125, 5.0625, 6.9375], "texture": "#0"}
			}
		},
		{
			"from": [7, 17.01667, 0.49332],
			"to": [9, 19.51667, 3.49332],
			"rotation": {"angle": -22.5, "axis": "x", "origin": [8, 18.14194, 2.87041]},
			"faces": {
				"north": {"uv": [5.4375, 6.75, 5.6875, 6.4375], "rotation": 180, "texture": "#0"},
				"east": {"uv": [5.4375, 6.4375, 5.125, 6.8125], "rotation": 90, "texture": "#0"},
				"south": {"uv": [5.4375, 6.75, 5.6875, 6.4375], "texture": "#0"},
				"west": {"uv": [5.4375, 6.4375, 5.125, 6.8125], "rotation": 270, "texture": "#0"},
				"up": {"uv": [4.8125, 7.3125, 5.0625, 6.9375], "rotation": 180, "texture": "#0"},
				"down": {"uv": [4.8125, 7.3125, 5.0625, 6.9375], "texture": "#0"}
			}
		},
		{
			"from": [6.5, 16.61235, 2.72847],
			"to": [9.5, 20.11235, 4.72847],
			"rotation": {"angle": 0, "axis": "y", "origin": [8, 18.14194, 2.87041]},
			"faces": {
				"north": {"uv": [4.75, 6.875, 5.125, 6.4375], "rotation": 180, "texture": "#0"},
				"east": {"uv": [4.875, 7.3125, 4.4375, 7.5625], "rotation": 90, "texture": "#0"},
				"south": {"uv": [4.75, 6.875, 5.125, 6.4375], "texture": "#0"},
				"west": {"uv": [4.875, 7.3125, 4.4375, 7.5625], "rotation": 270, "texture": "#0"},
				"up": {"uv": [4.4375, 7.3125, 4.8125, 7.0625], "rotation": 180, "texture": "#0"},
				"down": {"uv": [4.4375, 7.3125, 4.8125, 7.0625], "texture": "#0"}
			}
		},
		{
			"from": [9, 26.11235, 2.62847],
			"to": [12, 29.61235, 4.62847],
			"rotation": {"angle": 45, "axis": "x", "origin": [10.5, 27.64194, 2.77041]},
			"faces": {
				"north": {"uv": [4.75, 6.875, 5.125, 6.4375], "rotation": 180, "texture": "#0"},
				"east": {"uv": [4.875, 7.3125, 4.4375, 7.5625], "rotation": 90, "texture": "#0"},
				"south": {"uv": [4.75, 6.875, 5.125, 6.4375], "texture": "#0"},
				"west": {"uv": [4.875, 7.3125, 4.4375, 7.5625], "rotation": 270, "texture": "#0"},
				"up": {"uv": [4.4375, 7.3125, 4.8125, 7.0625], "rotation": 180, "texture": "#0"},
				"down": {"uv": [4.4375, 7.3125, 4.8125, 7.0625], "texture": "#0"}
			}
		},
		{
			"from": [9.5, 26.51667, 0.39332],
			"to": [11.5, 29.01667, 3.39332],
			"rotation": {"angle": 22.5, "axis": "x", "origin": [10.5, 27.64194, 2.77041]},
			"faces": {
				"north": {"uv": [5.4375, 6.75, 5.6875, 6.4375], "rotation": 180, "texture": "#0"},
				"east": {"uv": [5.4375, 6.4375, 5.125, 6.8125], "rotation": 90, "texture": "#0"},
				"south": {"uv": [5.4375, 6.75, 5.6875, 6.4375], "texture": "#0"},
				"west": {"uv": [5.4375, 6.4375, 5.125, 6.8125], "rotation": 270, "texture": "#0"},
				"up": {"uv": [4.8125, 7.3125, 5.0625, 6.9375], "rotation": 180, "texture": "#0"},
				"down": {"uv": [4.8125, 7.3125, 5.0625, 6.9375], "texture": "#0"}
			}
		},
		{
			"from": [4, 26.11235, 2.62847],
			"to": [7, 29.61235, 4.62847],
			"rotation": {"angle": 45, "axis": "x", "origin": [5.5, 27.64194, 2.77041]},
			"faces": {
				"north": {"uv": [5.125, 6.875, 4.75, 6.4375], "rotation": 180, "texture": "#0"},
				"east": {"uv": [4.875, 7.5625, 4.4375, 7.3125], "rotation": 270, "texture": "#0"},
				"south": {"uv": [5.125, 6.875, 4.75, 6.4375], "texture": "#0"},
				"west": {"uv": [4.875, 7.5625, 4.4375, 7.3125], "rotation": 90, "texture": "#0"},
				"up": {"uv": [4.8125, 7.3125, 4.4375, 7.0625], "rotation": 180, "texture": "#0"},
				"down": {"uv": [4.8125, 7.3125, 4.4375, 7.0625], "texture": "#0"}
			}
		},
		{
			"from": [4.5, 26.51667, 0.39332],
			"to": [6.5, 29.01667, 3.39332],
			"rotation": {"angle": 22.5, "axis": "x", "origin": [5.5, 27.64194, 2.77041]},
			"faces": {
				"north": {"uv": [5.6875, 6.75, 5.4375, 6.4375], "rotation": 180, "texture": "#0"},
				"east": {"uv": [5.4375, 6.8125, 5.125, 6.4375], "rotation": 270, "texture": "#0"},
				"south": {"uv": [5.6875, 6.75, 5.4375, 6.4375], "texture": "#0"},
				"west": {"uv": [5.4375, 6.8125, 5.125, 6.4375], "rotation": 90, "texture": "#0"},
				"up": {"uv": [5.0625, 7.3125, 4.8125, 6.9375], "rotation": 180, "texture": "#0"},
				"down": {"uv": [5.0625, 7.3125, 4.8125, 6.9375], "texture": "#0"}
			}
		},
		{
			"from": [3, 20, 3],
			"to": [13, 28, 13],
			"rotation": {"angle": 0, "axis": "y", "origin": [8, 20.5, 8]},
			"faces": {
				"north": {"uv": [10, 12.75, 11.25, 13.75], "texture": "#0"},
				"east": {"uv": [10, 15, 11.25, 16], "texture": "#0"},
				"south": {"uv": [10, 12.75, 11.25, 13.75], "texture": "#0"},
				"west": {"uv": [10, 15, 11.25, 16], "texture": "#0"},
				"up": {"uv": [10, 13.75, 11.25, 15], "texture": "#0"},
				"down": {"uv": [11.25, 14.75, 12.5, 16], "texture": "#0"}
			}
		},
		{
			"from": [6.25, 29.11213, 5.1228],
			"to": [9.75, 31.61213, 9.6228],
			"rotation": {"angle": 45, "axis": "x", "origin": [8, 29.11896, 7.71142]},
			"faces": {
				"north": {"uv": [3.5625, 0.4375, 3.875, 0], "rotation": 270, "texture": "#0"},
				"east": {"uv": [3.25, 0.5625, 3.5625, 0], "rotation": 90, "texture": "#0"},
				"south": {"uv": [3.875, 0.4375, 4.1875, 0], "rotation": 270, "texture": "#0"},
				"west": {"uv": [3.25, 0, 3.5625, 0.5625], "rotation": 90, "texture": "#0"},
				"up": {"uv": [3.25, 0.5625, 2.8125, 0], "texture": "#0"},
				"down": {"uv": [4.625, 0.5625, 4.1875, 0], "texture": "#0"}
			}
		},
		{
			"from": [6.5, 27.58038, 5.29246],
			"to": [9.5, 29.08038, 8.09246],
			"rotation": {"angle": -22.5, "axis": "x", "origin": [8, 29.11896, 7.71142]},
			"faces": {
				"north": {"uv": [3.9375, 0.5625, 3.75, 0.9375], "rotation": 90, "texture": "#0"},
				"east": {"uv": [3, 0.5625, 2.8125, 0.9125], "rotation": 270, "texture": "#0"},
				"south": {"uv": [3.9375, 0.5625, 3.75, 0.9375], "rotation": 270, "texture": "#0"},
				"west": {"uv": [2.8125, 0.5625, 3, 0.9125], "rotation": 90, "texture": "#0"},
				"up": {"uv": [3.375, 0.5625, 3.75, 0.9125], "rotation": 180, "texture": "#0"},
				"down": {"uv": [3, 0.5625, 3.375, 0.9125], "texture": "#0"}
			}
		},
		{
			"from": [6.75, 28.19118, 5.2874],
			"to": [9.25, 30.69118, 7.7874],
			"rotation": {"angle": 0, "axis": "y", "origin": [8, 29.11896, 7.71142]},
			"faces": {
				"north": {"uv": [3.25, 0.9375, 2.9375, 1.25], "rotation": 90, "texture": "#0"},
				"east": {"uv": [2.9375, 0.9375, 2.625, 1.25], "rotation": 270, "texture": "#0"},
				"south": {"uv": [3.25, 0.9375, 2.9375, 1.25], "rotation": 270, "texture": "#0"},
				"west": {"uv": [2.9375, 0.9375, 2.625, 1.25], "rotation": 90, "texture": "#0"},
				"up": {"uv": [3.25, 0.9375, 3.5625, 1.25], "rotation": 180, "texture": "#0"},
				"down": {"uv": [3.25, 0.9375, 3.5625, 1.25], "texture": "#0"}
			}
		},
		{
			"from": [6.75, 21.46854, 11.77363],
			"to": [9.25, 25.46854, 15.77363],
			"rotation": {"angle": 0, "axis": "y", "origin": [8.5, 16.31868, 15.5234]},
			"faces": {
				"north": {"uv": [1.9375, 4, 2.25, 4.5], "texture": "#0"},
				"east": {"uv": [2.4375, 3.5, 1.9375, 4], "rotation": 270, "texture": "#0"},
				"south": {"uv": [1.9375, 4, 2.25, 4.5], "texture": "#0"},
				"west": {"uv": [2.4375, 4, 1.9375, 3.5], "rotation": 270, "texture": "#0"},
				"up": {"uv": [2.4375, 3.5, 2.75, 4], "texture": "#0"},
				"down": {"uv": [2.8125, 2.9375, 3.125, 3.4375], "texture": "#0"}
			}
		},
		{
			"from": [7, 19.44405, 10.57152],
			"to": [9, 22.44405, 15.57152],
			"rotation": {"angle": 45, "axis": "x", "origin": [8.5, 16.31868, 15.5234]},
			"faces": {
				"north": {"uv": [2.25, 4, 2.5, 4.375], "texture": "#0"},
				"east": {"uv": [2.8125, 2.875, 2.4375, 3.5], "rotation": 270, "texture": "#0"},
				"south": {"uv": [2.25, 4, 2.5, 4.375], "texture": "#0"},
				"west": {"uv": [2.8125, 3.5, 2.4375, 2.875], "rotation": 270, "texture": "#0"},
				"up": {"uv": [2.75, 2.25, 2.5, 2.875], "texture": "#0"},
				"down": {"uv": [2.8125, 2.3125, 3.0625, 2.9375], "texture": "#0"}
			}
		},
		{
			"from": [8, 15.37766, 12.42796],
			"to": [8, 20.37766, 19.42796],
			"rotation": {"angle": -22.5, "axis": "x", "origin": [8.5, 16.31868, 16.5234]},
			"faces": {
				"north": {"uv": [0, 0, 0, 80], "rotation": 180, "texture": "#missing"},
				"east": {"uv": [8, 1.625, 7.125, 2.25], "rotation": 180, "texture": "#0"},
				"south": {"uv": [0, 0, 0, 80], "rotation": 180, "texture": "#missing"},
				"west": {"uv": [7.125, 1.625, 8, 2.25], "rotation": 180, "texture": "#0"},
				"up": {"uv": [0, 0, 0, 160], "texture": "#missing"},
				"down": {"uv": [0, 0, 0, 160], "texture": "#missing"}
			}
		},
		{
			"from": [8, 11.37766, 16.57204],
			"to": [8, 16.37766, 23.57204],
			"rotation": {"angle": 22.5, "axis": "x", "origin": [8.5, 12.31868, 19.4766]},
			"faces": {
				"north": {"uv": [0, 0, 0, 80], "rotation": 180, "texture": "#missing"},
				"east": {"uv": [7.125, 1.625, 8, 2.25], "rotation": 180, "texture": "#0"},
				"south": {"uv": [0, 0, 0, 80], "rotation": 180, "texture": "#missing"},
				"west": {"uv": [8, 1.625, 7.125, 2.25], "rotation": 180, "texture": "#0"},
				"up": {"uv": [0, 160, 0, 0], "texture": "#missing"},
				"down": {"uv": [0, 160, 0, 0], "texture": "#missing"}
			}
		},
		{
			"from": [8, 23.37766, 15.57204],
			"to": [8, 28.37766, 22.57204],
			"rotation": {"angle": -45, "axis": "x", "origin": [8.5, 24.31868, 18.4766]},
			"faces": {
				"north": {"uv": [0, 0, 0, 80], "rotation": 180, "texture": "#missing"},
				"east": {"uv": [7.125, 1.625, 8, 2.25], "rotation": 180, "texture": "#0"},
				"south": {"uv": [0, 0, 0, 80], "rotation": 180, "texture": "#missing"},
				"west": {"uv": [8, 1.625, 7.125, 2.25], "rotation": 180, "texture": "#0"},
				"up": {"uv": [0, 160, 0, 0], "texture": "#missing"},
				"down": {"uv": [0, 160, 0, 0], "texture": "#missing"}
			}
		},
		{
			"from": [7.25, 15.9697, 16.37003],
			"to": [8.75, 20.9697, 18.87003],
			"rotation": {"angle": 0, "axis": "y", "origin": [8.5, 16.31868, 15.5234]},
			"faces": {
				"north": {"uv": [2.4375, 4.5, 2.625, 5.125], "rotation": 180, "texture": "#0"},
				"east": {"uv": [2.25, 4.5, 1.9375, 5.125], "rotation": 180, "texture": "#0"},
				"south": {"uv": [2.25, 4.5, 2.4375, 5.125], "rotation": 180, "texture": "#0"},
				"west": {"uv": [1.9375, 4.5, 2.25, 5.125], "rotation": 180, "texture": "#0"},
				"up": {"uv": [1.75, 3.9375, 1.9375, 4.25], "texture": "#0"},
				"down": {"uv": [1.75, 3.9375, 1.9375, 4.25], "texture": "#0"}
			}
		},
		{
			"from": [7.7424, 13.62236, 17.51561],
			"to": [9.2424, 17.62236, 19.51561],
			"rotation": {"angle": 22.5, "axis": "x", "origin": [8.5, 16.31868, 15.5234]},
			"faces": {
				"north": {"uv": [2.3125, 5.125, 2.5, 5.625], "rotation": 180, "texture": "#0"},
				"east": {"uv": [2.125, 5.125, 1.875, 5.625], "rotation": 180, "texture": "#0"},
				"south": {"uv": [2.125, 5.125, 2.3125, 5.625], "rotation": 180, "texture": "#0"},
				"west": {"uv": [1.875, 5.125, 2.125, 5.625], "rotation": 180, "texture": "#0"},
				"up": {"uv": [1.5625, 3.9375, 1.75, 4.1875], "texture": "#0"},
				"down": {"uv": [1.5625, 3.9375, 1.75, 4.1875], "texture": "#0"}
			}
		},
		{
			"from": [9, 8.50025, 16.3164],
			"to": [9, 16.50025, 27.3164],
			"rotation": {"angle": 45, "axis": "x", "origin": [8.5, 16.31868, 15.5234]},
			"faces": {
				"north": {"uv": [0, 128, 0, 0], "texture": "#missing"},
				"east": {"uv": [7, 2.6875, 5.625, 1.6875], "texture": "#0"},
				"south": {"uv": [0, 128, 0, 0], "texture": "#missing"},
				"west": {"uv": [5.625, 2.6875, 7, 1.6875], "texture": "#0"},
				"up": {"uv": [0, 160, 0, 0], "texture": "#missing"},
				"down": {"uv": [0, 160, 0, 0], "texture": "#missing"}
			}
		}
	],
	"gui_light": "front",
	"display": {
		"thirdperson_righthand": {
			"translation": [0, 6, 1.25],
			"scale": [0.6, 0.6, 0.6]
		},
		"thirdperson_lefthand": {
			"translation": [0, 6, 1.25],
			"scale": [0.6, 0.6, 0.6]
		},
		"firstperson_righthand": {
			"rotation": [7, 29, 7],
			"translation": [7.5, 1, -6.25],
			"scale": [0.6, 0.6, 0.6]
		},
		"firstperson_lefthand": {
			"rotation": [7, 29, 7],
			"translation": [7.5, 1, -6.25],
			"scale": [0.6, 0.6, 0.6]
		},
		"ground": {
			"rotation": [0, 0, 88],
			"translation": [-2, 2.5, 0.25],
			"scale": [0.45, 0.45, 0.45]
		},
		"gui": {
			"rotation": [-90, -135, -90],
			"translation": [-0.75, 0.75, -1.5],
			"scale": [0.45, 0.45, 0.45]
		},
		"head": {
			"rotation": [90, -156, 90],
			"translation": [-6.5, 10.5, 1.75],
			"scale": [0.6, 0.6, 0.6]
		},
		"fixed": {
			"rotation": [-90, -90, -90],
			"translation": [0, 2.75, -1.75],
			"scale": [1.2, 1.2, 1.2]
		}
	}
}