{
	"credit": "Made with Blockbench",
	"texture_size": [128, 128],
	"textures": {
		"0": "elitecreatures:archdemon_animated/archdemon_texture",
		"2": "elitecreatures:archdemon_animated/archdemon_animation1",
		"3": "elitecreatures:archdemon_animated/archdemon_animation2",
		"4": "elitecreatures:archdemon_animated/archdemon_animation3",
		"particle": "elitecreatures:archdemon_animated/archdemon_texture"
	},
	"elements": [
		{
			"from": [7.25, -6.8, 6.75],
			"to": [8.75, -4.3, 9.25],
			"rotation": {"angle": 0, "axis": "y", "origin": [8, -7.05, 7.4]},
			"faces": {
				"north": {"uv": [5.0625, 1.1875, 4.875, 1.5], "texture": "#0"},
				"east": {"uv": [4.375, 1.1875, 4.6875, 1.5], "texture": "#0"},
				"south": {"uv": [4.875, 1.1875, 4.6875, 1.5], "texture": "#0"},
				"west": {"uv": [4.375, 1.1875, 4.6875, 1.5], "texture": "#0"},
				"up": {"uv": [4.375, 1.5, 4.6875, 1.6875], "rotation": 90, "texture": "#0"},
				"down": {"uv": [4.375, 1.5, 4.6875, 1.6875], "rotation": 90, "texture": "#0"}
			}
		},
		{
			"from": [7.25, -3.8, 6.75],
			"to": [8.75, -1.3, 9.25],
			"rotation": {"angle": 0, "axis": "y", "origin": [8, -4.05, 7.4]},
			"faces": {
				"north": {"uv": [5.0625, 1.1875, 4.875, 1.5], "texture": "#0"},
				"east": {"uv": [4.375, 1.1875, 4.6875, 1.5], "texture": "#0"},
				"south": {"uv": [4.875, 1.1875, 4.6875, 1.5], "texture": "#0"},
				"west": {"uv": [4.375, 1.1875, 4.6875, 1.5], "texture": "#0"},
				"up": {"uv": [4.375, 1.5, 4.6875, 1.6875], "rotation": 90, "texture": "#0"},
				"down": {"uv": [4.375, 1.5, 4.6875, 1.6875], "rotation": 90, "texture": "#0"}
			}
		},
		{
			"from": [7.25, -0.8, 6.75],
			"to": [8.75, 1.7, 9.25],
			"rotation": {"angle": 0, "axis": "y", "origin": [8, -1.05, 7.4]},
			"faces": {
				"north": {"uv": [5.0625, 1.1875, 4.875, 1.5], "texture": "#0"},
				"east": {"uv": [4.375, 1.1875, 4.6875, 1.5], "texture": "#0"},
				"south": {"uv": [4.875, 1.1875, 4.6875, 1.5], "texture": "#0"},
				"west": {"uv": [4.375, 1.1875, 4.6875, 1.5], "texture": "#0"},
				"up": {"uv": [4.375, 1.5, 4.6875, 1.6875], "rotation": 90, "texture": "#0"},
				"down": {"uv": [4.375, 1.5, 4.6875, 1.6875], "rotation": 90, "texture": "#0"}
			}
		},
		{
			"from": [7.25, 2.2, 6.75],
			"to": [8.75, 4.7, 9.25],
			"rotation": {"angle": 0, "axis": "y", "origin": [8, 1.95, 7.4]},
			"faces": {
				"north": {"uv": [5.0625, 1.1875, 4.875, 1.5], "texture": "#0"},
				"east": {"uv": [4.375, 1.1875, 4.6875, 1.5], "texture": "#0"},
				"south": {"uv": [4.875, 1.1875, 4.6875, 1.5], "texture": "#0"},
				"west": {"uv": [4.375, 1.1875, 4.6875, 1.5], "texture": "#0"},
				"up": {"uv": [4.375, 1.5, 4.6875, 1.6875], "rotation": 90, "texture": "#0"},
				"down": {"uv": [4.375, 1.5, 4.6875, 1.6875], "rotation": 90, "texture": "#0"}
			}
		},
		{
			"from": [7.25, 5.2, 6.75],
			"to": [8.75, 7.7, 9.25],
			"rotation": {"angle": 0, "axis": "y", "origin": [8, 4.95, 7.4]},
			"faces": {
				"north": {"uv": [5.0625, 1.1875, 4.875, 1.5], "texture": "#0"},
				"east": {"uv": [4.375, 1.1875, 4.6875, 1.5], "texture": "#0"},
				"south": {"uv": [4.875, 1.1875, 4.6875, 1.5], "texture": "#0"},
				"west": {"uv": [4.375, 1.1875, 4.6875, 1.5], "texture": "#0"},
				"up": {"uv": [4.375, 1.5, 4.6875, 1.6875], "rotation": 90, "texture": "#0"},
				"down": {"uv": [4.375, 1.5, 4.6875, 1.6875], "rotation": 90, "texture": "#0"}
			}
		},
		{
			"from": [6.75, -2.3, 7.25],
			"to": [9.25, 0.2, 8.75],
			"rotation": {"angle": 0, "axis": "y", "origin": [8, -1.05, 7.9]},
			"faces": {
				"north": {"uv": [4.375, 1.1875, 4.6875, 1.5], "texture": "#0"},
				"east": {"uv": [4.875, 1.1875, 4.6875, 1.5], "texture": "#0"},
				"south": {"uv": [4.375, 1.1875, 4.6875, 1.5], "texture": "#0"},
				"west": {"uv": [5.0625, 1.1875, 4.875, 1.5], "texture": "#0"},
				"up": {"uv": [4.375, 1.5, 4.6875, 1.6875], "texture": "#0"},
				"down": {"uv": [4.375, 1.5, 4.6875, 1.6875], "rotation": 180, "texture": "#0"}
			}
		},
		{
			"from": [6.75, 0.7, 7.25],
			"to": [9.25, 3.2, 8.75],
			"rotation": {"angle": 0, "axis": "y", "origin": [8, 1.95, 7.9]},
			"faces": {
				"north": {"uv": [4.375, 1.1875, 4.6875, 1.5], "texture": "#0"},
				"east": {"uv": [4.875, 1.1875, 4.6875, 1.5], "texture": "#0"},
				"south": {"uv": [4.375, 1.1875, 4.6875, 1.5], "texture": "#0"},
				"west": {"uv": [5.0625, 1.1875, 4.875, 1.5], "texture": "#0"},
				"up": {"uv": [4.375, 1.5, 4.6875, 1.6875], "texture": "#0"},
				"down": {"uv": [4.375, 1.5, 4.6875, 1.6875], "rotation": 180, "texture": "#0"}
			}
		},
		{
			"from": [6.75, 3.7, 7.25],
			"to": [9.25, 6.2, 8.75],
			"rotation": {"angle": 0, "axis": "y", "origin": [8, 4.95, 7.9]},
			"faces": {
				"north": {"uv": [4.375, 1.1875, 4.6875, 1.5], "texture": "#0"},
				"east": {"uv": [4.875, 1.1875, 4.6875, 1.5], "texture": "#0"},
				"south": {"uv": [4.375, 1.1875, 4.6875, 1.5], "texture": "#0"},
				"west": {"uv": [5.0625, 1.1875, 4.875, 1.5], "texture": "#0"},
				"up": {"uv": [4.375, 1.5, 4.6875, 1.6875], "texture": "#0"},
				"down": {"uv": [4.375, 1.5, 4.6875, 1.6875], "rotation": 180, "texture": "#0"}
			}
		},
		{
			"from": [6.75, 6.7, 7.25],
			"to": [9.25, 9.2, 8.75],
			"rotation": {"angle": 0, "axis": "y", "origin": [8, 7.95, 7.9]},
			"faces": {
				"north": {"uv": [4.375, 1.1875, 4.6875, 1.5], "texture": "#0"},
				"east": {"uv": [4.875, 1.1875, 4.6875, 1.5], "texture": "#0"},
				"south": {"uv": [4.375, 1.1875, 4.6875, 1.5], "texture": "#0"},
				"west": {"uv": [5.0625, 1.1875, 4.875, 1.5], "texture": "#0"},
				"up": {"uv": [4.375, 1.5, 4.6875, 1.6875], "texture": "#0"},
				"down": {"uv": [4.375, 1.5, 4.6875, 1.6875], "rotation": 180, "texture": "#0"}
			}
		},
		{
			"from": [6.75, -5.3, 7.25],
			"to": [9.25, -2.8, 8.75],
			"rotation": {"angle": 0, "axis": "y", "origin": [8, -4.05, 7.9]},
			"faces": {
				"north": {"uv": [4.375, 1.1875, 4.6875, 1.5], "texture": "#0"},
				"east": {"uv": [4.875, 1.1875, 4.6875, 1.5], "texture": "#0"},
				"south": {"uv": [4.375, 1.1875, 4.6875, 1.5], "texture": "#0"},
				"west": {"uv": [5.0625, 1.1875, 4.875, 1.5], "texture": "#0"},
				"up": {"uv": [4.375, 1.5, 4.6875, 1.6875], "texture": "#0"},
				"down": {"uv": [4.375, 1.5, 4.6875, 1.6875], "rotation": 180, "texture": "#0"}
			}
		},
		{
			"from": [6.75, -8.3, 7.25],
			"to": [9.25, -5.8, 8.75],
			"rotation": {"angle": 0, "axis": "y", "origin": [8, -7.05, 7.9]},
			"faces": {
				"north": {"uv": [4.375, 1.1875, 4.6875, 1.5], "texture": "#0"},
				"east": {"uv": [4.875, 1.1875, 4.6875, 1.5], "texture": "#0"},
				"south": {"uv": [4.375, 1.1875, 4.6875, 1.5], "texture": "#0"},
				"west": {"uv": [5.0625, 1.1875, 4.875, 1.5], "texture": "#0"},
				"up": {"uv": [4.375, 1.5, 4.6875, 1.6875], "texture": "#0"},
				"down": {"uv": [4.375, 1.5, 4.6875, 1.6875], "rotation": 180, "texture": "#0"}
			}
		},
		{
			"from": [7.25, -9.8, 6.75],
			"to": [8.75, -7.3, 9.25],
			"rotation": {"angle": 0, "axis": "y", "origin": [8, -10.05, 7.4]},
			"faces": {
				"north": {"uv": [5.0625, 1.1875, 4.875, 1.5], "texture": "#0"},
				"east": {"uv": [4.375, 1.1875, 4.6875, 1.5], "texture": "#0"},
				"south": {"uv": [4.875, 1.1875, 4.6875, 1.5], "texture": "#0"},
				"west": {"uv": [4.375, 1.1875, 4.6875, 1.5], "texture": "#0"},
				"up": {"uv": [4.375, 1.5, 4.6875, 1.6875], "rotation": 90, "texture": "#0"},
				"down": {"uv": [4.375, 1.5, 4.6875, 1.6875], "rotation": 90, "texture": "#0"}
			}
		},
		{
			"from": [6.75, -11.3, 6.8],
			"to": [9.25, -8.8, 8.3],
			"rotation": {"angle": 22.5, "axis": "x", "origin": [8, -10.05, 7.5]},
			"faces": {
				"north": {"uv": [4.375, 1.1875, 4.6875, 1.5], "texture": "#0"},
				"east": {"uv": [4.875, 1.1875, 4.6875, 1.5], "texture": "#0"},
				"south": {"uv": [4.375, 1.1875, 4.6875, 1.5], "texture": "#0"},
				"west": {"uv": [5.0625, 1.1875, 4.875, 1.5], "texture": "#0"},
				"up": {"uv": [4.375, 1.5, 4.6875, 1.6875], "texture": "#0"},
				"down": {"uv": [4.375, 1.5, 4.6875, 1.6875], "rotation": 180, "texture": "#0"}
			}
		},
		{
			"from": [7.25, -12.7, 5.5],
			"to": [8.75, -10.2, 8],
			"rotation": {"angle": 45, "axis": "x", "origin": [8, -11.45, 6.75]},
			"faces": {
				"north": {"uv": [5.0625, 1.1875, 4.875, 1.5], "texture": "#0"},
				"east": {"uv": [4.375, 1.1875, 4.6875, 1.5], "texture": "#0"},
				"south": {"uv": [4.875, 1.1875, 4.6875, 1.5], "texture": "#0"},
				"west": {"uv": [4.375, 1.1875, 4.6875, 1.5], "texture": "#0"},
				"up": {"uv": [4.375, 1.5, 4.6875, 1.6875], "rotation": 90, "texture": "#0"},
				"down": {"uv": [4.375, 1.5, 4.6875, 1.6875], "rotation": 90, "texture": "#0"}
			}
		},
		{
			"from": [6.75, -15.7, 4.65],
			"to": [9.25, -13.2, 7.15],
			"rotation": {"angle": 22.5, "axis": "x", "origin": [8.5, -13.15, 5.4]},
			"faces": {
				"north": {"uv": [3.5625, 0.9375, 3.25, 1.25], "texture": "#0"},
				"east": {"uv": [2.625, 0.9375, 2.9375, 1.25], "texture": "#0"},
				"south": {"uv": [3.5625, 0.9375, 3.25, 1.25], "texture": "#0"},
				"west": {"uv": [2.625, 0.9375, 2.9375, 1.25], "texture": "#0"},
				"up": {"uv": [2.9375, 0.9375, 3.25, 1.25], "rotation": 90, "texture": "#0"},
				"down": {"uv": [2.9375, 0.9375, 3.25, 1.25], "rotation": 90, "texture": "#0"}
			}
		},
		{
			"from": [6.25, -13.2, 2.45],
			"to": [9.75, -10.7, 6.95],
			"rotation": {"angle": -22.5, "axis": "x", "origin": [9, -12.45, 6.2]},
			"faces": {
				"north": {"uv": [3.5625, 0, 3.875, 0.4375], "rotation": 270, "texture": "#0"},
				"east": {"uv": [3.25, 0.5625, 3.5625, 0], "rotation": 90, "texture": "#0"},
				"south": {"uv": [3.875, 0, 4.1875, 0.4375], "rotation": 270, "texture": "#0"},
				"west": {"uv": [3.25, 0, 3.5625, 0.5625], "rotation": 90, "texture": "#0"},
				"up": {"uv": [3.25, 0, 2.8125, 0.5625], "rotation": 180, "texture": "#0"},
				"down": {"uv": [4.625, 0, 4.1875, 0.5625], "rotation": 180, "texture": "#0"}
			}
		},
		{
			"from": [6.5, -16, 5.45],
			"to": [9.5, -13.2, 6.95],
			"rotation": {"angle": -22.5, "axis": "x", "origin": [9.2, -12.45, 6.2]},
			"faces": {
				"north": {"uv": [3.75, 0.5625, 3.375, 0.9125], "texture": "#0"},
				"east": {"uv": [3, 0.5625, 2.8125, 0.9125], "texture": "#0"},
				"south": {"uv": [3.375, 0.5625, 3, 0.9125], "texture": "#0"},
				"west": {"uv": [2.8125, 0.5625, 3, 0.9125], "texture": "#0"},
				"up": {"uv": [3.75, 0.5625, 3.9375, 0.9375], "rotation": 90, "texture": "#0"},
				"down": {"uv": [3.75, 0.5625, 3.9375, 0.9375], "rotation": 90, "texture": "#0"}
			}
		},
		{
			"from": [6.75, 9, 6.75],
			"to": [9.25, 11.5, 9.25],
			"rotation": {"angle": 45, "axis": "y", "origin": [8, 6.875, 8]},
			"faces": {
				"north": {"uv": [1.25, 3.75, 1.5625, 4.0625], "texture": "#0"},
				"east": {"uv": [1.5625, 3.75, 1.25, 4.0625], "texture": "#0"},
				"south": {"uv": [1.25, 3.75, 1.5625, 4.0625], "texture": "#0"},
				"west": {"uv": [1.5625, 3.75, 1.25, 4.0625], "texture": "#0"},
				"up": {"uv": [0.9375, 3.75, 1.25, 4.0625], "texture": "#0"},
				"down": {"uv": [0.9375, 3.75, 1.25, 4.0625], "texture": "#0"}
			}
		},
		{
			"from": [8, -16, -2.5],
			"to": [8, -11, 4.5],
			"rotation": {"angle": 0, "axis": "y", "origin": [8, -16, 0]},
			"faces": {
				"north": {"uv": [0, 3, 0, 0], "rotation": 180, "texture": "#3"},
				"east": {"uv": [12, 0, 2, 14], "rotation": 90, "texture": "#3"},
				"south": {"uv": [0, 0, 0, 3], "texture": "#3"},
				"west": {"uv": [12, 14, 2, 0], "rotation": 90, "texture": "#3"},
				"up": {"uv": [0, 0, 0, 3.5], "texture": "#3"},
				"down": {"uv": [0, 0, 0, 3.5], "rotation": 180, "texture": "#3"}
			}
		},
		{
			"from": [8, 27, 0.5],
			"to": [8, 32, 7.5],
			"rotation": {"angle": 22.5, "axis": "x", "origin": [8, 29.5, 4]},
			"faces": {
				"north": {"uv": [0, 3, 0, 0], "rotation": 180, "texture": "#3"},
				"east": {"uv": [12, 0, 2, 14], "rotation": 90, "texture": "#3"},
				"south": {"uv": [0, 0, 0, 3], "texture": "#3"},
				"west": {"uv": [12, 14, 2, 0], "rotation": 90, "texture": "#3"},
				"up": {"uv": [0, 0, 0, 3.5], "texture": "#3"},
				"down": {"uv": [0, 0, 0, 3.5], "rotation": 180, "texture": "#3"}
			}
		},
		{
			"from": [8, 27, 8.5],
			"to": [8, 32, 15.5],
			"rotation": {"angle": -22.5, "axis": "x", "origin": [8, 29.5, 12]},
			"faces": {
				"north": {"uv": [0, 0, 0, 3], "texture": "#3"},
				"east": {"uv": [12, 14, 2, 0], "rotation": 90, "texture": "#3"},
				"south": {"uv": [0, 3, 0, 0], "rotation": 180, "texture": "#3"},
				"west": {"uv": [12, 0, 2, 14], "rotation": 90, "texture": "#3"},
				"up": {"uv": [0, 3.5, 0, 0], "texture": "#3"},
				"down": {"uv": [0, 3.5, 0, 0], "rotation": 180, "texture": "#3"}
			}
		},
		{
			"from": [8, -13, 1],
			"to": [8, -9.5, 7],
			"rotation": {"angle": 22.5, "axis": "x", "origin": [6, -12, 7]},
			"faces": {
				"north": {"uv": [0, 0, 0, 56], "rotation": 180, "texture": "#missing"},
				"east": {"uv": [5.4375, 1.6875, 5.875, 0.9375], "rotation": 270, "texture": "#0"},
				"south": {"uv": [0, 0, 0, 56], "texture": "#missing"},
				"west": {"uv": [5.4375, 0.9375, 5.875, 1.6875], "rotation": 270, "texture": "#0"},
				"up": {"uv": [0, 0, 0, 96], "texture": "#missing"},
				"down": {"uv": [0, 0, 0, 96], "rotation": 180, "texture": "#missing"}
			}
		},
		{
			"from": [8, -14, 7],
			"to": [8, -10.5, 13],
			"rotation": {"angle": 22.5, "axis": "x", "origin": [6, -13, 7]},
			"faces": {
				"north": {"uv": [0, 0, 0, 56], "texture": "#missing"},
				"east": {"uv": [5.875, 0.9375, 5.4375, 1.6875], "rotation": 270, "texture": "#0"},
				"south": {"uv": [0, 0, 0, 56], "rotation": 180, "texture": "#missing"},
				"west": {"uv": [5.875, 1.6875, 5.4375, 0.9375], "rotation": 270, "texture": "#0"},
				"up": {"uv": [0, 96, 0, 0], "texture": "#missing"},
				"down": {"uv": [0, 96, 0, 0], "rotation": 180, "texture": "#missing"}
			}
		},
		{
			"from": [7.8, -2, -2],
			"to": [7.8, 7, 8],
			"rotation": {"angle": 0, "axis": "y", "origin": [7.8, -1, 4]},
			"faces": {
				"north": {"uv": [0, 0, 0, 224], "texture": "#missing"},
				"east": {"uv": [0, 5.5, 10, 14.5], "texture": "#2"},
				"south": {"uv": [0, 0, 0, 224], "texture": "#missing"},
				"west": {"uv": [10, 5.5, 0, 14.5], "texture": "#2"},
				"up": {"uv": [0, 0, 0, 160], "texture": "#missing"},
				"down": {"uv": [0, 160, 0, 0], "texture": "#missing"}
			}
		},
		{
			"from": [7.8, 11, 14],
			"to": [7.8, 20, 24],
			"rotation": {"angle": 0, "axis": "y", "origin": [7.8, 12, 18]},
			"faces": {
				"north": {"uv": [0, 0, 0, 224], "texture": "#missing"},
				"east": {"uv": [10, 5.5, 0, 14.5], "texture": "#2"},
				"south": {"uv": [0, 0, 0, 224], "texture": "#missing"},
				"west": {"uv": [0, 5.5, 10, 14.5], "texture": "#2"},
				"up": {"uv": [0, 160, 0, 0], "texture": "#missing"},
				"down": {"uv": [0, 0, 0, 160], "texture": "#missing"}
			}
		},
		{
			"from": [7, 26.75, 6.25],
			"to": [9, 30.25, 9.75],
			"rotation": {"angle": 45, "axis": "x", "origin": [8, 28.5, 8]},
			"faces": {
				"north": {"uv": [5.0625, 3.5, 5.3125, 3.9375], "rotation": 180, "texture": "#0"},
				"east": {"uv": [4.5, 3.9375, 4.9375, 3.5], "rotation": 180, "texture": "#0"},
				"south": {"uv": [5.1875, 3.5, 5.4375, 3.0625], "rotation": 180, "texture": "#0"},
				"west": {"uv": [4.5, 3.5, 4.9375, 3.9375], "rotation": 180, "texture": "#0"},
				"up": {"uv": [5.0625, 3.5, 5.3125, 3.9375], "texture": "#0"},
				"down": {"uv": [5.1875, 3.0625, 5.4375, 3.5], "rotation": 180, "texture": "#0"}
			}
		},
		{
			"from": [6.9, 26.75, 6.25],
			"to": [6.9, 30.25, 9.75],
			"rotation": {"angle": 45, "axis": "x", "origin": [8.9, 28.5, 8]},
			"faces": {
				"north": {"uv": [0, 0, 0, 7], "texture": "#4"},
				"east": {"uv": [0, 0, 7, 7], "texture": "#4"},
				"south": {"uv": [0, 0, 0, 7], "texture": "#4"},
				"west": {"uv": [0, 0, 7, 7], "texture": "#4"},
				"up": {"uv": [0, 7, 0, 0], "texture": "#4"},
				"down": {"uv": [0, 0, 0, 7], "texture": "#4"}
			}
		},
		{
			"from": [7.9, 29.95, 9.25],
			"to": [7.9, 31.95, 11.25],
			"rotation": {"angle": 45, "axis": "x", "origin": [9.9, 30.2, 10]},
			"faces": {
				"north": {"uv": [0, 0, 0, 7], "texture": "#4"},
				"east": {"uv": [7, 0, 0, 7], "texture": "#4"},
				"south": {"uv": [0, 0, 0, 7], "texture": "#4"},
				"west": {"uv": [0, 0, 7, 7], "texture": "#4"},
				"up": {"uv": [0, 7, 0, 0], "texture": "#4"},
				"down": {"uv": [0, 0, 0, 7], "texture": "#4"}
			}
		},
		{
			"from": [7.9, 23.75, 5.25],
			"to": [7.9, 26.25, 7.75],
			"rotation": {"angle": 45, "axis": "x", "origin": [9.9, 24.5, 6]},
			"faces": {
				"north": {"uv": [0, 0, 0, 7], "texture": "#4"},
				"east": {"uv": [7, 0, 0, 7], "texture": "#4"},
				"south": {"uv": [0, 0, 0, 7], "texture": "#4"},
				"west": {"uv": [0, 0, 7, 7], "texture": "#4"},
				"up": {"uv": [0, 7, 0, 0], "texture": "#4"},
				"down": {"uv": [0, 0, 0, 7], "texture": "#4"}
			}
		},
		{
			"from": [9.1, 26.75, 6.25],
			"to": [9.1, 30.25, 9.75],
			"rotation": {"angle": 45, "axis": "x", "origin": [7.1, 28.5, 8]},
			"faces": {
				"north": {"uv": [0, 0, 0, 7], "texture": "#4"},
				"east": {"uv": [7, 0, 0, 7], "texture": "#4"},
				"south": {"uv": [0, 0, 0, 7], "texture": "#4"},
				"west": {"uv": [7, 0, 0, 7], "texture": "#4"},
				"up": {"uv": [0, 7, 0, 0], "texture": "#4"},
				"down": {"uv": [0, 0, 0, 7], "texture": "#4"}
			}
		},
		{
			"from": [9.36095, 14.30263, 5.5],
			"to": [14.36095, 18.30263, 10],
			"rotation": {"angle": 22.5, "axis": "z", "origin": [11.40948, 14.64312, 7.75]},
			"faces": {
				"north": {"uv": [2.625, 1.25, 3.25, 1.75], "texture": "#0"},
				"east": {"uv": [3.25, 1.25, 3.8125, 1.75], "texture": "#0"},
				"south": {"uv": [2.625, 1.25, 3.25, 1.75], "rotation": 180, "texture": "#0"},
				"west": {"uv": [3.8125, 1.25, 4.375, 1.75], "rotation": 180, "texture": "#0"},
				"up": {"uv": [3.375, 1.75, 4, 2.3125], "rotation": 180, "texture": "#0"},
				"down": {"uv": [2.75, 1.75, 3.375, 2.3125], "rotation": 180, "texture": "#0"}
			}
		},
		{
			"from": [13.89307, 13.44935, 5.5],
			"to": [13.89307, 14.94935, 10],
			"rotation": {"angle": 22.5, "axis": "z", "origin": [11.40948, 14.64312, 7.75]},
			"faces": {
				"north": {"uv": [3.25, 2.3125, 3.25, 2.5], "texture": "#0"},
				"east": {"uv": [8.4375, 0.1875, 9, 0], "texture": "#0"},
				"south": {"uv": [3.25, 2.3125, 3.25, 2.5], "rotation": 180, "texture": "#0"},
				"west": {"uv": [8.4375, 0, 9, 0.1875], "rotation": 180, "texture": "#0"},
				"up": {"uv": [3.9375, 2.875, 3.9375, 3.4375], "rotation": 180, "texture": "#0"},
				"down": {"uv": [3.25, 2.875, 3.25, 3.4375], "rotation": 180, "texture": "#0"}
			}
		},
		{
			"from": [10.03177, 11.18914, 6],
			"to": [13.53177, 13.18914, 9.5],
			"rotation": {"angle": -22.5, "axis": "z", "origin": [11.40948, 14.64312, 7.75]},
			"faces": {
				"north": {"uv": [4, 1.1875, 3.5625, 0.9375], "texture": "#0"},
				"east": {"uv": [4.4375, 1.1875, 4, 0.9375], "texture": "#0"},
				"south": {"uv": [4, 1.1875, 3.5625, 0.9375], "texture": "#0"},
				"west": {"uv": [4.4375, 0.9375, 4, 0.6875], "texture": "#0"},
				"up": {"uv": [4.625, 0.4375, 5.0625, 0], "rotation": 90, "texture": "#0"},
				"down": {"uv": [4.625, 0.4375, 5.0625, 0], "rotation": 270, "texture": "#0"}
			}
		},
		{
			"from": [7, 11, 5.5],
			"to": [9, 16, 10.5],
			"rotation": {"angle": 45, "axis": "x", "origin": [8, 13.5, 8]},
			"faces": {
				"north": {"uv": [4.25, 3.4375, 4.5, 4.0625], "rotation": 180, "texture": "#0"},
				"east": {"uv": [4.25, 3.4375, 3.625, 4.0625], "rotation": 180, "texture": "#0"},
				"south": {"uv": [2.3125, 0.875, 2.5625, 1.5], "texture": "#0"},
				"west": {"uv": [3.625, 3.4375, 4.25, 4.0625], "rotation": 180, "texture": "#0"},
				"up": {"uv": [4.25, 3.4375, 4.5, 4.0625], "rotation": 180, "texture": "#0"},
				"down": {"uv": [2.3125, 1.5, 2.5625, 0.875], "texture": "#0"}
			}
		},
		{
			"from": [3.24902, 25.96835, 3.24902],
			"to": [13.24902, 30.96835, 3.24902],
			"rotation": {"angle": 0, "axis": "y", "origin": [4, 20.35917, 7.74902]},
			"faces": {
				"north": {"uv": [6.0625, 1.25, 6.6875, 0], "rotation": 270, "texture": "#0"},
				"east": {"uv": [0, 0, 0, 4], "texture": "#missing"},
				"south": {"uv": [6.6875, 1.25, 6.0625, 0], "rotation": 90, "texture": "#0"},
				"west": {"uv": [0, 0, 0, 4], "rotation": 180, "texture": "#missing"},
				"up": {"uv": [0, 9, 0, 0], "rotation": 90, "texture": "#missing"},
				"down": {"uv": [0, 9, 0, 0], "rotation": 90, "texture": "#missing"}
			}
		},
		{
			"from": [-2.39527, 24.42265, 2.99902],
			"to": [-0.39527, 27.92265, 3.99902],
			"rotation": {"angle": -45, "axis": "z", "origin": [4, 20.35917, 7.74902]},
			"faces": {
				"north": {"uv": [5.9375, 0, 5.6875, 0.4375], "texture": "#0"},
				"east": {"uv": [6.0625, 0, 5.9375, 0.4375], "rotation": 180, "texture": "#0"},
				"south": {"uv": [5.9375, 0.4375, 5.6875, 0], "rotation": 180, "texture": "#0"},
				"west": {"uv": [6.0625, 0, 5.9375, 0.4375], "texture": "#0"},
				"up": {"uv": [5.6875, 0.6875, 5.8125, 0.4375], "rotation": 90, "texture": "#0"},
				"down": {"uv": [5.6875, 0.6875, 5.8125, 0.4375], "rotation": 90, "texture": "#0"}
			}
		},
		{
			"from": [2.14681, 23.77896, 2.49902],
			"to": [4.64681, 27.77896, 4.49902],
			"rotation": {"angle": 0, "axis": "y", "origin": [4, 20.35917, 7.74902]},
			"faces": {
				"north": {"uv": [5.4375, 0.375, 5.125, 0.875], "texture": "#0"},
				"east": {"uv": [5.6875, 0.375, 5.4375, 0.875], "rotation": 180, "texture": "#0"},
				"south": {"uv": [5.4375, 0.875, 5.125, 0.375], "rotation": 180, "texture": "#0"},
				"west": {"uv": [5.6875, 0.375, 5.4375, 0.875], "texture": "#0"},
				"up": {"uv": [5.125, 1.1875, 5.375, 0.875], "rotation": 90, "texture": "#0"},
				"down": {"uv": [5.125, 1.1875, 5.375, 0.875], "rotation": 90, "texture": "#0"}
			}
		},
		{
			"from": [0.14313, 21.04455, 2.24902],
			"to": [4.64313, 24.04455, 4.74902],
			"rotation": {"angle": -45, "axis": "z", "origin": [4, 20.35917, 7.74902]},
			"faces": {
				"north": {"uv": [4.4375, 1.125, 4.8125, 0.5625], "rotation": 270, "texture": "#0"},
				"east": {"uv": [5.625, 0, 5.3125, 0.375], "texture": "#0"},
				"south": {"uv": [4.4375, 1.125, 4.8125, 0.5625], "rotation": 90, "texture": "#0"},
				"west": {"uv": [5.625, 0, 5.3125, 0.375], "rotation": 180, "texture": "#0"},
				"up": {"uv": [4.8125, 1.125, 5.125, 0.5625], "rotation": 90, "texture": "#0"},
				"down": {"uv": [4.8125, 1.125, 5.125, 0.5625], "rotation": 90, "texture": "#0"}
			}
		},
		{
			"from": [0.14313, 21.04455, 10.74902],
			"to": [4.64313, 24.04455, 13.24902],
			"rotation": {"angle": -45, "axis": "z", "origin": [4, 20.35917, 7.74902]},
			"faces": {
				"north": {"uv": [4.8125, 1.125, 4.4375, 0.5625], "rotation": 270, "texture": "#0"},
				"east": {"uv": [5.3125, 0, 5.625, 0.375], "texture": "#0"},
				"south": {"uv": [4.8125, 1.125, 4.4375, 0.5625], "rotation": 90, "texture": "#0"},
				"west": {"uv": [5.3125, 0, 5.625, 0.375], "rotation": 180, "texture": "#0"},
				"up": {"uv": [5.125, 1.125, 4.8125, 0.5625], "rotation": 90, "texture": "#0"},
				"down": {"uv": [5.125, 1.125, 4.8125, 0.5625], "rotation": 90, "texture": "#0"}
			}
		},
		{
			"from": [-2.39527, 24.42265, 11.49902],
			"to": [-0.39527, 27.92265, 12.49902],
			"rotation": {"angle": -45, "axis": "z", "origin": [4, 20.35917, 7.74902]},
			"faces": {
				"north": {"uv": [5.9375, 0, 5.6875, 0.4375], "texture": "#0"},
				"east": {"uv": [5.9375, 0, 6.0625, 0.4375], "rotation": 180, "texture": "#0"},
				"south": {"uv": [5.9375, 0.4375, 5.6875, 0], "rotation": 180, "texture": "#0"},
				"west": {"uv": [5.9375, 0, 6.0625, 0.4375], "texture": "#0"},
				"up": {"uv": [5.8125, 0.6875, 5.6875, 0.4375], "rotation": 90, "texture": "#0"},
				"down": {"uv": [5.8125, 0.6875, 5.6875, 0.4375], "rotation": 90, "texture": "#0"}
			}
		},
		{
			"from": [2.14681, 23.77896, 10.99902],
			"to": [4.64681, 27.77896, 12.99902],
			"rotation": {"angle": 0, "axis": "y", "origin": [4, 20.35917, 7.74902]},
			"faces": {
				"north": {"uv": [5.125, 0.875, 5.4375, 0.375], "rotation": 180, "texture": "#0"},
				"east": {"uv": [5.4375, 0.375, 5.6875, 0.875], "rotation": 180, "texture": "#0"},
				"south": {"uv": [5.125, 0.375, 5.4375, 0.875], "texture": "#0"},
				"west": {"uv": [5.4375, 0.375, 5.6875, 0.875], "texture": "#0"},
				"up": {"uv": [5.375, 1.1875, 5.125, 0.875], "rotation": 90, "texture": "#0"},
				"down": {"uv": [5.375, 1.1875, 5.125, 0.875], "rotation": 90, "texture": "#0"}
			}
		},
		{
			"from": [3.24902, 25.96835, 12.24902],
			"to": [13.24902, 30.96835, 12.24902],
			"rotation": {"angle": 0, "axis": "y", "origin": [4, 20.35917, 7.74902]},
			"faces": {
				"north": {"uv": [6.6875, 0, 6.0625, 1.25], "rotation": 90, "texture": "#0"},
				"east": {"uv": [0, 0, 0, 4], "texture": "#missing"},
				"south": {"uv": [6.0625, 0, 6.6875, 1.25], "rotation": 270, "texture": "#0"},
				"west": {"uv": [0, 0, 0, 4], "rotation": 180, "texture": "#missing"},
				"up": {"uv": [0, 9, 0, 0], "rotation": 90, "texture": "#missing"},
				"down": {"uv": [0, 9, 0, 0], "rotation": 90, "texture": "#missing"}
			}
		},
		{
			"from": [1.87015, 16.5192, 3.74902],
			"to": [10.87015, 23.5192, 11.74902],
			"rotation": {"angle": -22.5, "axis": "z", "origin": [4, 20.35917, 7.74902]},
			"faces": {
				"north": {"uv": [1.125, 7.6875, 0, 8.5625], "texture": "#0"},
				"east": {"uv": [5.125, 7.6875, 4.125, 8.5625], "texture": "#0"},
				"south": {"uv": [0, 7.6875, 1.125, 8.5625], "texture": "#0"},
				"west": {"uv": [2.125, 7.6875, 1.125, 8.5625], "texture": "#0"},
				"up": {"uv": [2.125, 8.5625, 3.125, 7.4375], "rotation": 90, "texture": "#0"},
				"down": {"uv": [3.125, 8.5625, 4.125, 7.4375], "rotation": 270, "texture": "#0"}
			}
		},
		{
			"from": [4.88546, 14.25534, 6.49902],
			"to": [7.38546, 16.75534, 8.99902],
			"rotation": {"angle": -22.5, "axis": "z", "origin": [4, 20.35917, 7.74902]},
			"faces": {
				"north": {"uv": [2.9375, 0.9375, 2.625, 1.25], "texture": "#0"},
				"east": {"uv": [3.25, 0.9375, 3.5625, 1.25], "texture": "#0"},
				"south": {"uv": [2.9375, 0.9375, 2.625, 1.25], "texture": "#0"},
				"west": {"uv": [3.25, 0.9375, 3.5625, 1.25], "texture": "#0"},
				"up": {"uv": [3.25, 0.9375, 2.9375, 1.25], "rotation": 180, "texture": "#0"},
				"down": {"uv": [3.25, 0.9375, 2.9375, 1.25], "texture": "#0"}
			}
		},
		{
			"from": [9.40667, 13.53536, 4.24902],
			"to": [13.40667, 19.53536, 11.24902],
			"rotation": {"angle": -45, "axis": "z", "origin": [4, 20.35917, 7.74902]},
			"faces": {
				"north": {"uv": [1.375, 8.5625, 0.875, 9.3125], "texture": "#0"},
				"east": {"uv": [0.875, 8.5625, 0, 9.3125], "texture": "#0"},
				"south": {"uv": [1.375, 8.5625, 0.875, 9.3125], "texture": "#0"},
				"west": {"uv": [2.25, 8.5625, 1.375, 9.3125], "texture": "#0"},
				"up": {"uv": [1.25, 7.6875, 2.125, 7.1875], "rotation": 90, "texture": "#0"},
				"down": {"uv": [1.25, 7.6875, 2.125, 7.1875], "rotation": 270, "texture": "#0"}
			}
		},
		{
			"from": [-3.74902, 11.6, 7.74902],
			"to": [3.25098, 16.6, 7.74902],
			"rotation": {"angle": 0, "axis": "y", "origin": [4, 20.35917, 7.74902]},
			"faces": {
				"north": {"uv": [12, 0, 2, 14], "rotation": 90, "texture": "#3"},
				"east": {"uv": [0, 0, 0, 3], "texture": "#3"},
				"south": {"uv": [12, 14, 2, 0], "rotation": 90, "texture": "#3"},
				"west": {"uv": [0, 3, 0, 0], "rotation": 180, "texture": "#3"},
				"up": {"uv": [0, 3.5, 0, 0], "rotation": 90, "texture": "#3"},
				"down": {"uv": [0, 3.5, 0, 0], "rotation": 90, "texture": "#3"}
			}
		},
		{
			"from": [1.15098, 16.6, 3.99902],
			"to": [1.15098, 18.1, 11.49902],
			"rotation": {"angle": 0, "axis": "y", "origin": [4, 20.35917, 7.74902]},
			"faces": {
				"north": {"uv": [3.25, 2.3125, 3.25, 2.5], "texture": "#0"},
				"east": {"uv": [9.1875, 0, 8.25, 0.1875], "texture": "#0"},
				"south": {"uv": [3.25, 2.3125, 3.25, 2.5], "rotation": 180, "texture": "#0"},
				"west": {"uv": [9.1875, 0, 8.25, 0.1875], "texture": "#0"},
				"up": {"uv": [3.9375, 2.875, 3.9375, 3.8125], "rotation": 180, "texture": "#0"},
				"down": {"uv": [3.25, 2.875, 3.25, 3.8125], "rotation": 180, "texture": "#0"}
			}
		},
		{
			"from": [0.29713, 12.36564, 4.49902],
			"to": [0.29713, 13.86564, 10.99902],
			"rotation": {"angle": 22.5, "axis": "z", "origin": [4, 20.35917, 7.74902]},
			"faces": {
				"north": {"uv": [3.25, 2.3125, 3.25, 2.5], "texture": "#0"},
				"east": {"uv": [9.125, 0, 8.3125, 0.1875], "rotation": 180, "texture": "#0"},
				"south": {"uv": [3.25, 2.3125, 3.25, 2.5], "rotation": 180, "texture": "#0"},
				"west": {"uv": [9.125, 0, 8.3125, 0.1875], "rotation": 180, "texture": "#0"},
				"up": {"uv": [3.25, 2.875, 3.25, 3.6875], "rotation": 180, "texture": "#0"},
				"down": {"uv": [3.9375, 2.875, 3.9375, 3.6875], "rotation": 180, "texture": "#0"}
			}
		},
		{
			"from": [7.1, 10.40757, 10.07873],
			"to": [9.1, 13.40757, 15.07873],
			"rotation": {"angle": -22.5, "axis": "x", "origin": [8.1, 13.31851, 11.39037]},
			"faces": {
				"north": {"uv": [2.25, 4.375, 2.5, 4], "texture": "#0"},
				"east": {"uv": [2.4375, 2.875, 2.8125, 3.5], "rotation": 270, "texture": "#0"},
				"south": {"uv": [2.25, 4.375, 2.5, 4], "texture": "#0"},
				"west": {"uv": [2.4375, 3.5, 2.8125, 2.875], "rotation": 270, "texture": "#0"},
				"up": {"uv": [2.8125, 2.9375, 3.0625, 2.3125], "texture": "#0"},
				"down": {"uv": [2.75, 2.875, 2.5, 2.25], "texture": "#0"}
			}
		},
		{
			"from": [8.1, 13.5, 9.5],
			"to": [8.1, 20.5, 14.5],
			"rotation": {"angle": -45, "axis": "x", "origin": [8.1, 17, 12]},
			"faces": {
				"north": {"uv": [0, 160, 0, 0], "rotation": 180, "texture": "#missing"},
				"east": {"uv": [7.125, 1.625, 8, 2.25], "rotation": 270, "texture": "#0"},
				"south": {"uv": [0, 160, 0, 0], "texture": "#missing"},
				"west": {"uv": [8, 1.625, 7.125, 2.25], "rotation": 90, "texture": "#0"},
				"up": {"uv": [0, 80, 0, 0], "texture": "#missing"},
				"down": {"uv": [0, 80, 0, 0], "rotation": 180, "texture": "#missing"}
			}
		},
		{
			"from": [7.35, 13.51448, 12.53808],
			"to": [8.85, 18.51448, 15.03808],
			"rotation": {"angle": 22.5, "axis": "x", "origin": [8.1, 13.31851, 11.39037]},
			"faces": {
				"north": {"uv": [2.4375, 5.125, 2.625, 4.5], "rotation": 180, "texture": "#0"},
				"east": {"uv": [2.25, 5.125, 1.9375, 4.5], "rotation": 180, "texture": "#0"},
				"south": {"uv": [2.25, 5.125, 2.4375, 4.5], "rotation": 180, "texture": "#0"},
				"west": {"uv": [1.9375, 5.125, 2.25, 4.5], "rotation": 180, "texture": "#0"},
				"up": {"uv": [1.75, 4.25, 1.9375, 3.9375], "texture": "#0"},
				"down": {"uv": [1.75, 4.25, 1.9375, 3.9375], "texture": "#0"}
			}
		},
		{
			"from": [5.85, 16.97589, 15.51561],
			"to": [7.35, 20.97589, 17.51561],
			"rotation": {"angle": -22.5, "axis": "z", "origin": [6.1, 12.97221, 14.72613]},
			"faces": {
				"north": {"uv": [2.3125, 5.625, 2.5, 5.125], "rotation": 180, "texture": "#0"},
				"east": {"uv": [2.125, 5.625, 1.875, 5.125], "rotation": 180, "texture": "#0"},
				"south": {"uv": [2.125, 5.625, 2.3125, 5.125], "rotation": 180, "texture": "#0"},
				"west": {"uv": [1.875, 5.625, 2.125, 5.125], "rotation": 180, "texture": "#0"},
				"up": {"uv": [1.5625, 4.1875, 1.75, 3.9375], "texture": "#0"},
				"down": {"uv": [1.5625, 4.1875, 1.75, 3.9375], "texture": "#0"}
			}
		},
		{
			"from": [9.1, 21, 10.3],
			"to": [9.1, 29, 21.3],
			"rotation": {"angle": -45, "axis": "x", "origin": [9.1, 25, 16.8]},
			"faces": {
				"north": {"uv": [0, 0, 0, 128], "texture": "#missing"},
				"east": {"uv": [7, 1.6875, 5.625, 2.6875], "texture": "#0"},
				"south": {"uv": [0, 0, 0, 128], "texture": "#missing"},
				"west": {"uv": [5.625, 1.6875, 7, 2.6875], "texture": "#0"},
				"up": {"uv": [0, 0, 0, 160], "texture": "#missing"},
				"down": {"uv": [0, 0, 0, 160], "texture": "#missing"}
			}
		},
		{
			"from": [9.1, 21, -5.3],
			"to": [9.1, 29, 5.7],
			"rotation": {"angle": 45, "axis": "x", "origin": [9.1, 25, -0.8]},
			"faces": {
				"north": {"uv": [0, 0, 0, 128], "texture": "#missing"},
				"east": {"uv": [5.625, 1.6875, 7, 2.6875], "texture": "#0"},
				"south": {"uv": [0, 0, 0, 128], "texture": "#missing"},
				"west": {"uv": [7, 1.6875, 5.625, 2.6875], "texture": "#0"},
				"up": {"uv": [0, 160, 0, 0], "texture": "#missing"},
				"down": {"uv": [0, 160, 0, 0], "texture": "#missing"}
			}
		},
		{
			"from": [7.1, 10.40757, 0.92127],
			"to": [9.1, 13.40757, 5.92127],
			"rotation": {"angle": 22.5, "axis": "x", "origin": [8.1, 13.31851, 4.60963]},
			"faces": {
				"north": {"uv": [2.5, 4.375, 2.25, 4], "texture": "#0"},
				"east": {"uv": [2.4375, 3.5, 2.8125, 2.875], "rotation": 270, "texture": "#0"},
				"south": {"uv": [2.5, 4.375, 2.25, 4], "texture": "#0"},
				"west": {"uv": [2.4375, 2.875, 2.8125, 3.5], "rotation": 270, "texture": "#0"},
				"up": {"uv": [2.8125, 2.3125, 3.0625, 2.9375], "texture": "#0"},
				"down": {"uv": [2.75, 2.25, 2.5, 2.875], "texture": "#0"}
			}
		},
		{
			"from": [8.1, 13.5, 1.5],
			"to": [8.1, 20.5, 6.5],
			"rotation": {"angle": 45, "axis": "x", "origin": [8.1, 17, 4]},
			"faces": {
				"north": {"uv": [0, 160, 0, 0], "texture": "#missing"},
				"east": {"uv": [7.125, 2.25, 8, 1.625], "rotation": 270, "texture": "#0"},
				"south": {"uv": [0, 160, 0, 0], "rotation": 180, "texture": "#missing"},
				"west": {"uv": [8, 2.25, 7.125, 1.625], "rotation": 90, "texture": "#0"},
				"up": {"uv": [0, 0, 0, 80], "texture": "#missing"},
				"down": {"uv": [0, 0, 0, 80], "rotation": 180, "texture": "#missing"}
			}
		},
		{
			"from": [7.35, 13.51448, 0.96192],
			"to": [8.85, 18.51448, 3.46192],
			"rotation": {"angle": -22.5, "axis": "x", "origin": [8.1, 13.31851, 4.60963]},
			"faces": {
				"north": {"uv": [2.4375, 5.125, 2.25, 4.5], "rotation": 180, "texture": "#0"},
				"east": {"uv": [1.9375, 5.125, 2.25, 4.5], "rotation": 180, "texture": "#0"},
				"south": {"uv": [2.625, 5.125, 2.4375, 4.5], "rotation": 180, "texture": "#0"},
				"west": {"uv": [2.25, 5.125, 1.9375, 4.5], "rotation": 180, "texture": "#0"},
				"up": {"uv": [1.75, 3.9375, 1.9375, 4.25], "texture": "#0"},
				"down": {"uv": [1.75, 3.9375, 1.9375, 4.25], "texture": "#0"}
			}
		},
		{
			"from": [5.85, 16.97589, -1.51561],
			"to": [7.35, 20.97589, 0.48439],
			"rotation": {"angle": -22.5, "axis": "z", "origin": [6.1, 12.97221, 1.27387]},
			"faces": {
				"north": {"uv": [2.3125, 5.625, 2.125, 5.125], "rotation": 180, "texture": "#0"},
				"east": {"uv": [1.875, 5.625, 2.125, 5.125], "rotation": 180, "texture": "#0"},
				"south": {"uv": [2.5, 5.625, 2.3125, 5.125], "rotation": 180, "texture": "#0"},
				"west": {"uv": [2.125, 5.625, 1.875, 5.125], "rotation": 180, "texture": "#0"},
				"up": {"uv": [1.5625, 3.9375, 1.75, 4.1875], "texture": "#0"},
				"down": {"uv": [1.5625, 3.9375, 1.75, 4.1875], "texture": "#0"}
			}
		}
	],
	"gui_light": "front",
	"display": {
		"thirdperson_righthand": {
			"rotation": [0, 180, 0],
			"translation": [0, 2.25, 1.25],
			"scale": [0.6, 0.6, 0.6]
		},
		"thirdperson_lefthand": {
			"translation": [0, 2.5, 1.25],
			"scale": [0.6, 0.6, 0.6]
		},
		"firstperson_righthand": {
			"rotation": [14, 14, 4],
			"translation": [4, 0.75, -5.5],
			"scale": [0.6, 0.6, 0.6]
		},
		"firstperson_lefthand": {
			"rotation": [9, -155, 0],
			"translation": [4.75, 2, -6.25],
			"scale": [0.6, 0.6, 0.6]
		},
		"ground": {
			"rotation": [0, 0, 88],
			"translation": [-2, 2.5, 0.25],
			"scale": [0.45, 0.45, 0.45]
		},
		"gui": {
			"rotation": [90, 135, -90],
			"translation": [-0.25, 0.75, -1.5],
			"scale": [0.45, 0.45, 0.45]
		},
		"head": {
			"rotation": [90, -156, 90],
			"translation": [-6.5, 10.5, 1.75],
			"scale": [0.6, 0.6, 0.6]
		},
		"fixed": {
			"rotation": [-90, -90, -90],
			"translation": [0, 2.75, -1.75],
			"scale": [1.2, 1.2, 1.2]
		}
	}
}