{
	"credit": "Made with Blockbench",
	"texture_size": [32, 32],
	"textures": {
		"0": "elitecreatures:gamer_girl_animated/bowtex",
		"1": "elitecreatures:gamer_girl_animated/square",
		"particle": "elitecreatures:gamer_girl_animated/bowtex"
	},
	"elements": [
		{
			"from": [9.23817, 12.42792, 2.68507],
			"to": [11.23817, 25.42792, 4.68507],
			"rotation": {"angle": 22.5, "axis": "x", "origin": [10.23817, 8, 8]},
			"faces": {
				"north": {"uv": [1, 0, 2, 6.5], "texture": "#0"},
				"east": {"uv": [0, 1, 1, 7.5], "texture": "#0"},
				"south": {"uv": [1, 0, 2, 6.5], "texture": "#0"},
				"west": {"uv": [1, 1, 0, 7.5], "texture": "#0"},
				"up": {"uv": [0, 0, 1, 1], "rotation": 270, "texture": "#0"},
				"down": {"uv": [0, 0, 1, 1], "rotation": 90, "texture": "#0"}
			}
		},
		{
			"from": [8.73817, 8.87675, 7.31311],
			"to": [11.73817, 14.87675, 9.31311],
			"rotation": {"angle": -22.5, "axis": "x", "origin": [10.23817, 8, 8]},
			"faces": {
				"north": {"uv": [1.5, 11.25, 3, 14.25], "texture": "#0"},
				"east": {"uv": [4, 13, 5, 16], "texture": "#0"},
				"south": {"uv": [5, 13, 6.5, 16], "texture": "#0"},
				"west": {"uv": [4, 13, 5, 16], "texture": "#0"},
				"up": {"uv": [4, 11.5, 5, 13], "rotation": 270, "texture": "#0"},
				"down": {"uv": [4, 11.5, 5, 13], "rotation": 90, "texture": "#0"}
			}
		},
		{
			"from": [9.23817, 9.87675, 5.31311],
			"to": [11.23817, 12.87675, 7.31311],
			"rotation": {"angle": -22.5, "axis": "x", "origin": [10.23817, 8, 8]},
			"faces": {
				"north": {"uv": [9, 5.5, 10, 7], "texture": "#0"},
				"east": {"uv": [8, 4.75, 9, 6.25], "texture": "#0"},
				"south": {"uv": [9, 5.5, 10, 7], "texture": "#0"},
				"west": {"uv": [8, 4.75, 9, 6.25], "texture": "#0"},
				"up": {"uv": [9, 7, 10, 8], "rotation": 270, "texture": "#0"},
				"down": {"uv": [9, 7, 10, 8], "rotation": 90, "texture": "#0"}
			}
		},
		{
			"from": [9.23817, 10.42792, 4.68507],
			"to": [11.23817, 26.42792, 6.68507],
			"rotation": {"angle": 22.5, "axis": "x", "origin": [10.23817, 8, 8]},
			"faces": {
				"north": {"uv": [3, 8, 4, 16], "texture": "#0"},
				"east": {"uv": [3, 0, 4, 8], "texture": "#0"},
				"south": {"uv": [3, 8, 4, 16], "texture": "#0"},
				"west": {"uv": [4, 0, 3, 8], "texture": "#0"},
				"up": {"uv": [2, 1.5, 3, 2.5], "rotation": 270, "texture": "#0"},
				"down": {"uv": [2, 1.5, 3, 2.5], "rotation": 90, "texture": "#0"}
			}
		},
		{
			"from": [10.23817, 14.42792, 5.68507],
			"to": [10.23817, 22.92792, 9.68507],
			"rotation": {"angle": 22.5, "axis": "x", "origin": [10.23817, 8, 8]},
			"faces": {
				"north": {"uv": [3, 8, 3, 14.25], "texture": "#0"},
				"east": {"uv": [7, 0.5, 9, 4.75], "texture": "#0"},
				"south": {"uv": [3, 8, 3, 14.25], "texture": "#0"},
				"west": {"uv": [9, 0.5, 7, 4.75], "texture": "#0"},
				"up": {"uv": [2, 1.5, 4.5, 1.5], "rotation": 270, "texture": "#0"},
				"down": {"uv": [2, 1.5, 4.5, 1.5], "rotation": 90, "texture": "#0"}
			}
		},
		{
			"from": [10.23817, -6.92792, 5.68507],
			"to": [10.23817, 1.57208, 9.68507],
			"rotation": {"angle": -22.5, "axis": "x", "origin": [10.23817, 8, 8]},
			"faces": {
				"north": {"uv": [3, 14.25, 3, 8], "texture": "#0"},
				"east": {"uv": [7, 4.75, 9, 0.5], "texture": "#0"},
				"south": {"uv": [3, 14.25, 3, 8], "texture": "#0"},
				"west": {"uv": [9, 4.75, 7, 0.5], "texture": "#0"},
				"up": {"uv": [2, 1.5, 4.5, 1.5], "rotation": 270, "texture": "#0"},
				"down": {"uv": [2, 1.5, 4.5, 1.5], "rotation": 90, "texture": "#0"}
			}
		},
		{
			"from": [9.23817, 21.54609, 16.6865],
			"to": [11.23817, 26.54609, 18.6865],
			"rotation": {"angle": -22.5, "axis": "x", "origin": [10.23817, 8, 8]},
			"faces": {
				"north": {"uv": [0, 11.25, 1, 13.75], "texture": "#0"},
				"east": {"uv": [2, 3.5, 3, 6], "texture": "#0"},
				"south": {"uv": [0, 11.25, 1, 13.75], "texture": "#0"},
				"west": {"uv": [2, 3.5, 3, 6], "texture": "#0"},
				"up": {"uv": [2, 2.5, 3, 3.5], "rotation": 270, "texture": "#0"},
				"down": {"uv": [2, 2.5, 3, 3.5], "rotation": 90, "texture": "#0"}
			}
		},
		{
			"from": [11.26179, 12.05, 0.93374],
			"to": [17.26179, 13.55, 1.93374],
			"rotation": {"angle": 45, "axis": "y", "origin": [10.23817, 8, 8]},
			"faces": {
				"north": {"uv": [15, 14, 14.25, 11], "rotation": 270, "texture": "#0"},
				"east": {"uv": [4.75, 1.75, 4, 1.25], "rotation": 270, "texture": "#0"},
				"south": {"uv": [14.25, 12.75, 11.25, 12], "texture": "#0"},
				"west": {"uv": [4, 1.75, 4.75, 1.25], "rotation": 90, "texture": "#0"},
				"up": {"uv": [14.25, 11.5, 11.25, 11], "rotation": 180, "texture": "#0"},
				"down": {"uv": [14.25, 12, 11.25, 11.5], "texture": "#0"}
			}
		},
		{
			"from": [4.14384, 12.05, 1.00445],
			"to": [9.14384, 13.55, 2.00445],
			"rotation": {"angle": -45, "axis": "y", "origin": [10.23817, 8, 8]},
			"faces": {
				"north": {"uv": [11, 9, 10.25, 6.5], "rotation": 270, "texture": "#0"},
				"east": {"uv": [11, 6.5, 10.25, 6], "rotation": 270, "texture": "#0"},
				"south": {"uv": [5, 6.75, 4.25, 4.25], "rotation": 270, "texture": "#0"},
				"west": {"uv": [11, 6.5, 10.25, 6], "rotation": 90, "texture": "#0"},
				"up": {"uv": [4.5, 4.25, 4, 1.75], "rotation": 270, "texture": "#0"},
				"down": {"uv": [5, 4.25, 4.5, 1.75], "rotation": 90, "texture": "#0"}
			}
		},
		{
			"from": [5.93817, 11.8, 2.33817],
			"to": [6.93817, 13.8, 12.33817],
			"rotation": {"angle": 0, "axis": "y", "origin": [10.23817, 8, 8]},
			"faces": {
				"north": {"uv": [8, 0, 7, 0.5], "rotation": 270, "texture": "#0"},
				"east": {"uv": [16, 16, 11, 15], "texture": "#0"},
				"south": {"uv": [8, 0.5, 7, 0], "rotation": 270, "texture": "#0"},
				"west": {"uv": [16, 15, 15, 10], "rotation": 270, "texture": "#0"},
				"up": {"uv": [15, 14.5, 10, 14], "rotation": 90, "texture": "#0"},
				"down": {"uv": [15, 15, 10, 14.5], "rotation": 90, "texture": "#0"}
			}
		},
		{
			"from": [13.53817, 11.8, 2.33817],
			"to": [14.53817, 13.8, 12.33817],
			"rotation": {"angle": 0, "axis": "y", "origin": [10.23817, 8, 8]},
			"faces": {
				"north": {"uv": [8, 0.5, 7, 0], "rotation": 270, "texture": "#0"},
				"east": {"uv": [15, 15, 16, 10], "rotation": 90, "texture": "#0"},
				"south": {"uv": [8, 0, 7, 0.5], "rotation": 270, "texture": "#0"},
				"west": {"uv": [16, 15, 11, 16], "rotation": 180, "texture": "#0"},
				"up": {"uv": [15, 14, 10, 14.5], "rotation": 90, "texture": "#0"},
				"down": {"uv": [15, 14.5, 10, 15], "rotation": 90, "texture": "#0"}
			}
		},
		{
			"from": [13.56317, 13.17089, 8.55375],
			"to": [14.51317, 19.17089, 10.55375],
			"rotation": {"angle": 22.5, "axis": "x", "origin": [10.23817, 8, 8]},
			"faces": {
				"north": {"uv": [3, 14.5, 0, 15], "rotation": 270, "texture": "#0"},
				"east": {"uv": [16, 7, 15, 10], "texture": "#0"},
				"south": {"uv": [13.5, 9, 10.5, 9.5], "rotation": 90, "texture": "#0"},
				"west": {"uv": [6, 4.25, 5, 7.25], "rotation": 180, "texture": "#0"},
				"up": {"uv": [16, 6.25, 15, 6.75], "rotation": 90, "texture": "#0"},
				"down": {"uv": [16, 6.25, 15, 7], "rotation": 90, "texture": "#0"}
			}
		},
		{
			"from": [5.96317, 19.15115, 8.56898],
			"to": [14.51317, 20.15115, 10.06898],
			"rotation": {"angle": 22.5, "axis": "x", "origin": [10.23817, 8, 8]},
			"faces": {
				"north": {"uv": [14.25, 13.5, 10, 13], "texture": "#0"},
				"east": {"uv": [8.75, 0.5, 8, 0], "texture": "#0"},
				"south": {"uv": [14.25, 14, 10, 13.5], "texture": "#0"},
				"west": {"uv": [8.75, 0, 8, 0.5], "rotation": 180, "texture": "#0"},
				"up": {"uv": [10.75, 16, 6.5, 15.25], "rotation": 180, "texture": "#0"},
				"down": {"uv": [6.75, 10.25, 6, 6], "rotation": 90, "texture": "#0"}
			}
		},
		{
			"from": [5.96317, 13.17089, 8.55375],
			"to": [6.91317, 19.17089, 10.55375],
			"rotation": {"angle": 22.5, "axis": "x", "origin": [10.23817, 8, 8]},
			"faces": {
				"north": {"uv": [3, 15, 0, 14.5], "rotation": 270, "texture": "#0"},
				"east": {"uv": [6, 7.25, 5, 4.25], "texture": "#0"},
				"south": {"uv": [13.5, 9.5, 10.5, 9], "rotation": 90, "texture": "#0"},
				"west": {"uv": [16, 10, 15, 7], "rotation": 180, "texture": "#0"},
				"up": {"uv": [16, 6.75, 15, 6.25], "rotation": 90, "texture": "#0"},
				"down": {"uv": [16, 7, 15, 6.25], "rotation": 90, "texture": "#0"}
			}
		},
		{
			"from": [8.23817, 16.22606, 20.52268],
			"to": [10.23817, 20.22606, 24.52268],
			"rotation": {"angle": -45, "axis": "x", "origin": [10.23817, 8, 8]},
			"faces": {
				"north": {"uv": [9, 8.25, 7, 7.25], "rotation": 90, "texture": "#0"},
				"east": {"uv": [7, 10.25, 9, 8.25], "rotation": 180, "texture": "#0"},
				"south": {"uv": [7, 6.25, 9, 7.25], "rotation": 90, "texture": "#0"},
				"west": {"uv": [7, 8.25, 9, 10.25], "texture": "#0"},
				"up": {"uv": [7, 8.25, 9, 7.25], "rotation": 270, "texture": "#0"},
				"down": {"uv": [7, 6.25, 9, 7.25], "rotation": 90, "texture": "#0"}
			}
		},
		{
			"from": [8.23817, 19.544, -5.20474],
			"to": [10.23817, 22.544, -4.20474],
			"rotation": {"angle": 45, "axis": "x", "origin": [10.23817, 8, 8]},
			"faces": {
				"north": {"uv": [16, 3.25, 15, 4.75], "rotation": 180, "texture": "#0"},
				"east": {"uv": [13.5, 9.5, 15, 9], "rotation": 90, "texture": "#0"},
				"south": {"uv": [16, 4.75, 15, 6.25], "texture": "#0"},
				"west": {"uv": [13.5, 9.5, 15, 9], "rotation": 90, "texture": "#0"},
				"up": {"uv": [5.5, 12.25, 6.5, 11.75], "texture": "#0"},
				"down": {"uv": [9, 9, 10, 9.5], "rotation": 180, "texture": "#0"}
			}
		},
		{
			"from": [10.23817, 19.544, -5.20474],
			"to": [12.23817, 22.544, -4.20474],
			"rotation": {"angle": 45, "axis": "x", "origin": [10.23817, 8, 8]},
			"faces": {
				"north": {"uv": [15, 3.25, 16, 4.75], "rotation": 180, "texture": "#0"},
				"east": {"uv": [13.5, 9, 15, 9.5], "rotation": 90, "texture": "#0"},
				"south": {"uv": [15, 4.75, 16, 6.25], "texture": "#0"},
				"west": {"uv": [13.5, 9, 15, 9.5], "rotation": 90, "texture": "#0"},
				"up": {"uv": [6.5, 12.25, 5.5, 11.75], "texture": "#0"},
				"down": {"uv": [10, 9.5, 9, 9], "rotation": 180, "texture": "#0"}
			}
		},
		{
			"from": [8.1671, 6.07107, 1.73817],
			"to": [12.1671, 10.07107, 10.73817],
			"rotation": {"angle": -45, "axis": "z", "origin": [10.23817, 8, 8]},
			"faces": {
				"north": {"uv": [13, 9, 15, 7], "rotation": 180, "texture": "#0"},
				"east": {"uv": [13, 2.5, 15, 7], "rotation": 270, "texture": "#0"},
				"south": {"uv": [13, 9, 15, 7], "texture": "#0"},
				"west": {"uv": [13, 4.5, 11, 9], "rotation": 90, "texture": "#0"},
				"up": {"uv": [11, 4.5, 13, 9], "rotation": 180, "texture": "#0"},
				"down": {"uv": [15, 2.5, 13, 7], "texture": "#0"}
			}
		},
		{
			"from": [7.73817, 14.1553, 8.56836],
			"to": [12.73817, 19.1553, 10.56836],
			"rotation": {"angle": 22.5, "axis": "x", "origin": [10.23817, 8, 8]},
			"faces": {
				"north": {"uv": [6.5, 12.75, 9, 15.25], "rotation": 180, "texture": "#0"},
				"east": {"uv": [0, 15, 2.5, 16], "rotation": 90, "texture": "#0"},
				"south": {"uv": [6.5, 10.25, 9, 12.75], "texture": "#0"},
				"west": {"uv": [0, 15, 2.5, 16], "rotation": 270, "texture": "#0"},
				"up": {"uv": [2.5, 15, 0, 16], "texture": "#0"},
				"down": {"uv": [2.5, 15, 0, 16], "rotation": 180, "texture": "#0"}
			}
		},
		{
			"from": [10.23817, 16.22606, 20.52268],
			"to": [12.23817, 20.22606, 24.52268],
			"rotation": {"angle": -45, "axis": "x", "origin": [10.23817, 8, 8]},
			"faces": {
				"north": {"uv": [7, 8.25, 9, 7.25], "rotation": 90, "texture": "#0"},
				"east": {"uv": [9, 8.25, 7, 10.25], "texture": "#0"},
				"south": {"uv": [7, 7.25, 9, 6.25], "rotation": 90, "texture": "#0"},
				"west": {"uv": [9, 10.25, 7, 8.25], "rotation": 180, "texture": "#0"},
				"up": {"uv": [7, 7.25, 9, 8.25], "rotation": 270, "texture": "#0"},
				"down": {"uv": [7, 7.25, 9, 6.25], "rotation": 90, "texture": "#0"}
			}
		},
		{
			"from": [9.23817, -9.42792, 2.68507],
			"to": [11.23817, 3.57208, 4.68507],
			"rotation": {"angle": -22.5, "axis": "x", "origin": [10.23817, 8, 8]},
			"faces": {
				"north": {"uv": [1, 6.5, 2, 0], "texture": "#0"},
				"east": {"uv": [0, 7.5, 1, 1], "texture": "#0"},
				"south": {"uv": [1, 6.5, 2, 0], "texture": "#0"},
				"west": {"uv": [1, 7.5, 0, 1], "texture": "#0"},
				"up": {"uv": [0, 1, 1, 0], "rotation": 270, "texture": "#0"},
				"down": {"uv": [0, 1, 1, 0], "rotation": 90, "texture": "#0"}
			}
		},
		{
			"from": [9.23817, -10.42792, 4.68507],
			"to": [11.23817, 5.57208, 6.68507],
			"rotation": {"angle": -22.5, "axis": "x", "origin": [10.23817, 8, 8]},
			"faces": {
				"north": {"uv": [3, 16, 4, 8], "texture": "#0"},
				"east": {"uv": [3, 8, 4, 0], "texture": "#0"},
				"south": {"uv": [3, 16, 4, 8], "texture": "#0"},
				"west": {"uv": [4, 8, 3, 0], "texture": "#0"},
				"up": {"uv": [2, 2.5, 3, 1.5], "rotation": 270, "texture": "#0"},
				"down": {"uv": [2, 2.5, 3, 1.5], "rotation": 90, "texture": "#0"}
			}
		},
		{
			"from": [9.23817, -10.54609, 16.6865],
			"to": [11.23817, -5.54609, 18.6865],
			"rotation": {"angle": 22.5, "axis": "x", "origin": [10.23817, 8, 8]},
			"faces": {
				"north": {"uv": [0, 13.75, 1, 11.25], "texture": "#0"},
				"east": {"uv": [2, 6, 3, 3.5], "texture": "#0"},
				"south": {"uv": [0, 13.75, 1, 11.25], "texture": "#0"},
				"west": {"uv": [2, 6, 3, 3.5], "texture": "#0"},
				"up": {"uv": [2, 3.5, 3, 2.5], "rotation": 270, "texture": "#0"},
				"down": {"uv": [2, 3.5, 3, 2.5], "rotation": 90, "texture": "#0"}
			}
		},
		{
			"from": [9.23817, -9.54609, 18.6865],
			"to": [11.23817, -6.54609, 24.6865],
			"rotation": {"angle": 22.5, "axis": "x", "origin": [10.23817, 8, 8]},
			"faces": {
				"north": {"uv": [2, 1.5, 3, 0], "texture": "#0"},
				"east": {"uv": [0, 10.25, 3, 8.75], "texture": "#0"},
				"south": {"uv": [2, 1.5, 3, 0], "texture": "#0"},
				"west": {"uv": [0, 10.25, 3, 8.75], "texture": "#0"},
				"up": {"uv": [0, 11.25, 3, 10.25], "rotation": 270, "texture": "#0"},
				"down": {"uv": [0, 8.75, 3, 7.75], "rotation": 90, "texture": "#0"}
			}
		},
		{
			"from": [9.23817, 22.54609, 18.6865],
			"to": [11.23817, 25.54609, 24.6865],
			"rotation": {"angle": -22.5, "axis": "x", "origin": [10.23817, 8, 8]},
			"faces": {
				"north": {"uv": [2, 0, 3, 1.5], "texture": "#0"},
				"east": {"uv": [0, 8.75, 3, 10.25], "texture": "#0"},
				"south": {"uv": [2, 0, 3, 1.5], "texture": "#0"},
				"west": {"uv": [0, 8.75, 3, 10.25], "texture": "#0"},
				"up": {"uv": [0, 7.75, 3, 8.75], "rotation": 270, "texture": "#0"},
				"down": {"uv": [0, 10.25, 3, 11.25], "rotation": 90, "texture": "#0"}
			}
		},
		{
			"from": [8.73817, 1.12325, 7.31311],
			"to": [11.73817, 7.12325, 9.31311],
			"rotation": {"angle": 22.5, "axis": "x", "origin": [10.23817, 8, 8]},
			"faces": {
				"north": {"uv": [1.5, 14.25, 3, 11.25], "texture": "#0"},
				"east": {"uv": [4, 16, 5, 13], "texture": "#0"},
				"south": {"uv": [5, 16, 6.5, 13], "texture": "#0"},
				"west": {"uv": [4, 16, 5, 13], "texture": "#0"},
				"up": {"uv": [4, 13, 5, 11.5], "rotation": 270, "texture": "#0"},
				"down": {"uv": [4, 13, 5, 11.5], "rotation": 90, "texture": "#0"}
			}
		},
		{
			"from": [9.23817, 3.12325, 5.31311],
			"to": [11.23817, 6.12325, 7.31311],
			"rotation": {"angle": 22.5, "axis": "x", "origin": [10.23817, 8, 8]},
			"faces": {
				"north": {"uv": [9, 7, 10, 5.5], "texture": "#0"},
				"east": {"uv": [8, 6.25, 9, 4.75], "texture": "#0"},
				"south": {"uv": [9, 7, 10, 5.5], "texture": "#0"},
				"west": {"uv": [8, 6.25, 9, 4.75], "texture": "#0"},
				"up": {"uv": [9, 8, 10, 7], "rotation": 270, "texture": "#0"},
				"down": {"uv": [9, 8, 10, 7], "rotation": 90, "texture": "#0"}
			}
		},
		{
			"from": [11.26179, 2.45, 0.93374],
			"to": [17.26179, 3.95, 1.93374],
			"rotation": {"angle": 45, "axis": "y", "origin": [10.23817, 8, 8]},
			"faces": {
				"north": {"uv": [14.25, 14, 15, 11], "rotation": 270, "texture": "#0"},
				"east": {"uv": [4, 1.75, 4.75, 1.25], "rotation": 270, "texture": "#0"},
				"south": {"uv": [14.25, 12, 11.25, 12.75], "texture": "#0"},
				"west": {"uv": [4.75, 1.75, 4, 1.25], "rotation": 90, "texture": "#0"},
				"up": {"uv": [11.25, 12, 14.25, 11.5], "rotation": 180, "texture": "#0"},
				"down": {"uv": [11.25, 11.5, 14.25, 11], "texture": "#0"}
			}
		},
		{
			"from": [4.14384, 2.45, 1.00445],
			"to": [9.14384, 3.95, 2.00445],
			"rotation": {"angle": -45, "axis": "y", "origin": [10.23817, 8, 8]},
			"faces": {
				"north": {"uv": [10.25, 9, 11, 6.5], "rotation": 270, "texture": "#0"},
				"east": {"uv": [10.25, 6.5, 11, 6], "rotation": 270, "texture": "#0"},
				"south": {"uv": [4.25, 6.75, 5, 4.25], "rotation": 270, "texture": "#0"},
				"west": {"uv": [10.25, 6.5, 11, 6], "rotation": 90, "texture": "#0"},
				"up": {"uv": [5, 1.75, 4.5, 4.25], "rotation": 270, "texture": "#0"},
				"down": {"uv": [4.5, 1.75, 4, 4.25], "rotation": 90, "texture": "#0"}
			}
		},
		{
			"from": [5.93817, 2.2, 2.33817],
			"to": [6.93817, 4.2, 12.33817],
			"rotation": {"angle": 0, "axis": "y", "origin": [10.23817, 8, 8]},
			"faces": {
				"north": {"uv": [7, 0, 8, 0.5], "rotation": 270, "texture": "#0"},
				"east": {"uv": [16, 15, 11, 16], "texture": "#0"},
				"south": {"uv": [7, 0.5, 8, 0], "rotation": 270, "texture": "#0"},
				"west": {"uv": [15, 15, 16, 10], "rotation": 270, "texture": "#0"},
				"up": {"uv": [15, 14.5, 10, 15], "rotation": 270, "texture": "#0"},
				"down": {"uv": [15, 14, 10, 14.5], "rotation": 270, "texture": "#0"}
			}
		},
		{
			"from": [13.53817, 2.2, 2.33817],
			"to": [14.53817, 4.2, 12.33817],
			"rotation": {"angle": 0, "axis": "y", "origin": [10.23817, 8, 8]},
			"faces": {
				"north": {"uv": [7, 0.5, 8, 0], "rotation": 270, "texture": "#0"},
				"east": {"uv": [16, 15, 15, 10], "rotation": 90, "texture": "#0"},
				"south": {"uv": [7, 0, 8, 0.5], "rotation": 270, "texture": "#0"},
				"west": {"uv": [16, 16, 11, 15], "rotation": 180, "texture": "#0"},
				"up": {"uv": [15, 15, 10, 14.5], "rotation": 270, "texture": "#0"},
				"down": {"uv": [15, 14.5, 10, 14], "rotation": 270, "texture": "#0"}
			}
		},
		{
			"from": [13.56317, -3.17089, 8.55375],
			"to": [14.51317, 2.82911, 10.55375],
			"rotation": {"angle": -22.5, "axis": "x", "origin": [10.23817, 8, 8]},
			"faces": {
				"north": {"uv": [0, 14.5, 3, 15], "rotation": 270, "texture": "#0"},
				"east": {"uv": [16, 10, 15, 7], "texture": "#0"},
				"south": {"uv": [10.5, 9, 13.5, 9.5], "rotation": 90, "texture": "#0"},
				"west": {"uv": [6, 7.25, 5, 4.25], "rotation": 180, "texture": "#0"},
				"up": {"uv": [16, 7, 15, 6.25], "rotation": 270, "texture": "#0"},
				"down": {"uv": [16, 6.75, 15, 6.25], "rotation": 270, "texture": "#0"}
			}
		},
		{
			"from": [5.96317, -3.17089, 8.55375],
			"to": [6.91317, 2.82911, 10.55375],
			"rotation": {"angle": -22.5, "axis": "x", "origin": [10.23817, 8, 8]},
			"faces": {
				"north": {"uv": [0, 15, 3, 14.5], "rotation": 270, "texture": "#0"},
				"east": {"uv": [6, 4.25, 5, 7.25], "texture": "#0"},
				"south": {"uv": [10.5, 9.5, 13.5, 9], "rotation": 90, "texture": "#0"},
				"west": {"uv": [16, 7, 15, 10], "rotation": 180, "texture": "#0"},
				"up": {"uv": [16, 6.25, 15, 7], "rotation": 270, "texture": "#0"},
				"down": {"uv": [16, 6.25, 15, 6.75], "rotation": 270, "texture": "#0"}
			}
		},
		{
			"from": [5.96317, -4.15115, 8.56898],
			"to": [14.51317, -3.15115, 10.06898],
			"rotation": {"angle": -22.5, "axis": "x", "origin": [10.23817, 8, 8]},
			"faces": {
				"north": {"uv": [14.25, 13, 10, 13.5], "texture": "#0"},
				"east": {"uv": [8.75, 0, 8, 0.5], "texture": "#0"},
				"south": {"uv": [14.25, 13.5, 10, 14], "texture": "#0"},
				"west": {"uv": [8.75, 0.5, 8, 0], "rotation": 180, "texture": "#0"},
				"up": {"uv": [6.75, 6, 6, 10.25], "rotation": 270, "texture": "#0"},
				"down": {"uv": [6.5, 16, 10.75, 15.25], "texture": "#0"}
			}
		},
		{
			"from": [8.48817, -8.45654, 0.71053],
			"to": [11.98817, -2.45654, 2.71053],
			"rotation": {"angle": -22.5, "axis": "x", "origin": [10.23817, 8, 8]},
			"faces": {
				"north": {"uv": [4.25, 10.25, 6, 7.25], "rotation": 180, "texture": "#0"},
				"east": {"uv": [5, 4.25, 6, 1.25], "texture": "#0"},
				"south": {"uv": [4.25, 10.25, 6, 7.25], "rotation": 180, "texture": "#0"},
				"west": {"uv": [5, 1.25, 6, 4.25], "rotation": 180, "texture": "#0"},
				"up": {"uv": [7, 0.25, 6, 2], "rotation": 270, "texture": "#0"},
				"down": {"uv": [7, 2, 6, 0.25], "rotation": 90, "texture": "#0"}
			}
		},
		{
			"from": [8.48817, 18.25654, 0.71053],
			"to": [11.98817, 24.25654, 2.71053],
			"rotation": {"angle": 22.5, "axis": "x", "origin": [10.23817, 8, 8]},
			"faces": {
				"north": {"uv": [4.25, 7.25, 6, 10.25], "rotation": 180, "texture": "#0"},
				"east": {"uv": [5, 1.25, 6, 4.25], "texture": "#0"},
				"south": {"uv": [4.25, 7.25, 6, 10.25], "rotation": 180, "texture": "#0"},
				"west": {"uv": [5, 4.25, 6, 1.25], "rotation": 180, "texture": "#0"},
				"up": {"uv": [7, 0.25, 6, 2], "rotation": 270, "texture": "#0"},
				"down": {"uv": [7, 2, 6, 0.25], "rotation": 90, "texture": "#0"}
			}
		},
		{
			"from": [8.23817, -4.22606, 20.52268],
			"to": [10.23817, -0.22606, 24.52268],
			"rotation": {"angle": 45, "axis": "x", "origin": [10.23817, 8, 8]},
			"faces": {
				"north": {"uv": [7, 8.25, 9, 7.25], "rotation": 90, "texture": "#0"},
				"east": {"uv": [7, 8.25, 9, 10.25], "rotation": 180, "texture": "#0"},
				"south": {"uv": [9, 6.25, 7, 7.25], "rotation": 90, "texture": "#0"},
				"west": {"uv": [7, 10.25, 9, 8.25], "texture": "#0"},
				"up": {"uv": [7, 7.25, 9, 6.25], "rotation": 270, "texture": "#0"},
				"down": {"uv": [7, 7.25, 9, 8.25], "rotation": 90, "texture": "#0"}
			}
		},
		{
			"from": [8.23817, -6.544, -5.20474],
			"to": [10.23817, -3.544, -4.20474],
			"rotation": {"angle": -45, "axis": "x", "origin": [10.23817, 8, 8]},
			"faces": {
				"north": {"uv": [16, 4.75, 15, 3.25], "rotation": 180, "texture": "#0"},
				"east": {"uv": [15, 9.5, 13.5, 9], "rotation": 90, "texture": "#0"},
				"south": {"uv": [16, 6.25, 15, 4.75], "texture": "#0"},
				"west": {"uv": [15, 9.5, 13.5, 9], "rotation": 90, "texture": "#0"},
				"up": {"uv": [10, 9, 9, 9.5], "texture": "#0"},
				"down": {"uv": [6.5, 12.25, 5.5, 11.75], "rotation": 180, "texture": "#0"}
			}
		},
		{
			"from": [10.23817, -6.544, -5.20474],
			"to": [12.23817, -3.544, -4.20474],
			"rotation": {"angle": -45, "axis": "x", "origin": [10.23817, 8, 8]},
			"faces": {
				"north": {"uv": [15, 4.75, 16, 3.25], "rotation": 180, "texture": "#0"},
				"east": {"uv": [15, 9, 13.5, 9.5], "rotation": 90, "texture": "#0"},
				"south": {"uv": [15, 6.25, 16, 4.75], "texture": "#0"},
				"west": {"uv": [15, 9, 13.5, 9.5], "rotation": 90, "texture": "#0"},
				"up": {"uv": [9, 9.5, 10, 9], "texture": "#0"},
				"down": {"uv": [5.5, 12.25, 6.5, 11.75], "rotation": 180, "texture": "#0"}
			}
		},
		{
			"from": [10.23817, -4.22606, 20.52268],
			"to": [12.23817, -0.22606, 24.52268],
			"rotation": {"angle": 45, "axis": "x", "origin": [10.23817, 8, 8]},
			"faces": {
				"north": {"uv": [9, 8.25, 7, 7.25], "rotation": 90, "texture": "#0"},
				"east": {"uv": [9, 10.25, 7, 8.25], "texture": "#0"},
				"south": {"uv": [9, 7.25, 7, 6.25], "rotation": 90, "texture": "#0"},
				"west": {"uv": [9, 8.25, 7, 10.25], "rotation": 180, "texture": "#0"},
				"up": {"uv": [7, 6.25, 9, 7.25], "rotation": 270, "texture": "#0"},
				"down": {"uv": [7, 8.25, 9, 7.25], "rotation": 90, "texture": "#0"}
			}
		},
		{
			"from": [7.73817, -3.1553, 8.56836],
			"to": [12.73817, 1.8447, 10.56836],
			"rotation": {"angle": -22.5, "axis": "x", "origin": [10.23817, 8, 8]},
			"faces": {
				"north": {"uv": [6.5, 15.25, 9, 12.75], "rotation": 180, "texture": "#0"},
				"east": {"uv": [2.5, 15, 0, 16], "rotation": 90, "texture": "#0"},
				"south": {"uv": [6.5, 12.75, 9, 10.25], "texture": "#0"},
				"west": {"uv": [2.5, 15, 0, 16], "rotation": 270, "texture": "#0"},
				"up": {"uv": [0, 15, 2.5, 16], "texture": "#0"},
				"down": {"uv": [0, 15, 2.5, 16], "rotation": 180, "texture": "#0"}
			}
		},
		{
			"from": [10.23817, 8, 15.23817],
			"to": [10.23817, 30, 15.73817],
			"rotation": {"angle": 0, "axis": "y", "origin": [10.23817, 8, 8]},
			"faces": {
				"north": {"uv": [0, 0, 0, 11], "texture": "#0"},
				"east": {"uv": [15.75, 5, 16, 16], "texture": "#0"},
				"south": {"uv": [0, 0, 0, 11], "texture": "#0"},
				"west": {"uv": [15.75, 5, 16, 16], "texture": "#0"},
				"up": {"uv": [0, 0, 2, 0], "rotation": 270, "texture": "#0"},
				"down": {"uv": [0, 0, 2, 0], "rotation": 90, "texture": "#0"}
			}
		},
		{
			"from": [10.23817, -14, 15.23817],
			"to": [10.23817, 8, 15.73817],
			"rotation": {"angle": 0, "axis": "y", "origin": [10.23817, 8, 8]},
			"faces": {
				"north": {"uv": [0, 11, 0, 0], "texture": "#0"},
				"east": {"uv": [15.75, 16, 16, 5], "texture": "#0"},
				"south": {"uv": [0, 11, 0, 0], "texture": "#0"},
				"west": {"uv": [15.75, 16, 16, 5], "texture": "#0"},
				"up": {"uv": [0, 0, 2, 0], "rotation": 270, "texture": "#0"},
				"down": {"uv": [0, 0, 2, 0], "rotation": 90, "texture": "#0"}
			}
		},
		{
			"from": [6.23817, 21.45, 7.03817],
			"to": [6.23817, 29.45, 15.03817],
			"rotation": {"angle": 0, "axis": "y", "origin": [10.23817, 8, 8]},
			"faces": {
				"north": {"uv": [0, 0, 0, 4], "texture": "#1"},
				"east": {"uv": [0, 0, 4, 4], "texture": "#1"},
				"south": {"uv": [0, 0, 0, 4], "texture": "#1"},
				"west": {"uv": [0, 0, 4, 4], "texture": "#1"},
				"up": {"uv": [0, 0, 6, 0], "rotation": 270, "texture": "#1"},
				"down": {"uv": [0, 0, 6, 0], "rotation": 90, "texture": "#1"}
			}
		},
		{
			"from": [6.23817, 21.28436, 0.12908],
			"to": [6.23817, 29.28436, 8.12908],
			"rotation": {"angle": 22.5, "axis": "x", "origin": [10.23817, 8, 8]},
			"faces": {
				"north": {"uv": [0, 0, 0, 4], "texture": "#1"},
				"east": {"uv": [4, 0, 8, 4], "texture": "#1"},
				"south": {"uv": [0, 0, 0, 4], "texture": "#1"},
				"west": {"uv": [4, 0, 8, 4], "texture": "#1"},
				"up": {"uv": [0, 0, 6, 0], "rotation": 270, "texture": "#1"},
				"down": {"uv": [0, 0, 6, 0], "rotation": 90, "texture": "#1"}
			}
		},
		{
			"from": [6.23817, 14.1907, 18.48733],
			"to": [6.23817, 22.1907, 26.48733],
			"rotation": {"angle": -45, "axis": "x", "origin": [10.23817, 8, 8]},
			"faces": {
				"north": {"uv": [0, 0, 6, 0], "rotation": 270, "texture": "#1"},
				"east": {"uv": [0, 4, 4, 8], "rotation": 270, "texture": "#1"},
				"south": {"uv": [0, 0, 6, 0], "rotation": 270, "texture": "#1"},
				"west": {"uv": [0, 4, 4, 8], "rotation": 90, "texture": "#1"},
				"up": {"uv": [0, 0, 0, 4], "rotation": 180, "texture": "#1"},
				"down": {"uv": [0, 0, 0, 4], "texture": "#1"}
			}
		},
		{
			"from": [6.23817, 18.95904, 13.48473],
			"to": [6.23817, 26.95904, 21.48473],
			"rotation": {"angle": -22.5, "axis": "x", "origin": [10.23817, 8, 8]},
			"faces": {
				"north": {"uv": [0, 0, 6, 0], "rotation": 270, "texture": "#1"},
				"east": {"uv": [4, 4, 8, 8], "rotation": 270, "texture": "#1"},
				"south": {"uv": [0, 0, 6, 0], "rotation": 270, "texture": "#1"},
				"west": {"uv": [4, 4, 8, 8], "rotation": 90, "texture": "#1"},
				"up": {"uv": [0, 0, 0, 4], "rotation": 180, "texture": "#1"},
				"down": {"uv": [0, 0, 0, 4], "texture": "#1"}
			}
		},
		{
			"from": [7.23817, 18.95904, 13.48473],
			"to": [7.23817, 26.95904, 21.48473],
			"rotation": {"angle": -22.5, "axis": "x", "origin": [10.23817, 8, 8]},
			"faces": {
				"north": {"uv": [8, 8, 14, 8], "rotation": 270, "texture": "#1"},
				"east": {"uv": [12, 12, 16, 16], "rotation": 270, "texture": "#1"},
				"south": {"uv": [8, 8, 14, 8], "rotation": 270, "texture": "#1"},
				"west": {"uv": [12, 12, 16, 16], "rotation": 90, "texture": "#1"},
				"up": {"uv": [8, 8, 8, 12], "rotation": 180, "texture": "#1"},
				"down": {"uv": [8, 8, 8, 12], "texture": "#1"}
			}
		},
		{
			"from": [7.23817, 14.1907, 18.48733],
			"to": [7.23817, 22.1907, 26.48733],
			"rotation": {"angle": -45, "axis": "x", "origin": [10.23817, 8, 8]},
			"faces": {
				"north": {"uv": [8, 8, 14, 8], "rotation": 270, "texture": "#1"},
				"east": {"uv": [8, 12, 12, 16], "rotation": 270, "texture": "#1"},
				"south": {"uv": [8, 8, 14, 8], "rotation": 270, "texture": "#1"},
				"west": {"uv": [8, 12, 12, 16], "rotation": 90, "texture": "#1"},
				"up": {"uv": [8, 8, 8, 12], "rotation": 180, "texture": "#1"},
				"down": {"uv": [8, 8, 8, 12], "texture": "#1"}
			}
		},
		{
			"from": [7.23817, 21.28436, 0.12908],
			"to": [7.23817, 29.28436, 8.12908],
			"rotation": {"angle": 22.5, "axis": "x", "origin": [10.23817, 8, 8]},
			"faces": {
				"north": {"uv": [8, 8, 8, 12], "texture": "#1"},
				"east": {"uv": [12, 8, 16, 12], "texture": "#1"},
				"south": {"uv": [8, 8, 8, 12], "texture": "#1"},
				"west": {"uv": [12, 8, 16, 12], "texture": "#1"},
				"up": {"uv": [8, 8, 14, 8], "rotation": 270, "texture": "#1"},
				"down": {"uv": [8, 8, 14, 8], "rotation": 90, "texture": "#1"}
			}
		},
		{
			"from": [7.23817, 21.45, 7.03817],
			"to": [7.23817, 29.45, 15.03817],
			"rotation": {"angle": 0, "axis": "y", "origin": [10.23817, 8, 8]},
			"faces": {
				"north": {"uv": [8, 8, 8, 12], "texture": "#1"},
				"east": {"uv": [8, 8, 12, 12], "texture": "#1"},
				"south": {"uv": [8, 8, 8, 12], "texture": "#1"},
				"west": {"uv": [8, 8, 12, 12], "texture": "#1"},
				"up": {"uv": [8, 8, 14, 8], "rotation": 270, "texture": "#1"},
				"down": {"uv": [8, 8, 14, 8], "rotation": 90, "texture": "#1"}
			}
		},
		{
			"from": [14.23817, 21.45, 7.03817],
			"to": [14.23817, 29.45, 15.03817],
			"rotation": {"angle": 0, "axis": "y", "origin": [10.23817, 8, 8]},
			"faces": {
				"north": {"uv": [0, 0, 0, 4], "texture": "#1"},
				"east": {"uv": [4, 0, 0, 4], "texture": "#1"},
				"south": {"uv": [0, 0, 0, 4], "texture": "#1"},
				"west": {"uv": [4, 0, 0, 4], "texture": "#1"},
				"up": {"uv": [0, 0, 6, 0], "rotation": 270, "texture": "#1"},
				"down": {"uv": [0, 0, 6, 0], "rotation": 90, "texture": "#1"}
			}
		},
		{
			"from": [14.23817, 21.28436, 0.12908],
			"to": [14.23817, 29.28436, 8.12908],
			"rotation": {"angle": 22.5, "axis": "x", "origin": [10.23817, 8, 8]},
			"faces": {
				"north": {"uv": [0, 0, 0, 4], "texture": "#1"},
				"east": {"uv": [8, 0, 4, 4], "texture": "#1"},
				"south": {"uv": [0, 0, 0, 4], "texture": "#1"},
				"west": {"uv": [8, 0, 4, 4], "texture": "#1"},
				"up": {"uv": [0, 0, 6, 0], "rotation": 270, "texture": "#1"},
				"down": {"uv": [0, 0, 6, 0], "rotation": 90, "texture": "#1"}
			}
		},
		{
			"from": [14.23817, 14.1907, 18.48733],
			"to": [14.23817, 22.1907, 26.48733],
			"rotation": {"angle": -45, "axis": "x", "origin": [10.23817, 8, 8]},
			"faces": {
				"north": {"uv": [0, 0, 6, 0], "rotation": 270, "texture": "#1"},
				"east": {"uv": [0, 8, 4, 4], "rotation": 90, "texture": "#1"},
				"south": {"uv": [0, 0, 6, 0], "rotation": 270, "texture": "#1"},
				"west": {"uv": [0, 8, 4, 4], "rotation": 270, "texture": "#1"},
				"up": {"uv": [0, 0, 0, 4], "rotation": 180, "texture": "#1"},
				"down": {"uv": [0, 0, 0, 4], "texture": "#1"}
			}
		},
		{
			"from": [14.23817, 18.95904, 13.48473],
			"to": [14.23817, 26.95904, 21.48473],
			"rotation": {"angle": -22.5, "axis": "x", "origin": [10.23817, 8, 8]},
			"faces": {
				"north": {"uv": [0, 0, 6, 0], "rotation": 270, "texture": "#1"},
				"east": {"uv": [4, 8, 8, 4], "rotation": 90, "texture": "#1"},
				"south": {"uv": [0, 0, 6, 0], "rotation": 270, "texture": "#1"},
				"west": {"uv": [4, 8, 8, 4], "rotation": 270, "texture": "#1"},
				"up": {"uv": [0, 0, 0, 4], "rotation": 180, "texture": "#1"},
				"down": {"uv": [0, 0, 0, 4], "texture": "#1"}
			}
		},
		{
			"from": [13.23817, 18.95904, 13.48473],
			"to": [13.23817, 26.95904, 21.48473],
			"rotation": {"angle": -22.5, "axis": "x", "origin": [10.23817, 8, 8]},
			"faces": {
				"north": {"uv": [8, 8, 14, 8], "rotation": 270, "texture": "#1"},
				"east": {"uv": [12, 16, 16, 12], "rotation": 90, "texture": "#1"},
				"south": {"uv": [8, 8, 14, 8], "rotation": 270, "texture": "#1"},
				"west": {"uv": [12, 16, 16, 12], "rotation": 270, "texture": "#1"},
				"up": {"uv": [8, 8, 8, 12], "rotation": 180, "texture": "#1"},
				"down": {"uv": [8, 8, 8, 12], "texture": "#1"}
			}
		},
		{
			"from": [13.23817, 14.1907, 18.48733],
			"to": [13.23817, 22.1907, 26.48733],
			"rotation": {"angle": -45, "axis": "x", "origin": [10.23817, 8, 8]},
			"faces": {
				"north": {"uv": [8, 8, 14, 8], "rotation": 270, "texture": "#1"},
				"east": {"uv": [8, 16, 12, 12], "rotation": 90, "texture": "#1"},
				"south": {"uv": [8, 8, 14, 8], "rotation": 270, "texture": "#1"},
				"west": {"uv": [8, 16, 12, 12], "rotation": 270, "texture": "#1"},
				"up": {"uv": [8, 8, 8, 12], "rotation": 180, "texture": "#1"},
				"down": {"uv": [8, 8, 8, 12], "texture": "#1"}
			}
		},
		{
			"from": [13.23817, 21.28436, 0.12908],
			"to": [13.23817, 29.28436, 8.12908],
			"rotation": {"angle": 22.5, "axis": "x", "origin": [10.23817, 8, 8]},
			"faces": {
				"north": {"uv": [8, 8, 8, 12], "texture": "#1"},
				"east": {"uv": [16, 8, 12, 12], "texture": "#1"},
				"south": {"uv": [8, 8, 8, 12], "texture": "#1"},
				"west": {"uv": [16, 8, 12, 12], "texture": "#1"},
				"up": {"uv": [8, 8, 14, 8], "rotation": 270, "texture": "#1"},
				"down": {"uv": [8, 8, 14, 8], "rotation": 90, "texture": "#1"}
			}
		},
		{
			"from": [13.23817, 21.45, 7.03817],
			"to": [13.23817, 29.45, 15.03817],
			"rotation": {"angle": 0, "axis": "y", "origin": [10.23817, 8, 8]},
			"faces": {
				"north": {"uv": [8, 8, 8, 12], "texture": "#1"},
				"east": {"uv": [12, 8, 8, 12], "texture": "#1"},
				"south": {"uv": [8, 8, 8, 12], "texture": "#1"},
				"west": {"uv": [12, 8, 8, 12], "texture": "#1"},
				"up": {"uv": [8, 8, 14, 8], "rotation": 270, "texture": "#1"},
				"down": {"uv": [8, 8, 14, 8], "rotation": 90, "texture": "#1"}
			}
		},
		{
			"from": [13.23817, -13.45, 7.03817],
			"to": [13.23817, -5.45, 15.03817],
			"rotation": {"angle": 0, "axis": "y", "origin": [10.23817, 8, 8]},
			"faces": {
				"north": {"uv": [8, 12, 8, 8], "texture": "#1"},
				"east": {"uv": [12, 12, 8, 8], "texture": "#1"},
				"south": {"uv": [8, 12, 8, 8], "texture": "#1"},
				"west": {"uv": [12, 12, 8, 8], "texture": "#1"},
				"up": {"uv": [8, 8, 14, 8], "rotation": 270, "texture": "#1"},
				"down": {"uv": [8, 8, 14, 8], "rotation": 90, "texture": "#1"}
			}
		},
		{
			"from": [13.23817, -13.28436, 0.12908],
			"to": [13.23817, -5.28436, 8.12908],
			"rotation": {"angle": -22.5, "axis": "x", "origin": [10.23817, 8, 8]},
			"faces": {
				"north": {"uv": [8, 12, 8, 8], "texture": "#1"},
				"east": {"uv": [16, 12, 12, 8], "texture": "#1"},
				"south": {"uv": [8, 12, 8, 8], "texture": "#1"},
				"west": {"uv": [16, 12, 12, 8], "texture": "#1"},
				"up": {"uv": [8, 8, 14, 8], "rotation": 270, "texture": "#1"},
				"down": {"uv": [8, 8, 14, 8], "rotation": 90, "texture": "#1"}
			}
		},
		{
			"from": [13.23817, -6.1907, 18.48733],
			"to": [13.23817, 1.8093, 26.48733],
			"rotation": {"angle": 45, "axis": "x", "origin": [10.23817, 8, 8]},
			"faces": {
				"north": {"uv": [14, 8, 8, 8], "rotation": 270, "texture": "#1"},
				"east": {"uv": [12, 16, 8, 12], "rotation": 90, "texture": "#1"},
				"south": {"uv": [14, 8, 8, 8], "rotation": 270, "texture": "#1"},
				"west": {"uv": [12, 16, 8, 12], "rotation": 270, "texture": "#1"},
				"up": {"uv": [8, 8, 8, 12], "rotation": 180, "texture": "#1"},
				"down": {"uv": [8, 8, 8, 12], "texture": "#1"}
			}
		},
		{
			"from": [13.23817, -10.95904, 13.48473],
			"to": [13.23817, -2.95904, 21.48473],
			"rotation": {"angle": 22.5, "axis": "x", "origin": [10.23817, 8, 8]},
			"faces": {
				"north": {"uv": [14, 8, 8, 8], "rotation": 270, "texture": "#1"},
				"east": {"uv": [16, 16, 12, 12], "rotation": 90, "texture": "#1"},
				"south": {"uv": [14, 8, 8, 8], "rotation": 270, "texture": "#1"},
				"west": {"uv": [16, 16, 12, 12], "rotation": 270, "texture": "#1"},
				"up": {"uv": [8, 8, 8, 12], "rotation": 180, "texture": "#1"},
				"down": {"uv": [8, 8, 8, 12], "texture": "#1"}
			}
		},
		{
			"from": [14.23817, -10.95904, 13.48473],
			"to": [14.23817, -2.95904, 21.48473],
			"rotation": {"angle": 22.5, "axis": "x", "origin": [10.23817, 8, 8]},
			"faces": {
				"north": {"uv": [6, 0, 0, 0], "rotation": 270, "texture": "#1"},
				"east": {"uv": [8, 8, 4, 4], "rotation": 90, "texture": "#1"},
				"south": {"uv": [6, 0, 0, 0], "rotation": 270, "texture": "#1"},
				"west": {"uv": [8, 8, 4, 4], "rotation": 270, "texture": "#1"},
				"up": {"uv": [0, 0, 0, 4], "rotation": 180, "texture": "#1"},
				"down": {"uv": [0, 0, 0, 4], "texture": "#1"}
			}
		},
		{
			"from": [14.23817, -6.1907, 18.48733],
			"to": [14.23817, 1.8093, 26.48733],
			"rotation": {"angle": 45, "axis": "x", "origin": [10.23817, 8, 8]},
			"faces": {
				"north": {"uv": [6, 0, 0, 0], "rotation": 270, "texture": "#1"},
				"east": {"uv": [4, 8, 0, 4], "rotation": 90, "texture": "#1"},
				"south": {"uv": [6, 0, 0, 0], "rotation": 270, "texture": "#1"},
				"west": {"uv": [4, 8, 0, 4], "rotation": 270, "texture": "#1"},
				"up": {"uv": [0, 0, 0, 4], "rotation": 180, "texture": "#1"},
				"down": {"uv": [0, 0, 0, 4], "texture": "#1"}
			}
		},
		{
			"from": [14.23817, -13.28436, 0.12908],
			"to": [14.23817, -5.28436, 8.12908],
			"rotation": {"angle": -22.5, "axis": "x", "origin": [10.23817, 8, 8]},
			"faces": {
				"north": {"uv": [0, 4, 0, 0], "texture": "#1"},
				"east": {"uv": [8, 4, 4, 0], "texture": "#1"},
				"south": {"uv": [0, 4, 0, 0], "texture": "#1"},
				"west": {"uv": [8, 4, 4, 0], "texture": "#1"},
				"up": {"uv": [0, 0, 6, 0], "rotation": 270, "texture": "#1"},
				"down": {"uv": [0, 0, 6, 0], "rotation": 90, "texture": "#1"}
			}
		},
		{
			"from": [14.23817, -13.45, 7.03817],
			"to": [14.23817, -5.45, 15.03817],
			"rotation": {"angle": 0, "axis": "y", "origin": [10.23817, 8, 8]},
			"faces": {
				"north": {"uv": [0, 4, 0, 0], "texture": "#1"},
				"east": {"uv": [4, 4, 0, 0], "texture": "#1"},
				"south": {"uv": [0, 4, 0, 0], "texture": "#1"},
				"west": {"uv": [4, 4, 0, 0], "texture": "#1"},
				"up": {"uv": [0, 0, 6, 0], "rotation": 270, "texture": "#1"},
				"down": {"uv": [0, 0, 6, 0], "rotation": 90, "texture": "#1"}
			}
		},
		{
			"from": [7.23817, -13.45, 7.03817],
			"to": [7.23817, -5.45, 15.03817],
			"rotation": {"angle": 0, "axis": "y", "origin": [10.23817, 8, 8]},
			"faces": {
				"north": {"uv": [8, 12, 8, 8], "texture": "#1"},
				"east": {"uv": [8, 12, 12, 8], "texture": "#1"},
				"south": {"uv": [8, 12, 8, 8], "texture": "#1"},
				"west": {"uv": [8, 12, 12, 8], "texture": "#1"},
				"up": {"uv": [8, 8, 14, 8], "rotation": 270, "texture": "#1"},
				"down": {"uv": [8, 8, 14, 8], "rotation": 90, "texture": "#1"}
			}
		},
		{
			"from": [7.23817, -13.28436, 0.12908],
			"to": [7.23817, -5.28436, 8.12908],
			"rotation": {"angle": -22.5, "axis": "x", "origin": [10.23817, 8, 8]},
			"faces": {
				"north": {"uv": [8, 12, 8, 8], "texture": "#1"},
				"east": {"uv": [12, 12, 16, 8], "texture": "#1"},
				"south": {"uv": [8, 12, 8, 8], "texture": "#1"},
				"west": {"uv": [12, 12, 16, 8], "texture": "#1"},
				"up": {"uv": [8, 8, 14, 8], "rotation": 270, "texture": "#1"},
				"down": {"uv": [8, 8, 14, 8], "rotation": 90, "texture": "#1"}
			}
		},
		{
			"from": [7.23817, -6.1907, 18.48733],
			"to": [7.23817, 1.8093, 26.48733],
			"rotation": {"angle": 45, "axis": "x", "origin": [10.23817, 8, 8]},
			"faces": {
				"north": {"uv": [14, 8, 8, 8], "rotation": 270, "texture": "#1"},
				"east": {"uv": [12, 12, 8, 16], "rotation": 270, "texture": "#1"},
				"south": {"uv": [14, 8, 8, 8], "rotation": 270, "texture": "#1"},
				"west": {"uv": [12, 12, 8, 16], "rotation": 90, "texture": "#1"},
				"up": {"uv": [8, 8, 8, 12], "rotation": 180, "texture": "#1"},
				"down": {"uv": [8, 8, 8, 12], "texture": "#1"}
			}
		},
		{
			"from": [7.23817, -10.95904, 13.48473],
			"to": [7.23817, -2.95904, 21.48473],
			"rotation": {"angle": 22.5, "axis": "x", "origin": [10.23817, 8, 8]},
			"faces": {
				"north": {"uv": [14, 8, 8, 8], "rotation": 270, "texture": "#1"},
				"east": {"uv": [16, 12, 12, 16], "rotation": 270, "texture": "#1"},
				"south": {"uv": [14, 8, 8, 8], "rotation": 270, "texture": "#1"},
				"west": {"uv": [16, 12, 12, 16], "rotation": 90, "texture": "#1"},
				"up": {"uv": [8, 8, 8, 12], "rotation": 180, "texture": "#1"},
				"down": {"uv": [8, 8, 8, 12], "texture": "#1"}
			}
		},
		{
			"from": [6.23817, -10.95904, 13.48473],
			"to": [6.23817, -2.95904, 21.48473],
			"rotation": {"angle": 22.5, "axis": "x", "origin": [10.23817, 8, 8]},
			"faces": {
				"north": {"uv": [6, 0, 0, 0], "rotation": 270, "texture": "#1"},
				"east": {"uv": [8, 4, 4, 8], "rotation": 270, "texture": "#1"},
				"south": {"uv": [6, 0, 0, 0], "rotation": 270, "texture": "#1"},
				"west": {"uv": [8, 4, 4, 8], "rotation": 90, "texture": "#1"},
				"up": {"uv": [0, 0, 0, 4], "rotation": 180, "texture": "#1"},
				"down": {"uv": [0, 0, 0, 4], "texture": "#1"}
			}
		},
		{
			"from": [6.23817, -6.1907, 18.48733],
			"to": [6.23817, 1.8093, 26.48733],
			"rotation": {"angle": 45, "axis": "x", "origin": [10.23817, 8, 8]},
			"faces": {
				"north": {"uv": [6, 0, 0, 0], "rotation": 270, "texture": "#1"},
				"east": {"uv": [4, 4, 0, 8], "rotation": 270, "texture": "#1"},
				"south": {"uv": [6, 0, 0, 0], "rotation": 270, "texture": "#1"},
				"west": {"uv": [4, 4, 0, 8], "rotation": 90, "texture": "#1"},
				"up": {"uv": [0, 0, 0, 4], "rotation": 180, "texture": "#1"},
				"down": {"uv": [0, 0, 0, 4], "texture": "#1"}
			}
		},
		{
			"from": [6.23817, -13.28436, 0.12908],
			"to": [6.23817, -5.28436, 8.12908],
			"rotation": {"angle": -22.5, "axis": "x", "origin": [10.23817, 8, 8]},
			"faces": {
				"north": {"uv": [0, 4, 0, 0], "texture": "#1"},
				"east": {"uv": [4, 4, 8, 0], "texture": "#1"},
				"south": {"uv": [0, 4, 0, 0], "texture": "#1"},
				"west": {"uv": [4, 4, 8, 0], "texture": "#1"},
				"up": {"uv": [0, 0, 6, 0], "rotation": 270, "texture": "#1"},
				"down": {"uv": [0, 0, 6, 0], "rotation": 90, "texture": "#1"}
			}
		},
		{
			"from": [6.23817, -13.45, 7.03817],
			"to": [6.23817, -5.45, 15.03817],
			"rotation": {"angle": 0, "axis": "y", "origin": [10.23817, 8, 8]},
			"faces": {
				"north": {"uv": [0, 4, 0, 0], "texture": "#1"},
				"east": {"uv": [0, 4, 4, 0], "texture": "#1"},
				"south": {"uv": [0, 4, 0, 0], "texture": "#1"},
				"west": {"uv": [0, 4, 4, 0], "texture": "#1"},
				"up": {"uv": [0, 0, 6, 0], "rotation": 270, "texture": "#1"},
				"down": {"uv": [0, 0, 6, 0], "rotation": 90, "texture": "#1"}
			}
		}
	],
	"gui_light": "front",
	"display": {
		"thirdperson_righthand": {
			"translation": [0, -1.5, 0.75],
			"scale": [0.45, 0.45, 0.45]
		},
		"thirdperson_lefthand": {
			"translation": [0, -1.5, 0.75],
			"scale": [0.45, 0.45, 0.45]
		},
		"firstperson_righthand": {
			"rotation": [12.5, 37, 0.27],
			"translation": [10.75, -0.75, -10.5],
			"scale": [0.6, 0.6, 0.6]
		},
		"firstperson_lefthand": {
			"rotation": [12.5, 37, 0.27],
			"translation": [10.75, -0.75, -10.5],
			"scale": [0.6, 0.6, 0.6]
		},
		"ground": {
			"rotation": [0, 0, 90],
			"translation": [1.25, 0.25, 0],
			"scale": [0.5, 0.5, 0.5]
		},
		"gui": {
			"rotation": [90, 45, -90],
			"translation": [-1.5, 1.5, 0],
			"scale": [0.37703, 0.37703, 0.37898]
		},
		"head": {
			"rotation": [90, -168, 90],
			"translation": [-0.5, 9.75, 0],
			"scale": [0.56, 0.56, 0.56]
		},
		"fixed": {
			"rotation": [0, 90, 0],
			"translation": [-2, 0, -2.25],
			"scale": [0.98719, 0.98719, 0.98719]
		}
	}
}