{"credit":"Made with Blockbench","textures":{"0":"teleportation_hub:teleportation_hub/star_animation_top_right","particle":"teleportation_hub:teleportation_hub/star_animation_top_right"},"elements":[{"from":[-16,23,0],"to":[32,32,0],"faces":{"north":{"uv":[0,0,16,16],"texture":"#missing"},"east":{"uv":[0,0,0,16],"texture":"#missing"},"south":{"uv":[0,6.66667,16,9.66667],"texture":"#0"},"west":{"uv":[0,0,0,16],"texture":"#missing"},"up":{"uv":[0,0,16,0],"texture":"#missing"},"down":{"uv":[0,0,16,0],"texture":"#missing"}}}],"gui_light":"front","display":{"gui":{"translation":[17,-3,0],"scale":[1.34,1.34,1.34]}}}