{"credit":"Made with Blockbench","textures":{"0":"teleportation_hub:teleportation_hub/star_animation_bottom_right","particle":"teleportation_hub:teleportation_hub/star_animation_bottom_right"},"elements":[{"from":[0,3,0],"to":[32,21,0],"faces":{"north":{"uv":[0,0,16,16],"texture":"#missing"},"east":{"uv":[0,0,0,16],"texture":"#missing"},"south":{"uv":[0,3.5,16,12.5],"texture":"#0"},"west":{"uv":[0,0,0,16],"texture":"#missing"},"up":{"uv":[0,0,16,0],"texture":"#missing"},"down":{"uv":[0,0,16,0],"texture":"#missing"}}}],"gui_light":"front","display":{"gui":{"translation":[-11,-22,0]}}}