{
	"credit": "Made with Blockbench",
	"texture_size": [256, 256],
	"textures": {
		"3": "rainforestset:rainforestset/rainforest_bow1"
	},
	"elements": [
		{
			"from": [7.34841, 11.0217, 8.28539],
			"to": [8.64841, 12.3217, 9.58539],
			"rotation": {"angle": -45, "axis": "x", "origin": [8, 8, 8]},
			"faces": {
				"north": {"uv": [0, 8.25, 0.03125, 8], "rotation": 180, "texture": "#3"},
				"east": {"uv": [0, 8, 0.25, 8.25], "rotation": 90, "texture": "#3"},
				"south": {"uv": [0.2125, 8.25, 0.24375, 8], "rotation": 180, "texture": "#3"},
				"west": {"uv": [0.25, 8, 0, 8.25], "rotation": 270, "texture": "#3"},
				"up": {"uv": [0.03125, 8, 0, 8.25], "texture": "#3"},
				"down": {"uv": [0.24375, 8, 0.2125, 8.25], "rotation": 180, "texture": "#3"}
			}
		},
		{
			"from": [7.34841, 9.33798, 6.61138],
			"to": [8.64841, 10.63798, 7.91138],
			"rotation": {"angle": 0, "axis": "y", "origin": [8, 8, 8]},
			"faces": {
				"north": {"uv": [2.5625, 8.4375, 2.3125, 8.6875], "texture": "#3"},
				"east": {"uv": [2.5625, 8.4375, 2.3125, 8.6875], "texture": "#3"},
				"south": {"uv": [2.5625, 8.4375, 2.3125, 8.6875], "texture": "#3"},
				"west": {"uv": [2.5625, 8.4375, 2.3125, 8.6875], "texture": "#3"},
				"up": {"uv": [0, 0.5, 0.5, 0], "texture": "#missing"},
				"down": {"uv": [2.5625, 8.68125, 2.3125, 8.65625], "rotation": 90, "texture": "#3"}
			}
		},
		{
			"from": [7.02341, 9.87223, 8.82767],
			"to": [8.97341, 11.82223, 10.77767],
			"rotation": {"angle": -45, "axis": "x", "origin": [8, 8, 8]},
			"faces": {
				"north": {"uv": [2.36875, 8, 2.3125, 8.375], "texture": "#3"},
				"east": {"uv": [2.3125, 8, 2.6875, 8.375], "texture": "#3"},
				"south": {"uv": [2.6875, 8, 2.63125, 8.375], "texture": "#3"},
				"west": {"uv": [2.6875, 8, 2.3125, 8.375], "texture": "#3"},
				"up": {"uv": [2.63125, 8.375, 2.6875, 8], "texture": "#3"},
				"down": {"uv": [2.3125, 8.375, 2.36875, 8], "texture": "#3"}
			}
		},
		{
			"from": [7.47841, 5.52798, 6.74138],
			"to": [8.51841, 10.46798, 7.78138],
			"rotation": {"angle": 0, "axis": "y", "origin": [8, 8, 8]},
			"faces": {
				"north": {"uv": [2.5, 8.7875, 2.45, 9.4375], "texture": "#3"},
				"east": {"uv": [2.3125, 8.7875, 2.5, 9.4375], "texture": "#3"},
				"south": {"uv": [2.35625, 8.7875, 2.3125, 9.4375], "texture": "#3"},
				"west": {"uv": [2.5, 8.7875, 2.3125, 9.4375], "texture": "#3"},
				"up": {"uv": [0, 0.2, 0.2, 0], "texture": "#missing"},
				"down": {"uv": [2.5625, 8.68125, 2.3125, 8.65625], "rotation": 90, "texture": "#3"}
			}
		},
		{
			"from": [7.34841, 5.50646, 6.61138],
			"to": [8.64841, 6.80646, 7.91138],
			"rotation": {"angle": 0, "axis": "y", "origin": [8, 8, 8]},
			"faces": {
				"north": {"uv": [2.5625, 8.6875, 2.3125, 8.4375], "texture": "#3"},
				"east": {"uv": [2.5625, 8.6875, 2.3125, 8.4375], "texture": "#3"},
				"south": {"uv": [2.5625, 8.6875, 2.3125, 8.4375], "texture": "#3"},
				"west": {"uv": [2.5625, 8.6875, 2.3125, 8.4375], "texture": "#3"},
				"up": {"uv": [2.3125, 8.68125, 2.5625, 8.65625], "rotation": 90, "texture": "#3"},
				"down": {"uv": [2.3125, 8.4375, 2.5625, 8.48125], "rotation": 90, "texture": "#3"}
			}
		},
		{
			"from": [7.99841, 9.25771, 0.95763],
			"to": [7.99841, 14.32771, 6.28763],
			"rotation": {"angle": -22.5, "axis": "z", "origin": [7.99841, 11.79271, 3.62263]},
			"faces": {
				"north": {"uv": [0.2125, 8, 0.24375, 8.25], "texture": "#3"},
				"east": {"uv": [1.2875, 9.075, 0.3125, 10.1], "rotation": 270, "texture": "#3"},
				"south": {"uv": [0, 8, 0.03125, 8.25], "texture": "#3"},
				"west": {"uv": [0.3125, 9.075, 1.2875, 10.1], "rotation": 90, "texture": "#3"},
				"up": {"uv": [0, 8, 0.03125, 8.25], "rotation": 180, "texture": "#3"},
				"down": {"uv": [0.2125, 8, 0.24375, 8.25], "texture": "#3"}
			}
		},
		{
			"from": [7.99841, 13.75771, 6.45763],
			"to": [7.99841, 18.82771, 11.78763],
			"rotation": {"angle": 0, "axis": "y", "origin": [8, 6.8, 8]},
			"faces": {
				"north": {"uv": [0.2125, 8, 0.24375, 8.25], "texture": "#3"},
				"east": {"uv": [8, 1.8325, 9.7675, 0], "rotation": 90, "texture": "#3"},
				"south": {"uv": [0, 8, 0.03125, 8.25], "texture": "#3"},
				"west": {"uv": [8, 0, 9.7675, 1.8325], "rotation": 90, "texture": "#3"},
				"up": {"uv": [0, 8, 0.03125, 8.25], "rotation": 180, "texture": "#3"},
				"down": {"uv": [0.2125, 8, 0.24375, 8.25], "texture": "#3"}
			}
		},
		{
			"from": [7.99841, 15.06431, 2.94282],
			"to": [7.99841, 20.13431, 8.27282],
			"rotation": {"angle": -45, "axis": "x", "origin": [7.99841, 17.59931, 5.60782]},
			"faces": {
				"north": {"uv": [0.2125, 8, 0.24375, 8.25], "texture": "#3"},
				"east": {"uv": [10.25, 1.8325, 12.0175, 0], "rotation": 90, "texture": "#3"},
				"south": {"uv": [0, 8, 0.03125, 8.25], "texture": "#3"},
				"west": {"uv": [10.25, 0, 12.0175, 1.8325], "rotation": 90, "texture": "#3"},
				"up": {"uv": [0, 8, 0.03125, 8.25], "rotation": 180, "texture": "#3"},
				"down": {"uv": [0.2125, 8, 0.24375, 8.25], "texture": "#3"}
			}
		},
		{
			"from": [7.99841, 18.05842, 9.8411],
			"to": [7.99841, 23.12842, 15.1711],
			"rotation": {"angle": 0, "axis": "y", "origin": [7.99841, 20.99342, 11.4061]},
			"faces": {
				"north": {"uv": [0.2125, 8, 0.24375, 8.25], "texture": "#3"},
				"east": {"uv": [12.5, 1.8325, 14.2675, 0], "rotation": 90, "texture": "#3"},
				"south": {"uv": [0, 8, 0.03125, 8.25], "texture": "#3"},
				"west": {"uv": [12.5, 0, 14.2675, 1.8325], "rotation": 90, "texture": "#3"},
				"up": {"uv": [0, 8, 0.03125, 8.25], "rotation": 180, "texture": "#3"},
				"down": {"uv": [0.2125, 8, 0.24375, 8.25], "texture": "#3"}
			}
		},
		{
			"from": [7.99841, -7.12842, 9.8411],
			"to": [7.99841, -2.05842, 15.1711],
			"rotation": {"angle": 0, "axis": "y", "origin": [7.99841, -4.99342, 11.4061]},
			"faces": {
				"north": {"uv": [0.2125, 8.25, 0.24375, 8], "texture": "#3"},
				"east": {"uv": [14.2675, 1.8325, 12.5, 0], "rotation": 90, "texture": "#3"},
				"south": {"uv": [0, 8.25, 0.03125, 8], "texture": "#3"},
				"west": {"uv": [14.2675, 0, 12.5, 1.8325], "rotation": 90, "texture": "#3"},
				"up": {"uv": [0.2125, 8.25, 0.24375, 8], "texture": "#3"},
				"down": {"uv": [0, 8.25, 0.03125, 8], "rotation": 180, "texture": "#3"}
			}
		},
		{
			"from": [7.99841, -4.13431, 2.94282],
			"to": [7.99841, 0.93569, 8.27282],
			"rotation": {"angle": 45, "axis": "x", "origin": [7.99841, -1.59931, 5.60782]},
			"faces": {
				"north": {"uv": [0.2125, 8.25, 0.24375, 8], "texture": "#3"},
				"east": {"uv": [12.0175, 1.8325, 10.25, 0], "rotation": 90, "texture": "#3"},
				"south": {"uv": [0, 8.25, 0.03125, 8], "texture": "#3"},
				"west": {"uv": [12.0175, 0, 10.25, 1.8325], "rotation": 90, "texture": "#3"},
				"up": {"uv": [0.2125, 8.25, 0.24375, 8], "texture": "#3"},
				"down": {"uv": [0, 8.25, 0.03125, 8], "rotation": 180, "texture": "#3"}
			}
		},
		{
			"from": [7.99841, -2.82771, 6.45763],
			"to": [7.99841, 2.24229, 11.78763],
			"rotation": {"angle": 0, "axis": "y", "origin": [8, 9.2, 8]},
			"faces": {
				"north": {"uv": [0.2125, 8.25, 0.24375, 8], "texture": "#3"},
				"east": {"uv": [9.7675, 1.8325, 8, 0], "rotation": 90, "texture": "#3"},
				"south": {"uv": [0, 8.25, 0.03125, 8], "texture": "#3"},
				"west": {"uv": [9.7675, 0, 8, 1.8325], "rotation": 90, "texture": "#3"},
				"up": {"uv": [0.2125, 8.25, 0.24375, 8], "texture": "#3"},
				"down": {"uv": [0, 8.25, 0.03125, 8], "rotation": 180, "texture": "#3"}
			}
		},
		{
			"from": [7.34841, 3.74901, 8.21468],
			"to": [8.64841, 5.04901, 9.51468],
			"rotation": {"angle": 45, "axis": "x", "origin": [8, 8, 8]},
			"faces": {
				"north": {"uv": [0, 8, 0.03125, 8.25], "rotation": 180, "texture": "#3"},
				"east": {"uv": [0.25, 8, 0, 8.25], "rotation": 90, "texture": "#3"},
				"south": {"uv": [0.2125, 8, 0.24375, 8.25], "rotation": 180, "texture": "#3"},
				"west": {"uv": [0, 8, 0.25, 8.25], "rotation": 270, "texture": "#3"},
				"up": {"uv": [0.24375, 8.25, 0.2125, 8], "rotation": 180, "texture": "#3"},
				"down": {"uv": [0.03125, 8.25, 0, 8], "texture": "#3"}
			}
		},
		{
			"from": [7.99841, 1.77229, 0.95763],
			"to": [7.99841, 6.84229, 6.28763],
			"rotation": {"angle": 22.5, "axis": "z", "origin": [7.99841, 4.30729, 3.62263]},
			"faces": {
				"north": {"uv": [0.2125, 8.25, 0.24375, 8], "texture": "#3"},
				"east": {"uv": [0.3125, 9.075, 1.2875, 10.1], "rotation": 270, "texture": "#3"},
				"south": {"uv": [0, 8.25, 0.03125, 8], "texture": "#3"},
				"west": {"uv": [1.2875, 9.075, 0.3125, 10.1], "rotation": 90, "texture": "#3"},
				"up": {"uv": [0.2125, 8.25, 0.24375, 8], "texture": "#3"},
				"down": {"uv": [0, 8.25, 0.03125, 8], "rotation": 180, "texture": "#3"}
			}
		},
		{
			"from": [7.02341, 4.31919, 8.68625],
			"to": [8.97341, 6.26919, 10.63625],
			"rotation": {"angle": 45, "axis": "x", "origin": [8, 8, 8]},
			"faces": {
				"north": {"uv": [2.36875, 8.375, 2.3125, 8], "texture": "#3"},
				"east": {"uv": [2.3125, 8.375, 2.6875, 8], "texture": "#3"},
				"south": {"uv": [2.6875, 8.375, 2.63125, 8], "texture": "#3"},
				"west": {"uv": [2.6875, 8.375, 2.3125, 8], "texture": "#3"},
				"up": {"uv": [2.3125, 8, 2.36875, 8.375], "texture": "#3"},
				"down": {"uv": [2.63125, 8, 2.6875, 8.375], "texture": "#3"}
			}
		},
		{
			"from": [7.63015, 20.06376, 6.71869],
			"to": [8.37304, 20.80666, 7.46158],
			"rotation": {"angle": 22.5, "axis": "x", "origin": [8, 6.8, 8]},
			"faces": {
				"north": {"uv": [0.03125, 8.25, 0, 8], "texture": "#3"},
				"east": {"uv": [0.25, 8, 0, 8.25], "rotation": 90, "texture": "#3"},
				"south": {"uv": [0.24375, 8.25, 0.2125, 8], "texture": "#3"},
				"west": {"uv": [0, 8, 0.25, 8.25], "rotation": 270, "texture": "#3"},
				"up": {"uv": [0.2125, 8, 0.24375, 8.25], "texture": "#3"},
				"down": {"uv": [0, 8, 0.03125, 8.25], "rotation": 180, "texture": "#3"}
			}
		},
		{
			"from": [7.84558, 7.8692, 12.33413],
			"to": [8.1576, 19.50122, 12.64615],
			"rotation": {"angle": 0, "axis": "y", "origin": [8.00092, 11.05442, 10.60428]},
			"faces": {
				"north": {"uv": [7.575, 12.7, 7.625, 14.525], "rotation": 180, "texture": "#3"},
				"east": {"uv": [7.575, 12.7, 7.625, 14.525], "rotation": 180, "texture": "#3"},
				"south": {"uv": [7.575, 12.7, 7.625, 14.525], "rotation": 180, "texture": "#3"},
				"west": {"uv": [7.575, 12.7, 7.625, 14.525], "rotation": 180, "texture": "#3"},
				"up": {"uv": [0.2125, 8, 0.24375, 8.25], "texture": "#3"},
				"down": {"uv": [7.575, 14.425, 7.625, 14.525], "rotation": 180, "texture": "#3"}
			}
		},
		{
			"from": [7.84558, -3.50122, 12.33413],
			"to": [8.1576, 7.9308, 12.64615],
			"rotation": {"angle": 0, "axis": "y", "origin": [8.00092, 4.94558, 10.60428]},
			"faces": {
				"north": {"uv": [7.575, 14.525, 7.625, 12.7], "rotation": 180, "texture": "#3"},
				"east": {"uv": [7.575, 14.525, 7.625, 12.7], "rotation": 180, "texture": "#3"},
				"south": {"uv": [7.575, 14.525, 7.625, 12.7], "rotation": 180, "texture": "#3"},
				"west": {"uv": [7.575, 14.525, 7.625, 12.7], "rotation": 180, "texture": "#3"},
				"up": {"uv": [7.575, 14.525, 7.625, 14.425], "rotation": 180, "texture": "#3"},
				"down": {"uv": [0.2125, 8.25, 0.24375, 8], "texture": "#3"}
			}
		},
		{
			"from": [7.45535, 14.84922, 5.30612],
			"to": [8.54784, 15.94172, 6.39861],
			"rotation": {"angle": 0, "axis": "y", "origin": [8, 6.8, 8]},
			"faces": {
				"north": {"uv": [0.03125, 8.25, 0, 8], "texture": "#3"},
				"east": {"uv": [0.25, 8, 0, 8.25], "rotation": 90, "texture": "#3"},
				"south": {"uv": [0.24375, 8.25, 0.2125, 8], "texture": "#3"},
				"west": {"uv": [0, 8, 0.25, 8.25], "rotation": 270, "texture": "#3"},
				"up": {"uv": [0.2125, 8, 0.24375, 8.25], "texture": "#3"},
				"down": {"uv": [0, 8, 0.03125, 8.25], "rotation": 180, "texture": "#3"}
			}
		},
		{
			"from": [7.48644, 11.13578, 8.76864],
			"to": [8.51675, 15.49003, 9.79895],
			"rotation": {"angle": -22.5, "axis": "x", "origin": [8, 6.8, 8]},
			"faces": {
				"north": {"uv": [2.5, 9.4375, 2.45, 8.8125], "texture": "#3"},
				"east": {"uv": [2.3125, 9.4375, 2.5, 8.8125], "texture": "#3"},
				"south": {"uv": [2.35625, 9.4375, 2.3125, 8.8125], "texture": "#3"},
				"west": {"uv": [2.5, 9.4375, 2.3125, 8.8125], "texture": "#3"},
				"up": {"uv": [2.3125, 9.3875, 2.5, 9.4375], "rotation": 270, "texture": "#3"},
				"down": {"uv": [2.3125, 8.8125, 2.49375, 8.85], "rotation": 90, "texture": "#3"}
			}
		},
		{
			"from": [7.58644, 11.06219, -0.04078],
			"to": [8.41675, 15.41644, 0.78953],
			"rotation": {"angle": 45, "axis": "x", "origin": [8, 6.8, 8]},
			"faces": {
				"north": {"uv": [2.5, 9.4375, 2.45, 8.8125], "texture": "#3"},
				"east": {"uv": [2.3125, 9.4375, 2.5, 8.8125], "texture": "#3"},
				"south": {"uv": [2.35625, 9.4375, 2.3125, 8.8125], "texture": "#3"},
				"west": {"uv": [2.5, 9.4375, 2.3125, 8.8125], "texture": "#3"},
				"up": {"uv": [2.3125, 9.3875, 2.5, 9.4375], "rotation": 270, "texture": "#3"},
				"down": {"uv": [2.3125, 8.8125, 2.49375, 8.85], "rotation": 90, "texture": "#3"}
			}
		},
		{
			"from": [7.68644, 16.76585, 12.65564],
			"to": [8.31675, 17.39616, 17.00988],
			"rotation": {"angle": -22.5, "axis": "x", "origin": [8, 6.8, 8]},
			"faces": {
				"north": {"uv": [2.3125, 8.8125, 2.49375, 8.85], "rotation": 270, "texture": "#3"},
				"east": {"uv": [2.3125, 9.4375, 2.5, 8.8125], "rotation": 270, "texture": "#3"},
				"south": {"uv": [2.3125, 9.3875, 2.5, 9.4375], "rotation": 270, "texture": "#3"},
				"west": {"uv": [2.5, 9.4375, 2.3125, 8.8125], "rotation": 90, "texture": "#3"},
				"up": {"uv": [2.5, 9.4375, 2.45, 8.8125], "rotation": 180, "texture": "#3"},
				"down": {"uv": [2.35625, 9.4375, 2.3125, 8.8125], "texture": "#3"}
			}
		},
		{
			"from": [7.48644, 0.50997, 8.76864],
			"to": [8.51675, 4.86422, 9.79895],
			"rotation": {"angle": 22.5, "axis": "x", "origin": [8, 9.2, 8]},
			"faces": {
				"north": {"uv": [2.5, 8.8125, 2.45, 9.4375], "texture": "#3"},
				"east": {"uv": [2.3125, 8.8125, 2.5, 9.4375], "texture": "#3"},
				"south": {"uv": [2.35625, 8.8125, 2.3125, 9.4375], "texture": "#3"},
				"west": {"uv": [2.5, 8.8125, 2.3125, 9.4375], "texture": "#3"},
				"up": {"uv": [2.49375, 8.8125, 2.3125, 8.85], "rotation": 90, "texture": "#3"},
				"down": {"uv": [2.5, 9.3875, 2.3125, 9.4375], "rotation": 270, "texture": "#3"}
			}
		},
		{
			"from": [7.58644, 0.58356, -0.04078],
			"to": [8.41675, 4.93781, 0.78953],
			"rotation": {"angle": -45, "axis": "x", "origin": [8, 9.2, 8]},
			"faces": {
				"north": {"uv": [2.5, 8.8125, 2.45, 9.4375], "texture": "#3"},
				"east": {"uv": [2.3125, 8.8125, 2.5, 9.4375], "texture": "#3"},
				"south": {"uv": [2.35625, 8.8125, 2.3125, 9.4375], "texture": "#3"},
				"west": {"uv": [2.5, 8.8125, 2.3125, 9.4375], "texture": "#3"},
				"up": {"uv": [2.49375, 8.8125, 2.3125, 8.85], "rotation": 90, "texture": "#3"},
				"down": {"uv": [2.5, 9.3875, 2.3125, 9.4375], "rotation": 270, "texture": "#3"}
			}
		},
		{
			"from": [7.68644, -1.39616, 12.65564],
			"to": [8.31675, -0.76585, 17.00988],
			"rotation": {"angle": 22.5, "axis": "x", "origin": [8, 9.2, 8]},
			"faces": {
				"north": {"uv": [2.49375, 8.8125, 2.3125, 8.85], "rotation": 270, "texture": "#3"},
				"east": {"uv": [2.5, 9.4375, 2.3125, 8.8125], "rotation": 270, "texture": "#3"},
				"south": {"uv": [2.5, 9.3875, 2.3125, 9.4375], "rotation": 270, "texture": "#3"},
				"west": {"uv": [2.3125, 9.4375, 2.5, 8.8125], "rotation": 90, "texture": "#3"},
				"up": {"uv": [2.35625, 8.8125, 2.3125, 9.4375], "texture": "#3"},
				"down": {"uv": [2.5, 8.8125, 2.45, 9.4375], "rotation": 180, "texture": "#3"}
			}
		},
		{
			"from": [7.63015, -4.80666, 6.71869],
			"to": [8.37304, -4.06376, 7.46158],
			"rotation": {"angle": -22.5, "axis": "x", "origin": [8, 9.2, 8]},
			"faces": {
				"north": {"uv": [0.03125, 8, 0, 8.25], "texture": "#3"},
				"east": {"uv": [0, 8, 0.25, 8.25], "rotation": 90, "texture": "#3"},
				"south": {"uv": [0.24375, 8, 0.2125, 8.25], "texture": "#3"},
				"west": {"uv": [0.25, 8, 0, 8.25], "rotation": 270, "texture": "#3"},
				"up": {"uv": [0, 8.25, 0.03125, 8], "rotation": 180, "texture": "#3"},
				"down": {"uv": [0.2125, 8.25, 0.24375, 8], "texture": "#3"}
			}
		},
		{
			"from": [7.45535, 0.05828, 5.30612],
			"to": [8.54784, 1.15078, 6.39861],
			"rotation": {"angle": 0, "axis": "y", "origin": [8, 9.2, 8]},
			"faces": {
				"north": {"uv": [0.03125, 8, 0, 8.25], "texture": "#3"},
				"east": {"uv": [0, 8, 0.25, 8.25], "rotation": 90, "texture": "#3"},
				"south": {"uv": [0.24375, 8, 0.2125, 8.25], "texture": "#3"},
				"west": {"uv": [0.25, 8, 0, 8.25], "rotation": 270, "texture": "#3"},
				"up": {"uv": [0, 8.25, 0.03125, 8], "rotation": 180, "texture": "#3"},
				"down": {"uv": [0.2125, 8.25, 0.24375, 8], "texture": "#3"}
			}
		}
	],
	"gui_light": "front",
	"display": {
		"thirdperson_righthand": {
			"rotation": [1.5, 0, 0],
			"translation": [0, -2, 1.25]
		},
		"thirdperson_lefthand": {
			"rotation": [1.5, 0, 0],
			"translation": [0, -2, 1.25]
		},
		"firstperson_righthand": {
			"translation": [3.5, 6.25, -1.25],
			"scale": [0.71, 0.71, 0.71]
		},
		"firstperson_lefthand": {
			"translation": [3.5, 6.25, -1.25],
			"scale": [0.71, 0.71, 0.71]
		},
		"ground": {
			"rotation": [0, 0, 14],
			"translation": [0, 2.5, 0],
			"scale": [0.48, 0.47, 0.47]
		},
		"gui": {
			"rotation": [90, 48, -88],
			"translation": [-1.5, 1.5, 0],
			"scale": [0.67211, 0.67211, 0.67211]
		},
		"fixed": {
			"rotation": [0, 90, 0],
			"translation": [-0.75, -0.25, -2.75],
			"scale": [2.05859, 2.05859, 2.05859]
		}
	},
	"groups": [
		{
			"name": "axe",
			"origin": [7.99653, 4.15711, 7.26138],
			"color": 0,
			"nbt": "{}",
			"armAnimationEnabled": false,
			"children": [
				0,
				1,
				2,
				3,
				4,
				5,
				6,
				7,
				8,
				9,
				10,
				11,
				12,
				13,
				14,
				{
					"name": "group",
					"origin": [7.98053, 12.98637, 8.49635],
					"color": 0,
					"nbt": "{}",
					"armAnimationEnabled": false,
					"children": [15, 16, 17, 18, 19, 20, 21, 22, 23, 24, 25, 26]
				},
				{
					"name": "group",
					"origin": [7.99553, 0.73169, 7.26138],
					"color": 0,
					"nbt": "{}",
					"armAnimationEnabled": false,
					"children": []
				}
			]
		}
	]
}