{"credit":"Made with Blockbench","texture_size":[32,32],"textures":{"0":"rainforestset:rainforestset/rainforest_hoe","particle":"rainforestset:rainforestset/rainforest_hoe"},"elements":[{"from":[7.35188,-1.38611,13.54833],"to":[8.65188,-0.08611,14.84833],"rotation":{"angle":45,"axis":"x","origin":[8.00188,5.46222,8]},"faces":{"north":{"uv":[0,0,0.0625,0.5],"texture":"#0"},"east":{"uv":[0.5,0,0,0.5],"texture":"#0"},"south":{"uv":[0.425,0,0.4875,0.5],"texture":"#0"},"west":{"uv":[0,0,0.5,0.5],"texture":"#0"},"up":{"uv":[0,0,0.0625,0.5],"texture":"#0"},"down":{"uv":[0.425,0,0.4875,0.5],"rotation":180,"texture":"#0"}}},{"from":[7.35188,2.43798,7.35],"to":[8.65188,3.73798,8.65],"rotation":{"angle":0,"axis":"y","origin":[8.00188,6.67222,8]},"faces":{"north":{"uv":[4.625,0.875,5.125,1.375],"texture":"#0"},"east":{"uv":[4.625,0.875,5.125,1.375],"texture":"#0"},"south":{"uv":[4.625,0.875,5.125,1.375],"texture":"#0"},"west":{"uv":[4.625,0.875,5.125,1.375],"texture":"#0"},"up":{"uv":[0,0,1,1],"texture":"#missing"},"down":{"uv":[4.625,1.3625,5.125,1.3125],"rotation":90,"texture":"#0"}}},{"from":[7.02688,4.08202,8.6402],"to":[8.97688,6.03202,10.5902],"rotation":{"angle":45,"axis":"x","origin":[8.00188,6.67222,8]},"faces":{"north":{"uv":[5.2625,0,5.375,0.75],"texture":"#0"},"east":{"uv":[5.375,0,4.625,0.75],"texture":"#0"},"south":{"uv":[4.625,0,4.7375,0.75],"texture":"#0"},"west":{"uv":[4.625,0,5.375,0.75],"texture":"#0"},"up":{"uv":[5.2625,0,5.375,0.75],"texture":"#0"},"down":{"uv":[4.625,0,4.7375,0.75],"texture":"#0"}}},{"from":[7.48188,-1.37202,7.48],"to":[8.52188,3.56798,8.52],"rotation":{"angle":0,"axis":"y","origin":[8.00188,7.67222,8]},"faces":{"north":{"uv":[4.625,1.575,4.7125,2.875],"texture":"#0"},"east":{"uv":[5,1.575,4.625,2.875],"texture":"#0"},"south":{"uv":[4.9,1.575,5,2.875],"texture":"#0"},"west":{"uv":[4.625,1.575,5,2.875],"texture":"#0"},"up":{"uv":[0,0,0.4,0.4],"texture":"#missing"},"down":{"uv":[4.625,1.3625,5.125,1.3125],"rotation":90,"texture":"#0"}}},{"from":[7.39998,14.05924,4.57679],"to":[8.60638,15.35264,9.20519],"rotation":{"angle":0,"axis":"y","origin":[8.00318,15.09744,6.04999]},"faces":{"north":{"uv":[3.475,0,3.55,0.4],"texture":"#0"},"east":{"uv":[4.625,0,3.475,0.4],"texture":"#0"},"south":{"uv":[4.5625,0,4.625,0.4],"texture":"#0"},"west":{"uv":[3.475,0,4.625,0.4],"texture":"#0"},"up":{"uv":[3.475,0,4.625,0.075],"rotation":90,"texture":"#0"},"down":{"uv":[3.475,0.2875,4.625,0.35312],"rotation":270,"texture":"#0"}}},{"from":[6.87218,15.26059,8.74263],"to":[9.13418,17.52259,11.00463],"rotation":{"angle":45,"axis":"x","origin":[8.00318,18.26523,8]},"faces":{"north":{"uv":[5.2625,0,5.375,0.75],"texture":"#0"},"east":{"uv":[5.375,0,4.625,0.75],"texture":"#0"},"south":{"uv":[4.625,0,4.7375,0.75],"texture":"#0"},"west":{"uv":[4.625,0,5.375,0.75],"texture":"#0"},"up":{"uv":[5.2625,0,5.375,0.75],"texture":"#0"},"down":{"uv":[4.625,0,4.7375,0.75],"texture":"#0"}}},{"from":[7.35188,1.06646,12.81],"to":[8.65188,2.36646,14.11],"rotation":{"angle":-45,"axis":"x","origin":[8.00188,-2.09354,8]},"faces":{"north":{"uv":[0,0.65,0.5,0.625],"rotation":90,"texture":"#0"},"east":{"uv":[0,0.625,0.5,1.125],"rotation":90,"texture":"#0"},"south":{"uv":[0,1.1,0.5,1.0375],"rotation":90,"texture":"#0"},"west":{"uv":[0,1.125,0.5,0.625],"rotation":90,"texture":"#0"},"up":{"uv":[0,1.125,0.1125,0.625],"rotation":180,"texture":"#0"},"down":{"uv":[0.4,1.125,0.4875,0.625],"texture":"#0"}}},{"from":[7.24918,14.34029,3.84199],"to":[8.75718,15.84829,5.34999],"rotation":{"angle":45,"axis":"x","origin":[8.00318,15.09429,4.59599]},"faces":{"north":{"uv":[0,0.625,0.5,0.65],"rotation":270,"texture":"#0"},"east":{"uv":[0,1.125,0.5,0.625],"rotation":270,"texture":"#0"},"south":{"uv":[0,1.0375,0.5,1.1],"rotation":270,"texture":"#0"},"west":{"uv":[0,0.625,0.5,1.125],"rotation":270,"texture":"#0"},"up":{"uv":[0.4,0.625,0.4875,1.125],"texture":"#0"},"down":{"uv":[0,0.625,0.1125,1.125],"rotation":180,"texture":"#0"}}},{"from":[7.35188,1.06646,1.89],"to":[8.65188,2.36646,3.19],"rotation":{"angle":45,"axis":"x","origin":[8.00188,-2.09354,8]},"faces":{"north":{"uv":[0,1.0375,0.5,1.1],"rotation":90,"texture":"#0"},"east":{"uv":[0,1.125,0.5,0.625],"rotation":90,"texture":"#0"},"south":{"uv":[0,0.625,0.5,0.65],"rotation":90,"texture":"#0"},"west":{"uv":[0,0.625,0.5,1.125],"rotation":90,"texture":"#0"},"up":{"uv":[0,0.625,0.1125,1.125],"rotation":180,"texture":"#0"},"down":{"uv":[0.4,0.625,0.4875,1.125],"texture":"#0"}}},{"from":[7.35188,-2.39354,7.35],"to":[8.65188,-1.09354,8.65],"rotation":{"angle":0,"axis":"y","origin":[8.00188,6.37222,8]},"faces":{"north":{"uv":[4.625,1.375,5.125,0.875],"texture":"#0"},"east":{"uv":[4.625,1.375,5.125,0.875],"texture":"#0"},"south":{"uv":[4.625,1.375,5.125,0.875],"texture":"#0"},"west":{"uv":[4.625,1.375,5.125,0.875],"texture":"#0"},"up":{"uv":[5.125,1.3625,4.625,1.3125],"rotation":90,"texture":"#0"},"down":{"uv":[5.125,0.875,4.625,0.9625],"rotation":90,"texture":"#0"}}},{"from":[8.00188,-6.91104,2.93],"to":[8.00188,-1.58104,8],"rotation":{"angle":0,"axis":"y","origin":[8.00188,-1.09354,8]},"faces":{"north":{"uv":[0,0,0.0625,0.5],"texture":"#0"},"east":{"uv":[2.575,2.15,0.625,4.2],"texture":"#0"},"south":{"uv":[0.425,0,0.4875,0.5],"texture":"#0"},"west":{"uv":[0.625,2.15,2.575,4.2],"texture":"#0"},"up":{"uv":[0,0,0.0625,0.5],"texture":"#0"},"down":{"uv":[0.425,0,0.4875,0.5],"rotation":180,"texture":"#0"}}},{"from":[8.00188,-6.91104,8],"to":[8.00188,-1.58104,13.07],"rotation":{"angle":0,"axis":"y","origin":[8.00188,-1.09354,8]},"faces":{"north":{"uv":[0.4875,0,0.425,0.5],"texture":"#0"},"east":{"uv":[0.625,2.15,2.575,4.2],"texture":"#0"},"south":{"uv":[0.0625,0,0,0.5],"texture":"#0"},"west":{"uv":[2.575,2.15,0.625,4.2],"texture":"#0"},"up":{"uv":[0,0.5,0.0625,0],"texture":"#0"},"down":{"uv":[0.425,0.5,0.4875,0],"rotation":180,"texture":"#0"}}},{"from":[7.52926,6.24695,7.52576],"to":[8.47774,9.79751,8.47424],"rotation":{"angle":0,"axis":"y","origin":[8.0035,7.96826,8]},"faces":{"north":{"uv":[4.625,1.625,4.7125,2.875],"texture":"#0"},"east":{"uv":[5,1.625,4.625,2.875],"texture":"#0"},"south":{"uv":[4.9,1.625,5,2.875],"texture":"#0"},"west":{"uv":[4.625,1.625,5,2.875],"texture":"#0"},"up":{"uv":[4.625,1.625,4.9875,1.7],"rotation":90,"texture":"#0"},"down":{"uv":[4.625,1.625,5,1.7],"rotation":270,"texture":"#0"}}},{"from":[7.52926,2.69639,7.52576],"to":[8.47774,6.24695,8.47424],"rotation":{"angle":0,"axis":"y","origin":[8.0035,8.62565,8]},"faces":{"north":{"uv":[4.625,2.875,4.7125,1.625],"texture":"#0"},"east":{"uv":[5,2.875,4.625,1.625],"texture":"#0"},"south":{"uv":[4.9,2.875,5,1.625],"texture":"#0"},"west":{"uv":[4.625,2.875,5,1.625],"texture":"#0"},"up":{"uv":[5,1.625,4.625,1.7],"rotation":270,"texture":"#0"},"down":{"uv":[4.9875,1.625,4.625,1.7],"rotation":90,"texture":"#0"}}},{"from":[7.45494,13.41851,1.36329],"to":[8.55518,14.51875,4.55393],"rotation":{"angle":-22.5,"axis":"x","origin":[8.00506,14.66463,1.45061]},"faces":{"north":{"uv":[4.625,1.7,4.9875,1.625],"rotation":270,"texture":"#0"},"east":{"uv":[5,2.875,4.625,1.625],"rotation":90,"texture":"#0"},"south":{"uv":[4.625,1.7,4.9875,1.625],"rotation":270,"texture":"#0"},"west":{"uv":[4.625,2.875,5,1.625],"rotation":270,"texture":"#0"},"up":{"uv":[4.9,2.875,5,1.625],"texture":"#0"},"down":{"uv":[4.625,2.875,4.7125,1.625],"rotation":180,"texture":"#0"}}},{"from":[7.57094,11.33309,-0.1471],"to":[8.43918,12.02732,2.11555],"rotation":{"angle":-45,"axis":"x","origin":[8.00506,12.40521,-0.87178]},"faces":{"north":{"uv":[4.625,1.7,4.9875,1.625],"rotation":270,"texture":"#0"},"east":{"uv":[5,2.875,4.625,1.625],"rotation":90,"texture":"#0"},"south":{"uv":[4.625,1.7,4.9875,1.625],"rotation":270,"texture":"#0"},"west":{"uv":[4.625,2.875,5,1.625],"rotation":270,"texture":"#0"},"up":{"uv":[4.9,2.875,5,1.625],"texture":"#0"},"down":{"uv":[4.625,2.875,4.7125,1.625],"rotation":180,"texture":"#0"}}},{"from":[7.45594,8.89701,6.10319],"to":[8.55106,9.99213,7.19831],"rotation":{"angle":45,"axis":"x","origin":[8.0035,8.09532,8]},"faces":{"north":{"uv":[0,0,0.0625,0.5],"texture":"#0"},"east":{"uv":[0.5,0,0,0.5],"texture":"#0"},"south":{"uv":[0.425,0,0.4875,0.5],"texture":"#0"},"west":{"uv":[0,0,0.5,0.5],"texture":"#0"},"up":{"uv":[0,0,0.0625,0.5],"texture":"#0"},"down":{"uv":[0.425,0,0.4875,0.5],"rotation":180,"texture":"#0"}}},{"from":[7.36989,9.33124,13.0381],"to":[8.64023,10.60158,14.30844],"rotation":{"angle":-45,"axis":"x","origin":[8.00506,4.29314,8]},"faces":{"north":{"uv":[0,0.5,0.0625,0],"texture":"#0"},"east":{"uv":[0.5,0.5,0,0],"texture":"#0"},"south":{"uv":[0.425,0.5,0.4875,0],"texture":"#0"},"west":{"uv":[0,0.5,0.5,0],"texture":"#0"},"up":{"uv":[0.425,0.5,0.4875,0],"rotation":180,"texture":"#0"},"down":{"uv":[0,0.5,0.0625,0],"texture":"#0"}}},{"from":[7.45494,12.23428,7.44988],"to":[8.55518,16.35292,8.55012],"rotation":{"angle":0,"axis":"y","origin":[8.00506,3.86053,8]},"faces":{"north":{"uv":[4.625,2.875,4.7125,1.625],"texture":"#0"},"east":{"uv":[5,2.875,4.625,1.625],"texture":"#0"},"south":{"uv":[4.9,2.875,5,1.625],"texture":"#0"},"west":{"uv":[4.625,2.875,5,1.625],"texture":"#0"},"up":{"uv":[5,2.775,4.625,2.875],"rotation":270,"texture":"#0"},"down":{"uv":[4.9875,1.625,4.625,1.7],"rotation":90,"texture":"#0"}}},{"from":[7.62557,12.38602,7.33564],"to":[8.33931,15.23296,8.11633],"rotation":{"angle":22.5,"axis":"x","origin":[7.99918,11.14414,8.27837]},"faces":{"north":{"uv":[5,2.875,4.9,1.625],"texture":"#0"},"east":{"uv":[4.625,2.875,5,1.625],"texture":"#0"},"south":{"uv":[4.7125,2.875,4.625,1.625],"texture":"#0"},"west":{"uv":[5,2.875,4.625,1.625],"texture":"#0"},"up":{"uv":[4.625,2.775,5,2.875],"rotation":270,"texture":"#0"},"down":{"uv":[4.625,1.625,4.9875,1.7],"rotation":90,"texture":"#0"}}},{"from":[7.32557,13.42077,7.84609],"to":[7.83931,14.00147,9.89303],"rotation":{"angle":0,"axis":"y","origin":[7.58244,12.12836,9.0227]},"faces":{"north":{"uv":[4.625,1.625,4.9875,1.7],"rotation":270,"texture":"#0"},"east":{"uv":[4.625,2.875,5,1.625],"rotation":270,"texture":"#0"},"south":{"uv":[4.625,2.775,5,2.875],"rotation":270,"texture":"#0"},"west":{"uv":[5,2.875,4.625,1.625],"rotation":90,"texture":"#0"},"up":{"uv":[5,2.875,4.9,1.625],"rotation":180,"texture":"#0"},"down":{"uv":[4.7125,2.875,4.625,1.625],"texture":"#0"}}},{"from":[7.32557,11.95454,9.89303],"to":[7.83931,14.00147,10.47373],"rotation":{"angle":0,"axis":"y","origin":[7.58244,12.12836,9.0227]},"faces":{"north":{"uv":[4.7125,2.875,4.625,1.625],"rotation":180,"texture":"#0"},"east":{"uv":[4.625,2.875,5,1.625],"rotation":180,"texture":"#0"},"south":{"uv":[5,2.875,4.9,1.625],"rotation":180,"texture":"#0"},"west":{"uv":[5,2.875,4.625,1.625],"rotation":180,"texture":"#0"},"up":{"uv":[4.625,1.625,4.9875,1.7],"rotation":90,"texture":"#0"},"down":{"uv":[4.625,2.775,5,2.875],"rotation":270,"texture":"#0"}}},{"from":[7.37557,11.46249,8.74982],"to":[7.78931,11.94318,10.29675],"rotation":{"angle":-22.5,"axis":"x","origin":[7.58244,12.12836,9.0227]},"faces":{"north":{"uv":[4.625,2.775,5,2.875],"rotation":90,"texture":"#0"},"east":{"uv":[4.625,2.875,5,1.625],"rotation":90,"texture":"#0"},"south":{"uv":[4.625,1.625,4.9875,1.7],"rotation":90,"texture":"#0"},"west":{"uv":[5,2.875,4.625,1.625],"rotation":270,"texture":"#0"},"up":{"uv":[4.7125,2.875,4.625,1.625],"texture":"#0"},"down":{"uv":[5,2.875,4.9,1.625],"rotation":180,"texture":"#0"}}},{"from":[7.40057,9.30591,8.86646],"to":[7.76431,11.85285,9.32215],"rotation":{"angle":0,"axis":"y","origin":[7.58244,12.12836,9.0227]},"faces":{"north":{"uv":[4.7125,2.875,4.625,1.625],"rotation":180,"texture":"#0"},"east":{"uv":[4.625,2.875,5,1.625],"rotation":180,"texture":"#0"},"south":{"uv":[5,2.875,4.9,1.625],"rotation":180,"texture":"#0"},"west":{"uv":[5,2.875,4.625,1.625],"rotation":180,"texture":"#0"},"up":{"uv":[4.625,1.625,4.9875,1.7],"rotation":90,"texture":"#0"},"down":{"uv":[4.625,2.775,5,2.875],"rotation":270,"texture":"#0"}}},{"from":[8.16069,13.42077,7.84609],"to":[8.67443,14.00147,9.89303],"rotation":{"angle":0,"axis":"y","origin":[8.41756,12.12836,9.0227]},"faces":{"north":{"uv":[4.625,1.7,4.9875,1.625],"rotation":270,"texture":"#0"},"east":{"uv":[5,1.625,4.625,2.875],"rotation":90,"texture":"#0"},"south":{"uv":[4.625,2.875,5,2.775],"rotation":270,"texture":"#0"},"west":{"uv":[4.625,1.625,5,2.875],"rotation":270,"texture":"#0"},"up":{"uv":[4.9,2.875,5,1.625],"rotation":180,"texture":"#0"},"down":{"uv":[4.625,2.875,4.7125,1.625],"texture":"#0"}}},{"from":[8.21069,11.46249,8.74982],"to":[8.62443,11.94318,10.29675],"rotation":{"angle":-22.5,"axis":"x","origin":[8.41756,12.12836,9.0227]},"faces":{"north":{"uv":[4.625,2.875,5,2.775],"rotation":90,"texture":"#0"},"east":{"uv":[5,1.625,4.625,2.875],"rotation":270,"texture":"#0"},"south":{"uv":[4.625,1.7,4.9875,1.625],"rotation":90,"texture":"#0"},"west":{"uv":[4.625,1.625,5,2.875],"rotation":90,"texture":"#0"},"up":{"uv":[4.625,2.875,4.7125,1.625],"texture":"#0"},"down":{"uv":[4.9,2.875,5,1.625],"rotation":180,"texture":"#0"}}},{"from":[8.16069,11.95454,9.89303],"to":[8.67443,14.00147,10.47373],"rotation":{"angle":0,"axis":"y","origin":[8.41756,12.12836,9.0227]},"faces":{"north":{"uv":[4.625,2.875,4.7125,1.625],"rotation":180,"texture":"#0"},"east":{"uv":[4.625,2.875,5,1.625],"rotation":180,"texture":"#0"},"south":{"uv":[4.9,2.875,5,1.625],"rotation":180,"texture":"#0"},"west":{"uv":[5,2.875,4.625,1.625],"rotation":180,"texture":"#0"},"up":{"uv":[4.625,1.7,4.9875,1.625],"rotation":90,"texture":"#0"},"down":{"uv":[4.625,2.875,5,2.775],"rotation":270,"texture":"#0"}}},{"from":[8.23569,9.30591,8.86646],"to":[8.59943,11.85285,9.32215],"rotation":{"angle":0,"axis":"y","origin":[8.41756,12.12836,9.0227]},"faces":{"north":{"uv":[4.625,2.875,4.7125,1.625],"rotation":180,"texture":"#0"},"east":{"uv":[4.625,2.875,5,1.625],"rotation":180,"texture":"#0"},"south":{"uv":[4.9,2.875,5,1.625],"rotation":180,"texture":"#0"},"west":{"uv":[5,2.875,4.625,1.625],"rotation":180,"texture":"#0"},"up":{"uv":[4.625,1.7,4.9875,1.625],"rotation":90,"texture":"#0"},"down":{"uv":[4.625,2.875,5,2.775],"rotation":270,"texture":"#0"}}},{"from":[7.976,7.50469,0.302],"to":[7.976,15.26069,7.826],"rotation":{"angle":0,"axis":"y","origin":[8.001,-2.16831,8]},"faces":{"north":{"uv":[0,0,0.0625,0.5],"texture":"#0"},"east":{"uv":[3.762,12.122,0,16],"texture":"#0"},"south":{"uv":[0.425,0,0.4875,0.5],"texture":"#0"},"west":{"uv":[0,12.122,3.762,16],"texture":"#0"},"up":{"uv":[0,0,0.0625,0.5],"texture":"#0"},"down":{"uv":[0.425,0,0.4875,0.5],"rotation":180,"texture":"#0"}}},{"from":[8.149,10.50469,3.302],"to":[8.149,15.26069,7.826],"rotation":{"angle":0,"axis":"y","origin":[7.999,-2.16831,8]},"faces":{"north":{"uv":[0.0625,0,0,0.5],"texture":"#0"},"east":{"uv":[2.575,0,0.625,2.05],"texture":"#0"},"south":{"uv":[0.4875,0,0.425,0.5],"texture":"#0"},"west":{"uv":[0.625,0,2.575,2.05],"texture":"#0"},"up":{"uv":[0.0625,0,0,0.5],"texture":"#0"},"down":{"uv":[0.4875,0,0.425,0.5],"rotation":180,"texture":"#0"}}},{"from":[7.851,10.50469,3.302],"to":[7.851,15.26069,7.826],"rotation":{"angle":0,"axis":"y","origin":[8.001,-2.16831,8]},"faces":{"north":{"uv":[0,0,0.0625,0.5],"texture":"#0"},"east":{"uv":[2.575,0,0.625,2.05],"texture":"#0"},"south":{"uv":[0.425,0,0.4875,0.5],"texture":"#0"},"west":{"uv":[0.625,0,2.575,2.05],"texture":"#0"},"up":{"uv":[0,0,0.0625,0.5],"texture":"#0"},"down":{"uv":[0.425,0,0.4875,0.5],"rotation":180,"texture":"#0"}}}],"gui_light":"front","display":{"thirdperson_righthand":{"translation":[0,4.75,1.25]},"firstperson_righthand":{"rotation":[-12,0,0],"translation":[6.25,3.25,-2],"scale":[0.98953,0.98953,0.98953]},"firstperson_lefthand":{"rotation":[-12,0,0],"translation":[6.25,3.25,-2],"scale":[0.98953,0.98953,0.98953]},"ground":{"rotation":[0,0,35],"translation":[0,2,0],"scale":[0.43,0.43,0.43]},"gui":{"rotation":[83,47,-79],"translation":[1,0,0],"scale":[0.74211,0.74211,0.74211]},"fixed":{"rotation":[0,-85.5,0],"translation":[0,2.5,-2.75],"scale":[1.95313,1.95313,1.95313]}}}