{
	"credit": "Made with Blockbench",
	"texture_size": [128, 128],
	"textures": {
		"0": "elitecreatures:krampus_animated/krampus_texture",
		"1": "elitecreatures:krampus_animated/krampus_animation",
		"2": "elitecreatures:krampus_animated/krampus_animation2",
		"particle": "elitecreatures:krampus_animated/krampus_texture"
	},
	"elements": [
		{
			"from": [9, -7, 8],
			"to": [11, 17, 18],
			"rotation": {"angle": -22.5, "axis": "y", "origin": [11, 6, 8]},
			"faces": {
				"north": {"uv": [1.5, 13.8125, 1.25, 10.8125], "texture": "#0"},
				"east": {"uv": [1.25, 13.8125, 0, 10.8125], "texture": "#0"},
				"south": {"uv": [1.5, 13.8125, 1.25, 10.8125], "texture": "#0"},
				"west": {"uv": [0, 13.8125, 1.25, 10.8125], "texture": "#0"},
				"up": {"uv": [1.75, 10.3125, 1.5, 9.0625], "texture": "#0"},
				"down": {"uv": [1.75, 10.3125, 1.5, 9.0625], "texture": "#0"}
			}
		},
		{
			"from": [9, -7, -2],
			"to": [11, 17, 8],
			"rotation": {"angle": 22.5, "axis": "y", "origin": [11, 6, 8]},
			"faces": {
				"north": {"uv": [1.25, 10.8125, 1.5, 7.8125], "texture": "#0"},
				"east": {"uv": [0, 10.8125, 1.25, 7.8125], "texture": "#0"},
				"south": {"uv": [1.25, 10.8125, 1.5, 7.8125], "texture": "#0"},
				"west": {"uv": [1.25, 10.8125, 0, 7.8125], "texture": "#0"},
				"up": {"uv": [1.5, 9.0625, 1.75, 7.8125], "texture": "#0"},
				"down": {"uv": [1.5, 9.0625, 1.75, 7.8125], "texture": "#0"}
			}
		},
		{
			"from": [6.5, 10.5, 16.5],
			"to": [9.5, 11.5, 19.5],
			"rotation": {"angle": 0, "axis": "y", "origin": [8, 12.125, 18]},
			"faces": {
				"north": {"uv": [2.3125, 2.8125, 1.9375, 2.9375], "texture": "#0"},
				"east": {"uv": [2.3125, 2.6875, 1.9375, 2.8125], "texture": "#0"},
				"south": {"uv": [1.9375, 2.9375, 2.3125, 3.0625], "texture": "#0"},
				"west": {"uv": [1.9375, 2.6875, 2.3125, 2.8125], "texture": "#0"},
				"up": {"uv": [3.0625, 1.5625, 3.4375, 1.9375], "texture": "#0"},
				"down": {"uv": [3.4375, 1.5625, 3.8125, 1.9375], "texture": "#0"}
			}
		},
		{
			"from": [8, 11.5, 16],
			"to": [8, 15, 20],
			"rotation": {"angle": -45, "axis": "y", "origin": [8, 12.125, 18]},
			"faces": {
				"north": {"uv": [0, 0, 0, 0.4375], "texture": "#missing"},
				"east": {"uv": [5.0625, 0.875, 4.5625, 1.3125], "texture": "#0"},
				"south": {"uv": [0, 0, 0, 0.4375], "texture": "#missing"},
				"west": {"uv": [4.5625, 0.875, 5.0625, 1.3125], "texture": "#0"},
				"up": {"uv": [0, 0, 0, 0.5], "texture": "#missing"},
				"down": {"uv": [0, 0, 0, 0.5], "texture": "#missing"}
			}
		},
		{
			"from": [8, 11.5, 16],
			"to": [8, 15, 20],
			"rotation": {"angle": 45, "axis": "y", "origin": [8, 12.125, 18]},
			"faces": {
				"north": {"uv": [0, 0, 0, 0.4375], "texture": "#missing"},
				"east": {"uv": [5.0625, 0.875, 4.5625, 1.3125], "texture": "#0"},
				"south": {"uv": [0, 0, 0, 0.4375], "texture": "#missing"},
				"west": {"uv": [4.5625, 0.875, 5.0625, 1.3125], "texture": "#0"},
				"up": {"uv": [0, 0, 0, 0.5], "texture": "#missing"},
				"down": {"uv": [0, 0, 0, 0.5], "texture": "#missing"}
			}
		},
		{
			"from": [8, 6.5, -3],
			"to": [12, 10.5, 8],
			"rotation": {"angle": 22.5, "axis": "y", "origin": [11, 6, 8]},
			"faces": {
				"north": {"uv": [2.5625, 8.75, 3.0625, 8.25], "texture": "#0"},
				"east": {"uv": [3.1875, 8.25, 4.5625, 7.75], "texture": "#0"},
				"south": {"uv": [2.5625, 8.75, 3.0625, 8.25], "texture": "#0"},
				"west": {"uv": [4.5625, 8.25, 3.1875, 7.75], "texture": "#0"},
				"up": {"uv": [2.3125, 11.5, 2.8125, 10.125], "texture": "#0"},
				"down": {"uv": [2.5625, 10.125, 3.0625, 8.75], "texture": "#0"}
			}
		},
		{
			"from": [8, 6.45, 8],
			"to": [12, 10.45, 19],
			"rotation": {"angle": -22.5, "axis": "y", "origin": [11, 5.9, 8]},
			"faces": {
				"north": {"uv": [3.0625, 8.75, 2.5625, 8.25], "texture": "#0"},
				"east": {"uv": [4.5625, 8.25, 3.1875, 7.75], "texture": "#0"},
				"south": {"uv": [3.0625, 8.75, 2.5625, 8.25], "texture": "#0"},
				"west": {"uv": [3.1875, 8.25, 4.5625, 7.75], "texture": "#0"},
				"up": {"uv": [2.3125, 10.125, 2.8125, 11.5], "texture": "#0"},
				"down": {"uv": [2.5625, 8.75, 3.0625, 10.125], "texture": "#0"}
			}
		},
		{
			"from": [5, 17.4, -3.5],
			"to": [11.5, 20.9, 8],
			"rotation": {"angle": -22.5, "axis": "x", "origin": [8, 20.9, 8]},
			"faces": {
				"north": {"uv": [1.75, 8.25, 2.5625, 8.6875], "texture": "#0"},
				"east": {"uv": [1.75, 7.8125, 3.1875, 8.25], "texture": "#0"},
				"south": {"uv": [1.75, 8.25, 2.5625, 8.6875], "texture": "#0"},
				"west": {"uv": [3.1875, 7.8125, 1.75, 8.25], "texture": "#0"},
				"up": {"uv": [1.75, 8.6875, 2.5625, 10.125], "texture": "#0"},
				"down": {"uv": [1.5, 10.3125, 2.3125, 11.75], "texture": "#0"}
			}
		},
		{
			"from": [12.4, 17, 5],
			"to": [12.4, 28, 11],
			"rotation": {"angle": 0, "axis": "y", "origin": [12.4, 22, 8]},
			"faces": {
				"north": {"uv": [0, 0, 0, 8], "texture": "#missing"},
				"east": {"uv": [6, 0, 0, 11], "texture": "#1"},
				"south": {"uv": [0, 0, 0, 8], "texture": "#missing"},
				"west": {"uv": [0, 0, 6, 11], "texture": "#1"},
				"up": {"uv": [0, 6, 0, 0], "texture": "#missing"},
				"down": {"uv": [0, 0, 0, 6], "texture": "#missing"}
			}
		},
		{
			"from": [5, 17.4, 8],
			"to": [11.5, 20.9, 19.5],
			"rotation": {"angle": 22.5, "axis": "x", "origin": [8, 20.9, 8]},
			"faces": {
				"north": {"uv": [2.5625, 8.25, 1.75, 8.6875], "texture": "#0"},
				"east": {"uv": [3.1875, 7.8125, 1.75, 8.25], "texture": "#0"},
				"south": {"uv": [2.5625, 8.25, 1.75, 8.6875], "texture": "#0"},
				"west": {"uv": [1.75, 7.8125, 3.1875, 8.25], "texture": "#0"},
				"up": {"uv": [1.75, 10.125, 2.5625, 8.6875], "texture": "#0"},
				"down": {"uv": [1.5, 11.75, 2.3125, 10.3125], "texture": "#0"}
			}
		},
		{
			"from": [12, 7, 1],
			"to": [12, 11, 6],
			"rotation": {"angle": 0, "axis": "y", "origin": [12, 8, 5]},
			"faces": {
				"north": {"uv": [0, 0, 0, 0.5], "texture": "#missing"},
				"east": {"uv": [3.875, 0.8125, 4.5, 1.3125], "texture": "#0"},
				"south": {"uv": [0, 0, 0, 0.5], "texture": "#missing"},
				"west": {"uv": [4.5, 0.8125, 3.875, 1.3125], "texture": "#0"},
				"up": {"uv": [0, 0.625, 0, 0], "texture": "#missing"},
				"down": {"uv": [0, 0.625, 0, 0], "texture": "#missing"}
			}
		},
		{
			"from": [12, 7, 10],
			"to": [12, 11, 15],
			"rotation": {"angle": 0, "axis": "y", "origin": [12, 8, 11]},
			"faces": {
				"north": {"uv": [0, 0, 0, 0.5], "texture": "#missing"},
				"east": {"uv": [4.5, 0.8125, 3.875, 1.3125], "texture": "#0"},
				"south": {"uv": [0, 0, 0, 0.5], "texture": "#missing"},
				"west": {"uv": [3.875, 0.8125, 4.5, 1.3125], "texture": "#0"},
				"up": {"uv": [0, 0, 0, 0.625], "texture": "#missing"},
				"down": {"uv": [0, 0, 0, 0.625], "texture": "#missing"}
			}
		},
		{
			"from": [11.3, 5, 6],
			"to": [15.3, 9, 6],
			"rotation": {"angle": 22.5, "axis": "y", "origin": [13.3, 7, 6]},
			"faces": {
				"north": {"uv": [5.625, 0, 5.125, 0.5], "rotation": 90, "texture": "#0"},
				"east": {"uv": [0, 0, 0, 12], "texture": "#missing"},
				"south": {"uv": [5.125, 0, 5.625, 0.5], "rotation": 270, "texture": "#0"},
				"west": {"uv": [0, 0, 0, 12], "rotation": 180, "texture": "#missing"},
				"up": {"uv": [0, 12, 0, 0], "rotation": 90, "texture": "#missing"},
				"down": {"uv": [0, 12, 0, 0], "rotation": 90, "texture": "#missing"}
			}
		},
		{
			"from": [11.3, 5, 10],
			"to": [15.3, 9, 10],
			"rotation": {"angle": -22.5, "axis": "y", "origin": [13.3, 7, 10]},
			"faces": {
				"north": {"uv": [5.125, 0.5, 5.625, 0], "rotation": 270, "texture": "#0"},
				"east": {"uv": [0, 0, 0, 12], "texture": "#missing"},
				"south": {"uv": [5.625, 0.5, 5.125, 0], "rotation": 90, "texture": "#0"},
				"west": {"uv": [0, 0, 0, 12], "rotation": 180, "texture": "#missing"},
				"up": {"uv": [0, 12, 0, 0], "rotation": 90, "texture": "#missing"},
				"down": {"uv": [0, 12, 0, 0], "rotation": 90, "texture": "#missing"}
			}
		},
		{
			"from": [9, 6.5, 5],
			"to": [13, 11.5, 10],
			"rotation": {"angle": -45, "axis": "x", "origin": [11, 9.5, 8]},
			"faces": {
				"north": {"uv": [0, 1.125, 0.625, 0.625], "rotation": 90, "texture": "#0"},
				"east": {"uv": [0, 0.625, 0.625, 0], "rotation": 90, "texture": "#0"},
				"south": {"uv": [0, 1.625, 0.625, 1.125], "rotation": 90, "texture": "#0"},
				"west": {"uv": [0, 0, 0.625, 0.625], "rotation": 90, "texture": "#0"},
				"up": {"uv": [0.625, 1.625, 0, 1.125], "rotation": 90, "texture": "#0"},
				"down": {"uv": [0, 1.125, 0.625, 0.625], "rotation": 90, "texture": "#0"}
			}
		},
		{
			"from": [13.1, 6.5, 5],
			"to": [13.1, 11.5, 10],
			"rotation": {"angle": -45, "axis": "x", "origin": [11.1, 9.5, 8]},
			"faces": {
				"north": {"uv": [0, 0, 0, 10], "texture": "#missing"},
				"east": {"uv": [10, 0, 0, 10], "texture": "#2"},
				"south": {"uv": [0, 0, 0, 10], "texture": "#missing"},
				"west": {"uv": [10, 0, 0, 10], "texture": "#2"},
				"up": {"uv": [0, 10, 0, 0], "texture": "#missing"},
				"down": {"uv": [0, 0, 0, 10], "texture": "#missing"}
			}
		},
		{
			"from": [9.5, 7.5, 1.5],
			"to": [12.5, 10.5, 6.5],
			"rotation": {"angle": 45, "axis": "x", "origin": [10.5, 10, 8.5]},
			"faces": {
				"north": {"uv": [0.625, 0.625, 1, 1], "rotation": 90, "texture": "#0"},
				"east": {"uv": [0.625, 0, 1, 0.625], "rotation": 90, "texture": "#0"},
				"south": {"uv": [1.75, 3.1875, 2.375, 3.6875], "rotation": 90, "texture": "#0"},
				"west": {"uv": [0.625, 0.625, 1, 0], "rotation": 90, "texture": "#0"},
				"up": {"uv": [1, 0.375, 1.625, 0.75], "rotation": 90, "texture": "#0"},
				"down": {"uv": [1, 0, 1.625, 0.375], "rotation": 90, "texture": "#0"}
			}
		},
		{
			"from": [9.75, 13, 3.5],
			"to": [12.25, 18, 6],
			"rotation": {"angle": 22.5, "axis": "x", "origin": [10.7, 15.5, 5]},
			"faces": {
				"north": {"uv": [0.9375, 1, 1.25, 1.625], "texture": "#0"},
				"east": {"uv": [0.625, 1, 0.9375, 1.625], "texture": "#0"},
				"south": {"uv": [1.25, 1, 1.5625, 1.625], "texture": "#0"},
				"west": {"uv": [0.9375, 1, 0.625, 1.625], "texture": "#0"},
				"up": {"uv": [1.625, 0, 1.9375, 0.3125], "texture": "#0"},
				"down": {"uv": [1.625, 0, 1.9375, 0.3125], "texture": "#0"}
			}
		},
		{
			"from": [12, 17, 2.1],
			"to": [12, 23, 6.1],
			"rotation": {"angle": -22.5, "axis": "y", "origin": [11.7, 19.5, 4.6]},
			"faces": {
				"north": {"uv": [0.9375, 1, 1.25, 1.625], "texture": "#0"},
				"east": {"uv": [4.5625, 0, 5.0625, 0.75], "texture": "#0"},
				"south": {"uv": [1.25, 1, 1.5625, 1.625], "texture": "#0"},
				"west": {"uv": [5.0625, 0, 4.5625, 0.75], "texture": "#0"},
				"up": {"uv": [1.625, 0, 1.9375, 0.3125], "texture": "#0"},
				"down": {"uv": [1.625, 0, 1.9375, 0.3125], "texture": "#0"}
			}
		},
		{
			"from": [9.5, 7.5, 9.5],
			"to": [12.5, 10.5, 14.5],
			"rotation": {"angle": -45, "axis": "x", "origin": [10.5, 10, 7.5]},
			"faces": {
				"north": {"uv": [1.75, 3.6875, 2.375, 3.1875], "rotation": 90, "texture": "#0"},
				"east": {"uv": [0.625, 0.625, 1, 0], "rotation": 90, "texture": "#0"},
				"south": {"uv": [0.625, 1, 1, 0.625], "rotation": 90, "texture": "#0"},
				"west": {"uv": [0.625, 0, 1, 0.625], "rotation": 90, "texture": "#0"},
				"up": {"uv": [1.625, 0.375, 1, 0.75], "rotation": 90, "texture": "#0"},
				"down": {"uv": [1.625, 0, 1, 0.375], "rotation": 90, "texture": "#0"}
			}
		},
		{
			"from": [9.75, 13, 10],
			"to": [12.25, 18, 12.5],
			"rotation": {"angle": -22.5, "axis": "x", "origin": [10.7, 15.5, 11]},
			"faces": {
				"north": {"uv": [1.5625, 1, 1.25, 1.625], "texture": "#0"},
				"east": {"uv": [0.9375, 1, 0.625, 1.625], "texture": "#0"},
				"south": {"uv": [1.25, 1, 0.9375, 1.625], "texture": "#0"},
				"west": {"uv": [0.625, 1, 0.9375, 1.625], "texture": "#0"},
				"up": {"uv": [1.625, 0.3125, 1.9375, 0], "texture": "#0"},
				"down": {"uv": [1.625, 0.3125, 1.9375, 0], "texture": "#0"}
			}
		},
		{
			"from": [12, 17, 9.9],
			"to": [12, 23, 13.9],
			"rotation": {"angle": 22.5, "axis": "y", "origin": [11.7, 19.5, 11.4]},
			"faces": {
				"north": {"uv": [1.5625, 1, 1.25, 1.625], "texture": "#0"},
				"east": {"uv": [5.0625, 0, 4.5625, 0.75], "texture": "#0"},
				"south": {"uv": [1.25, 1, 0.9375, 1.625], "texture": "#0"},
				"west": {"uv": [4.5625, 0, 5.0625, 0.75], "texture": "#0"},
				"up": {"uv": [1.625, 0.3125, 1.9375, 0], "texture": "#0"},
				"down": {"uv": [1.625, 0.3125, 1.9375, 0], "texture": "#0"}
			}
		},
		{
			"from": [4.5, 17.6, 6.5],
			"to": [12, 21.6, 10.5],
			"rotation": {"angle": -45, "axis": "x", "origin": [11, 19.1, 8]},
			"faces": {
				"north": {"uv": [3.0625, 8.75, 4, 9.25], "texture": "#0"},
				"east": {"uv": [3.0625, 8.25, 3.5625, 8.75], "texture": "#0"},
				"south": {"uv": [3.5625, 8.25, 4.5, 8.75], "texture": "#0"},
				"west": {"uv": [3.5625, 8.25, 3.0625, 8.75], "texture": "#0"},
				"up": {"uv": [3.5625, 8.75, 4.5, 8.25], "texture": "#0"},
				"down": {"uv": [3.0625, 8.75, 4, 9.25], "texture": "#0"}
			}
		},
		{
			"from": [1.55, 13, 6.75],
			"to": [4.05, 15.5, 9.25],
			"rotation": {"angle": 45, "axis": "y", "origin": [2.8, 9.5, 8]},
			"faces": {
				"north": {"uv": [2.8125, 2.5625, 2.5, 2.25], "texture": "#0"},
				"east": {"uv": [2.5, 2.5625, 2.8125, 2.25], "texture": "#0"},
				"south": {"uv": [2.8125, 2.5625, 2.5, 2.25], "texture": "#0"},
				"west": {"uv": [2.5, 2.5625, 2.8125, 2.25], "texture": "#0"},
				"up": {"uv": [2.8125, 2.875, 2.5, 2.5625], "texture": "#0"},
				"down": {"uv": [2.8125, 2.875, 2.5, 2.5625], "texture": "#0"}
			}
		},
		{
			"from": [1.8, 5, 7],
			"to": [3.8, 14, 9],
			"rotation": {"angle": 45, "axis": "y", "origin": [2.8, 9, 8]},
			"faces": {
				"north": {"uv": [3.3125, 0, 3.0625, 1.125], "texture": "#0"},
				"east": {"uv": [3.0625, 0, 3.3125, 1.125], "texture": "#0"},
				"south": {"uv": [3.3125, 0, 3.0625, 1.125], "texture": "#0"},
				"west": {"uv": [3.0625, 0, 3.3125, 1.125], "texture": "#0"},
				"up": {"uv": [4.125, 0, 3.875, 0.25], "texture": "#0"},
				"down": {"uv": [4.125, 0, 3.875, 0.25], "texture": "#0"}
			}
		},
		{
			"from": [2.8, 13, 7],
			"to": [9.8, 15, 9],
			"rotation": {"angle": 45, "axis": "x", "origin": [7.8, 14, 8]},
			"faces": {
				"north": {"uv": [3.0625, 0, 3.3125, 0.875], "rotation": 90, "texture": "#0"},
				"east": {"uv": [4.125, 0, 3.875, 0.25], "texture": "#0"},
				"south": {"uv": [3.0625, 0, 3.3125, 0.875], "rotation": 270, "texture": "#0"},
				"west": {"uv": [4.125, 0, 3.875, 0.25], "rotation": 180, "texture": "#0"},
				"up": {"uv": [3.3125, 0, 3.0625, 0.875], "rotation": 270, "texture": "#0"},
				"down": {"uv": [3.3125, 0, 3.0625, 0.875], "rotation": 270, "texture": "#0"}
			}
		},
		{
			"from": [0.75, 3, 6.5],
			"to": [4.75, 6, 10.5],
			"rotation": {"angle": -22.5, "axis": "x", "origin": [2.75, 4.5, 8.5]},
			"faces": {
				"north": {"uv": [3.8125, 0.75, 3.3125, 0.375], "texture": "#0"},
				"east": {"uv": [3.8125, 0.375, 3.3125, 0], "texture": "#0"},
				"south": {"uv": [3.8125, 0.75, 3.3125, 0.375], "texture": "#0"},
				"west": {"uv": [3.8125, 0.375, 3.3125, 0], "texture": "#0"},
				"up": {"uv": [3.8125, 1.25, 3.3125, 0.75], "texture": "#0"},
				"down": {"uv": [3.8125, 1.25, 3.3125, 0.75], "texture": "#0"}
			}
		},
		{
			"from": [2.75, 5, 10],
			"to": [2.75, 9.5, 16],
			"rotation": {"angle": 45, "axis": "x", "origin": [2.75, 7, 4.5]},
			"faces": {
				"north": {"uv": [3.8125, 1.25, 3.3125, 0.75], "rotation": 180, "texture": "#0"},
				"east": {"uv": [4.4375, 0, 3.875, 0.75], "rotation": 270, "texture": "#0"},
				"south": {"uv": [3.8125, 1.25, 3.3125, 0.75], "texture": "#0"},
				"west": {"uv": [4.4375, 0.75, 3.875, 0], "rotation": 270, "texture": "#0"},
				"up": {"uv": [3.8125, 0.75, 3.3125, 0.375], "texture": "#0"},
				"down": {"uv": [3.8125, 0.75, 3.3125, 0.375], "rotation": 180, "texture": "#0"}
			}
		}
	],
	"gui_light": "front",
	"display": {
		"thirdperson_righthand": {
			"rotation": [45, 55, 0],
			"translation": [2.5, 1.25, -2],
			"scale": [0.7, 0.7, 0.7]
		},
		"thirdperson_lefthand": {
			"rotation": [45, -120, 0],
			"translation": [1.75, 1.25, -2],
			"scale": [0.7, 0.7, 0.7]
		},
		"firstperson_righthand": {
			"rotation": [17, 102, 0],
			"translation": [-6, 1, 1.75],
			"scale": [0.6, 0.6, 0.6]
		},
		"firstperson_lefthand": {
			"rotation": [16, -84, 0],
			"translation": [-6, 1.25, 1.5],
			"scale": [0.6, 0.6, 0.6]
		},
		"ground": {
			"rotation": [0, 0, 75],
			"translation": [0, -0.75, 0],
			"scale": [0.6, 0.6, 0.6]
		},
		"gui": {
			"rotation": [6, -122, 18],
			"translation": [-0.25, 0.75, -1.5],
			"scale": [0.61328, 0.61328, 0.61328]
		},
		"head": {
			"rotation": [-180, 0, 0],
			"translation": [0, 15.5, 0],
			"scale": [0.6, 0.6, 0.6]
		},
		"fixed": {
			"rotation": [90, 90, -90],
			"translation": [0, 2.5, -5.25],
			"scale": [1.6, 1.6, 1.6]
		}
	}
}