{"credit":"Made by samus2002","texture_size":[32,32],"textures":{"2":"rpg_essentials_1:rpg_essentials_1_texture/rune_fire","particle":"rpg_essentials_1:rpg_essentials_1_texture/rune_fire"},"elements":[{"from":[5,6.5,4],"to":[11,9.5,12],"rotation":{"angle":0,"axis":"y","origin":[8,8,8]},"faces":{"north":{"uv":[7,4,10,5.5],"texture":"#2"},"east":{"uv":[7,0,11,1.5],"texture":"#2"},"south":{"uv":[7,6,10,7.5],"texture":"#2"},"west":{"uv":[7,2,11,3.5],"texture":"#2"},"up":{"uv":[3,8.5,0,4.5],"texture":"#2"},"down":{"uv":[6.5,4.5,3.5,8.5],"texture":"#2"}}},{"from":[5,9.525,4],"to":[11,9.525,12],"rotation":{"angle":0,"axis":"y","origin":[8,8,8.5]},"faces":{"north":{"uv":[3,9,0,9],"texture":"#2"},"east":{"uv":[11,8.5,7,8.5],"texture":"#2"},"south":{"uv":[10,8,7,8],"texture":"#2"},"west":{"uv":[7.5,9,3.5,9],"texture":"#2"},"up":{"uv":[3,0,0,4],"texture":"#2"},"down":{"uv":[3,4,0,0],"texture":"#2"}}},{"from":[5,6.475,4],"to":[11,6.475,12],"rotation":{"angle":0,"axis":"y","origin":[8,8,8.5]},"faces":{"north":{"uv":[0,9,3,9],"texture":"#2"},"east":{"uv":[3.5,9,7.5,9],"texture":"#2"},"south":{"uv":[7,8,10,8],"texture":"#2"},"west":{"uv":[7,8.5,11,8.5],"texture":"#2"},"up":{"uv":[0,0,3,4],"texture":"#2"},"down":{"uv":[0,4,3,0],"texture":"#2"}}}],"gui_light":"front","display":{"thirdperson_righthand":{"rotation":[90,0,0],"translation":[0,1.5,2],"scale":[0.9,0.9,0.9]},"thirdperson_lefthand":{"rotation":[90,0,0],"translation":[0,1.5,2],"scale":[0.9,0.9,0.9]},"firstperson_righthand":{"rotation":[73,0,0],"translation":[3,1.75,-1]},"firstperson_lefthand":{"rotation":[73,0,0],"translation":[3,1.75,-1]},"gui":{"rotation":[110,0,29],"scale":[1.2,1.2,1.2]},"fixed":{"rotation":[90,0,0],"translation":[0,0,0.5],"scale":[1.2,1.2,1.2]}}}