{
	"credit": "by w11shes",
	"texture_size": [32, 32],
	"textures": {
		"0": "elitecreatures:minotaur_assortment/helmet",
		"particle": "elitecreatures:minotaur_assortment/helmet"
	},
	"elements": [
		{
			"from": [3, 2, 3],
			"to": [13, 5, 13],
			"rotation": {"angle": 22.5, "axis": "x", "origin": [0, 2, 0]},
			"faces": {
				"north": {"uv": [7.5, 6, 12.5, 7.5], "texture": "#0"},
				"east": {"uv": [13, 0, 8, 1.5], "texture": "#0"},
				"south": {"uv": [7.5, 7.5, 12.5, 9], "texture": "#0"},
				"west": {"uv": [8, 0, 13, 1.5], "texture": "#0"},
				"up": {"uv": [5, 5, 0, 0], "texture": "#0"},
				"down": {"uv": [5, 5, 0, 10], "texture": "#0"}
			}
		},
		{
			"from": [12, -3.41904, 10.32535],
			"to": [4, -6.41904, 2.32535],
			"rotation": {"angle": 22.5, "axis": "x", "origin": [9, -6.41904, 20.32535]},
			"faces": {
				"north": {"uv": [8, 9, 12, 7.5], "texture": "#0"},
				"east": {"uv": [8.5, 1.5, 12.5, 0], "texture": "#0"},
				"south": {"uv": [8, 7.5, 12, 6], "texture": "#0"},
				"west": {"uv": [12.5, 1.5, 8.5, 0], "texture": "#0"}
			}
		},
		{
			"from": [5, 0, 1.9],
			"to": [11, 6, 4.9],
			"rotation": {"angle": 45, "axis": "z", "origin": [8, 3, 2]},
			"faces": {
				"north": {"uv": [5, 0, 8, 3], "texture": "#0"},
				"east": {"uv": [2, 11.5, 3.5, 14.5], "texture": "#0"},
				"south": {"uv": [5, 3, 8, 6], "texture": "#0"},
				"west": {"uv": [3.5, 11.5, 5, 14.5], "texture": "#0"},
				"up": {"uv": [14.5, 5.5, 11.5, 4], "texture": "#0"},
				"down": {"uv": [8, 11.5, 5, 13], "texture": "#0"}
			}
		},
		{
			"from": [2.5, -3.05, 3.7],
			"to": [3.5, 1.95, 7.7],
			"rotation": {"angle": -22.5, "axis": "z", "origin": [0, 0, 0]},
			"faces": {
				"north": {"uv": [10, 9, 10.5, 11.5], "texture": "#0"},
				"east": {"uv": [10, 9, 12, 11.5], "texture": "#0"},
				"south": {"uv": [11.5, 9, 12, 11.5], "texture": "#0"},
				"west": {"uv": [10, 9, 12, 11.5], "texture": "#0"},
				"down": {"uv": [10, 11, 12, 11.5], "rotation": 90, "texture": "#0"}
			}
		},
		{
			"from": [3, -3.05, -0.3],
			"to": [3.05, 0.95, 3.7],
			"rotation": {"angle": -22.5, "axis": "z", "origin": [0, 0, 0]},
			"faces": {
				"east": {"uv": [10, 11.5, 8, 13.5], "texture": "#0"},
				"west": {"uv": [8, 11.5, 10, 13.5], "texture": "#0"}
			}
		},
		{
			"from": [11.85089, -4.31327, 3.7],
			"to": [12.85089, 0.68673, 7.7],
			"rotation": {"angle": 22.5, "axis": "z", "origin": [12.5, 1, 0]},
			"faces": {
				"north": {"uv": [10.5, 9, 10, 11.5], "texture": "#0"},
				"east": {"uv": [12, 9, 10, 11.5], "texture": "#0"},
				"south": {"uv": [12, 9, 11.5, 11.5], "texture": "#0"},
				"west": {"uv": [12, 9, 10, 11.5], "texture": "#0"},
				"down": {"uv": [10, 11.5, 12, 11], "rotation": 90, "texture": "#0"}
			}
		},
		{
			"from": [12.30089, -4.31327, -0.3],
			"to": [12.35089, -0.31327, 3.7],
			"rotation": {"angle": 22.5, "axis": "z", "origin": [12.5, 1, 0]},
			"faces": {
				"east": {"uv": [10, 11.5, 8, 13.5], "texture": "#0"},
				"west": {"uv": [8, 11.5, 10, 13.5], "texture": "#0"}
			}
		},
		{
			"from": [1, -1, 6],
			"to": [4, 4, 11],
			"rotation": {"angle": -22.5, "axis": "z", "origin": [3, 2.5, 8.5]},
			"faces": {
				"north": {"uv": [10.5, 1.5, 12, 4], "texture": "#0"},
				"east": {"uv": [8, 1.5, 10.5, 4], "texture": "#0"},
				"south": {"uv": [10.5, 1.5, 12, 4], "texture": "#0"},
				"west": {"uv": [7.5, 9, 10, 11.5], "texture": "#0"},
				"up": {"uv": [1.5, 14, 0, 11.5], "texture": "#0"},
				"down": {"uv": [1.5, 14, 0, 11.5], "texture": "#0"}
			}
		},
		{
			"from": [12, -1, 6],
			"to": [15, 4, 11],
			"rotation": {"angle": 22.5, "axis": "z", "origin": [13, 2.5, 8.5]},
			"faces": {
				"north": {"uv": [12, 1.5, 10.5, 4], "texture": "#0"},
				"east": {"uv": [10, 9, 7.5, 11.5], "texture": "#0"},
				"south": {"uv": [12, 1.5, 10.5, 4], "texture": "#0"},
				"west": {"uv": [10.5, 1.5, 8, 4], "texture": "#0"},
				"up": {"uv": [0, 14, 1.5, 11.5], "texture": "#0"},
				"down": {"uv": [0, 14, 1.5, 11.5], "texture": "#0"}
			}
		},
		{
			"from": [-4.8, 0.7, 7.8],
			"to": [2.2, 3.7, 10.8],
			"rotation": {"angle": -22.5, "axis": "y", "origin": [3, 2.5, 8.5]},
			"faces": {
				"north": {"uv": [8, 4, 11.5, 5.5], "texture": "#0"},
				"south": {"uv": [15.5, 1.5, 12, 3], "texture": "#0"},
				"west": {"uv": [10, 11.5, 11.5, 13], "texture": "#0"},
				"up": {"uv": [3.5, 11.5, 0, 10], "texture": "#0"},
				"down": {"uv": [7, 10, 3.5, 11.5], "texture": "#0"}
			}
		},
		{
			"from": [-8.2, -2, 6.2],
			"to": [-3.2, 5, 6.25],
			"rotation": {"angle": -22.5, "axis": "z", "origin": [3, 2.5, 8.5]},
			"faces": {
				"north": {"uv": [5, 6, 7.5, 9.5], "texture": "#0"},
				"south": {"uv": [7.5, 6, 5, 9.5], "texture": "#0"}
			}
		},
		{
			"from": [19.2, -2, 6.2],
			"to": [24.2, 5, 6.25],
			"rotation": {"angle": 22.5, "axis": "z", "origin": [13, 2.5, 8.5]},
			"faces": {
				"north": {"uv": [7.5, 6, 5, 9.5], "texture": "#0"},
				"south": {"uv": [5, 6, 7.5, 9.5], "texture": "#0"}
			}
		},
		{
			"from": [13.8, 0.7, 7.8],
			"to": [20.8, 3.7, 10.8],
			"rotation": {"angle": 22.5, "axis": "y", "origin": [13, 2.5, 8.5]},
			"faces": {
				"north": {"uv": [11.5, 4, 8, 5.5], "texture": "#0"},
				"east": {"uv": [11.5, 11.5, 10, 13], "texture": "#0"},
				"south": {"uv": [8, 4, 11.5, 5.5], "texture": "#0"},
				"up": {"uv": [0, 11.5, 3.5, 10], "texture": "#0"},
				"down": {"uv": [3.5, 10, 7, 11.5], "texture": "#0"}
			}
		}
	],
	"gui_light": "front",
	"display": {
		"thirdperson_righthand": {
			"rotation": [48.02, 39.07, 12.56],
			"translation": [0, 3.25, 1.25],
			"scale": [0.6, 0.6, 0.6]
		},
		"thirdperson_lefthand": {
			"rotation": [48.02, 39.07, 12.56],
			"translation": [0, 3.25, 1.25],
			"scale": [0.6, 0.6, 0.6]
		},
		"firstperson_righthand": {
			"rotation": [-145.99, 71.99, 146.42],
			"translation": [3, 6.75, -3.25],
			"scale": [0.6, 0.6, 0.6]
		},
		"firstperson_lefthand": {
			"rotation": [-145.99, 71.99, 146.42],
			"translation": [3, 6.75, -3.25],
			"scale": [0.6, 0.6, 0.6]
		},
		"ground": {
			"translation": [-1.5, 3.75, 0.25],
			"scale": [0.57891, 0.57891, 0.57891]
		},
		"gui": {
			"rotation": [9, 144, 0],
			"translation": [1, 3.75, 0],
			"scale": [0.65, 0.65, 0.65]
		},
		"head": {
			"translation": [0.25, 13.75, 0.25],
			"scale": [1.6, 1.6, 1.6]
		},
		"fixed": {
			"translation": [0, 3.75, -9],
			"scale": [1.55, 1.55, 1.55]
		}
	}
}