{"credit":"Created by Workshop Six","texture_size":[256,256],"textures":{"2":"workshop_six:medieval_tavern_furniture/tavern_keg_station"},"elements":[{"from":[-16,-13,-4],"to":[32,-2,16],"rotation":{"angle":0,"axis":"y","origin":[-40,-14,-5]},"faces":{"north":{"uv":[3,3.625,6,4.3125],"texture":"#2"},"east":{"uv":[5.5,2.375,6.75,3.0625],"texture":"#2"},"south":{"uv":[0,3.875,3,4.5625],"texture":"#2"},"west":{"uv":[5.75,4.3125,7,5],"texture":"#2"},"up":{"uv":[3,3.875,0,2.625],"texture":"#2"},"down":{"uv":[6,0,3,1.25],"texture":"#2"}}},{"from":[28,-16,-4],"to":[32,-13,16],"rotation":{"angle":0,"axis":"y","origin":[0,-16,-5]},"faces":{"north":{"uv":[6,3.9375,6.25,4.125],"texture":"#2"},"east":{"uv":[0.75,5.9375,2,6.125],"texture":"#2"},"south":{"uv":[6,4.125,6.25,4.3125],"texture":"#2"},"west":{"uv":[6,0,7.25,0.1875],"texture":"#2"},"up":{"uv":[6,6.25,5.75,5],"texture":"#2"},"down":{"uv":[0.25,5.9375,0,7.1875],"texture":"#2"}}},{"from":[-16,-16,-4],"to":[-12,-13,16],"rotation":{"angle":0,"axis":"y","origin":[-44,-16,-5]},"faces":{"north":{"uv":[0.75,6.125,1,6.3125],"texture":"#2"},"east":{"uv":[6,0.1875,7.25,0.375],"texture":"#2"},"south":{"uv":[1,6.125,1.25,6.3125],"texture":"#2"},"west":{"uv":[6,0.375,7.25,0.5625],"texture":"#2"},"up":{"uv":[0.5,7.1875,0.25,5.9375],"texture":"#2"},"down":{"uv":[0.75,5.9375,0.5,7.1875],"texture":"#2"}}},{"from":[-12,-15,-3],"to":[28,-13,16],"rotation":{"angle":0,"axis":"y","origin":[-40,-16,-5]},"faces":{"north":{"uv":[5.5,3.3125,8,3.4375],"texture":"#2"},"east":{"uv":[6,3.5625,7.1875,3.6875],"texture":"#2"},"south":{"uv":[5.5,3.4375,8,3.5625],"texture":"#2"},"west":{"uv":[6,3.6875,7.1875,3.8125],"texture":"#2"},"up":{"uv":[5.5,2.4375,3,1.25],"texture":"#2"},"down":{"uv":[5.5,2.4375,3,3.625],"texture":"#2"}}},{"from":[-16,-2,-5],"to":[32,0,16],"rotation":{"angle":0,"axis":"y","origin":[-40,-14,-5]},"faces":{"north":{"uv":[5.5,3.0625,8.5,3.1875],"texture":"#2"},"east":{"uv":[6,0.9375,7.3125,1.0625],"texture":"#2"},"south":{"uv":[5.5,3.1875,8.5,3.3125],"texture":"#2"},"west":{"uv":[6,1.0625,7.3125,1.1875],"texture":"#2"},"up":{"uv":[3,1.3125,0,0],"texture":"#2"},"down":{"uv":[3,1.3125,0,2.625],"texture":"#2"}}},{"from":[0,-9,-5],"to":[1,-6,-3],"rotation":{"angle":0,"axis":"y","origin":[0,-9,-5]},"faces":{"north":{"uv":[6.25,6.3125,6.3125,6.5],"texture":"#2"},"east":{"uv":[0.875,6.3125,1,6.5],"texture":"#2"},"south":{"uv":[6.3125,6.3125,6.375,6.5],"texture":"#2"},"west":{"uv":[1,6.3125,1.125,6.5],"texture":"#2"},"up":{"uv":[6.1875,6.3125,6.125,6.1875],"texture":"#2"},"down":{"uv":[1.4375,6.375,1.375,6.5],"texture":"#2"}}},{"from":[8,-9,-5],"to":[9,-6,-3],"rotation":{"angle":0,"axis":"y","origin":[8,-9,-5]},"faces":{"north":{"uv":[6.25,6.3125,6.3125,6.5],"texture":"#2"},"east":{"uv":[0.875,6.3125,1,6.5],"texture":"#2"},"south":{"uv":[6.3125,6.3125,6.375,6.5],"texture":"#2"},"west":{"uv":[1,6.3125,1.125,6.5],"texture":"#2"},"up":{"uv":[6.1875,6.3125,6.125,6.1875],"texture":"#2"},"down":{"uv":[1.4375,6.375,1.375,6.5],"texture":"#2"}}},{"from":[23,-9,-5],"to":[24,-6,-3],"rotation":{"angle":0,"axis":"y","origin":[23,-9,-5]},"faces":{"north":{"uv":[6.25,6.3125,6.3125,6.5],"texture":"#2"},"east":{"uv":[0.875,6.3125,1,6.5],"texture":"#2"},"south":{"uv":[6.3125,6.3125,6.375,6.5],"texture":"#2"},"west":{"uv":[1,6.3125,1.125,6.5],"texture":"#2"},"up":{"uv":[6.1875,6.3125,6.125,6.1875],"texture":"#2"},"down":{"uv":[1.4375,6.375,1.375,6.5],"texture":"#2"}}},{"from":[-12,-9,-5],"to":[-11,-6,-3],"rotation":{"angle":0,"axis":"y","origin":[-12,-9,-5]},"faces":{"north":{"uv":[6.25,6.3125,6.3125,6.5],"texture":"#2"},"east":{"uv":[0.875,6.3125,1,6.5],"texture":"#2"},"south":{"uv":[6.3125,6.3125,6.375,6.5],"texture":"#2"},"west":{"uv":[1,6.3125,1.125,6.5],"texture":"#2"},"up":{"uv":[6.1875,6.3125,6.125,6.1875],"texture":"#2"},"down":{"uv":[1.4375,6.375,1.375,6.5],"texture":"#2"}}},{"from":[12,0,-3],"to":[15,4,-1],"rotation":{"angle":0,"axis":"y","origin":[12,0,-3]},"faces":{"north":{"uv":[1.25,6.125,1.4375,6.375],"texture":"#2"},"east":{"uv":[2.875,5.0625,3,5.3125],"texture":"#2"},"south":{"uv":[1.4375,6.125,1.625,6.375],"texture":"#2"},"west":{"uv":[6.1875,5.8125,6.3125,6.0625],"texture":"#2"},"up":{"uv":[6.4375,4.3125,6.25,4.1875],"texture":"#2"},"down":{"uv":[6.5,5.8125,6.3125,5.9375],"texture":"#2"}}},{"from":[15,1,-2],"to":[25,3,-1],"rotation":{"angle":0,"axis":"y","origin":[22,0,-3]},"faces":{"north":{"uv":[2.25,5.0625,2.875,5.1875],"texture":"#2"},"east":{"uv":[1.4375,6.375,1.5,6.5],"texture":"#2"},"south":{"uv":[2.25,5.1875,2.875,5.3125],"texture":"#2"},"west":{"uv":[1.5,6.375,1.5625,6.5],"texture":"#2"},"up":{"uv":[6.625,1.25,6,1.1875],"texture":"#2"},"down":{"uv":[6.8125,5.25,6.1875,5.3125],"texture":"#2"}}},{"from":[15,1,11],"to":[25,3,12],"rotation":{"angle":0,"axis":"y","origin":[22,0,13]},"faces":{"north":{"uv":[2.25,5.3125,2.875,5.4375],"texture":"#2"},"east":{"uv":[1.5625,6.375,1.625,6.5],"texture":"#2"},"south":{"uv":[6,3.8125,6.625,3.9375],"texture":"#2"},"west":{"uv":[1.8125,6.375,1.875,6.5],"texture":"#2"},"up":{"uv":[6.8125,5.375,6.1875,5.3125],"texture":"#2"},"down":{"uv":[6.8125,5.375,6.1875,5.4375],"texture":"#2"}}},{"from":[12,0,11],"to":[15,4,13],"rotation":{"angle":0,"axis":"y","origin":[12,0,13]},"faces":{"north":{"uv":[1.25,6.125,1.4375,6.375],"texture":"#2"},"east":{"uv":[2.875,5.0625,3,5.3125],"texture":"#2"},"south":{"uv":[1.4375,6.125,1.625,6.375],"texture":"#2"},"west":{"uv":[6.1875,5.8125,6.3125,6.0625],"texture":"#2"},"up":{"uv":[6.4375,4.3125,6.25,4.1875],"texture":"#2"},"down":{"uv":[6.5,5.8125,6.3125,5.9375],"texture":"#2"}}},{"from":[14,1,-1],"to":[15,3,11],"rotation":{"angle":0,"axis":"y","origin":[21,0,-2]},"faces":{"north":{"uv":[1.875,6.375,1.9375,6.5],"texture":"#2"},"east":{"uv":[2.25,4.5625,3,4.6875],"texture":"#2"},"south":{"uv":[1.9375,6.375,2,6.5],"texture":"#2"},"west":{"uv":[2.25,4.6875,3,4.8125],"texture":"#2"},"up":{"uv":[2.25,6.6875,2.1875,5.9375],"texture":"#2"},"down":{"uv":[1.6875,6.125,1.625,6.875],"texture":"#2"}}},{"from":[25,1,-1],"to":[26,3,11],"rotation":{"angle":0,"axis":"y","origin":[32,0,-2]},"faces":{"north":{"uv":[6.375,3.9375,6.4375,4.0625],"texture":"#2"},"east":{"uv":[2.25,4.8125,3,4.9375],"texture":"#2"},"south":{"uv":[6.375,4.0625,6.4375,4.1875],"texture":"#2"},"west":{"uv":[2.25,4.9375,3,5.0625],"texture":"#2"},"up":{"uv":[1.75,6.875,1.6875,6.125],"texture":"#2"},"down":{"uv":[1.8125,6.125,1.75,6.875],"texture":"#2"}}},{"from":[11,4,-6],"to":[29,22,16],"rotation":{"angle":0,"axis":"y","origin":[20,13,5]},"faces":{"north":{"uv":[4.625,5.4375,5.75,6.5625],"texture":"#2"},"east":{"uv":[3,4.3125,4.375,5.4375],"texture":"#2"},"south":{"uv":[5.5,1.25,6.625,2.375],"texture":"#2"},"west":{"uv":[4.375,4.3125,5.75,5.4375],"texture":"#2"},"up":{"uv":[1.125,5.9375,0,4.5625],"texture":"#2"},"down":{"uv":[2.25,4.5625,1.125,5.9375],"texture":"#2"}}},{"from":[10.5,3.5,-3.5],"to":[29.5,22.5,-0.5],"rotation":{"angle":0,"axis":"y","origin":[12.5,3.5,-0.5]},"faces":{"north":{"uv":[2.25,5.4375,3.4375,6.625],"texture":"#2"},"east":{"uv":[2,5.9375,2.1875,7.125],"texture":"#2"},"south":{"uv":[3.4375,5.4375,4.625,6.625],"texture":"#2"},"west":{"uv":[6,5,6.1875,6.1875],"texture":"#2"},"up":{"uv":[7.1875,0.75,6,0.5625],"texture":"#2"},"down":{"uv":[7.1875,0.75,6,0.9375],"texture":"#2"}}},{"from":[10.5,3.5,10.5],"to":[29.5,22.5,13.5],"rotation":{"angle":0,"axis":"y","origin":[12.5,3.5,13.5]},"faces":{"north":{"uv":[2.25,5.4375,3.4375,6.625],"texture":"#2"},"east":{"uv":[2,5.9375,2.1875,7.125],"texture":"#2"},"south":{"uv":[3.4375,5.4375,4.625,6.625],"texture":"#2"},"west":{"uv":[6,5,6.1875,6.1875],"texture":"#2"},"up":{"uv":[7.1875,0.75,6,0.5625],"texture":"#2"},"down":{"uv":[7.1875,0.75,6,0.9375],"texture":"#2"}}},{"from":[18.5,7,-6.5],"to":[21.5,10,-5.5],"rotation":{"angle":0,"axis":"y","origin":[19.5,8,-7.5]},"faces":{"north":{"uv":[6.1875,5.4375,6.375,5.625],"texture":"#2"},"east":{"uv":[1.25,6.375,1.3125,6.5625],"texture":"#2"},"south":{"uv":[6.1875,5.625,6.375,5.8125],"texture":"#2"},"west":{"uv":[1.3125,6.375,1.375,6.5625],"texture":"#2"},"up":{"uv":[5.6875,3.625,5.5,3.5625],"texture":"#2"},"down":{"uv":[5.875,3.5625,5.6875,3.625],"texture":"#2"}}},{"from":[19.5,7.5,-8.5],"to":[20.5,9.5,-6.5],"rotation":{"angle":0,"axis":"y","origin":[19.5,8.5,-8.5]},"faces":{"north":{"uv":[6.375,5,6.4375,5.125],"texture":"#2"},"east":{"uv":[2.875,5.3125,3,5.4375],"texture":"#2"},"south":{"uv":[6.375,5.125,6.4375,5.25],"texture":"#2"},"west":{"uv":[1.125,6.3125,1.25,6.4375],"texture":"#2"},"up":{"uv":[6.4375,5.5625,6.375,5.4375],"texture":"#2"},"down":{"uv":[6.4375,5.5625,6.375,5.6875],"texture":"#2"}}},{"from":[19,6,-10.5],"to":[21,10,-8.5],"rotation":{"angle":0,"axis":"y","origin":[20,8,-10.5]},"faces":{"north":{"uv":[6,6.1875,6.125,6.4375],"texture":"#2"},"east":{"uv":[6.1875,6.0625,6.3125,6.3125],"texture":"#2"},"south":{"uv":[6.25,3.9375,6.375,4.1875],"texture":"#2"},"west":{"uv":[5.75,6.25,5.875,6.5],"texture":"#2"},"up":{"uv":[6.25,6.4375,6.125,6.3125],"texture":"#2"},"down":{"uv":[6.4375,6.1875,6.3125,6.3125],"texture":"#2"}}},{"from":[25,0,11],"to":[28,4,13],"rotation":{"angle":0,"axis":"y","origin":[28,0,13]},"faces":{"north":{"uv":[1.8125,6.125,2,6.375],"texture":"#2"},"east":{"uv":[5.875,6.25,6,6.5],"texture":"#2"},"south":{"uv":[6.1875,5,6.375,5.25],"texture":"#2"},"west":{"uv":[0.75,6.3125,0.875,6.5625],"texture":"#2"},"up":{"uv":[6.5,6.0625,6.3125,5.9375],"texture":"#2"},"down":{"uv":[6.5,6.0625,6.3125,6.1875],"texture":"#2"}}},{"from":[25,0,-3],"to":[28,4,-1],"rotation":{"angle":0,"axis":"y","origin":[28,0,-3]},"faces":{"north":{"uv":[1.8125,6.125,2,6.375],"texture":"#2"},"east":{"uv":[5.875,6.25,6,6.5],"texture":"#2"},"south":{"uv":[6.1875,5,6.375,5.25],"texture":"#2"},"west":{"uv":[0.75,6.3125,0.875,6.5625],"texture":"#2"},"up":{"uv":[6.5,6.0625,6.3125,5.9375],"texture":"#2"},"down":{"uv":[6.5,6.0625,6.3125,6.1875],"texture":"#2"}}},{"from":[-11,0,-3],"to":[-8,4,-1],"rotation":{"angle":0,"axis":"y","origin":[-11,0,-3]},"faces":{"north":{"uv":[1.25,6.125,1.4375,6.375],"texture":"#2"},"east":{"uv":[2.875,5.0625,3,5.3125],"texture":"#2"},"south":{"uv":[1.4375,6.125,1.625,6.375],"texture":"#2"},"west":{"uv":[6.1875,5.8125,6.3125,6.0625],"texture":"#2"},"up":{"uv":[6.4375,4.3125,6.25,4.1875],"texture":"#2"},"down":{"uv":[6.5,5.8125,6.3125,5.9375],"texture":"#2"}}},{"from":[-8,1,-2],"to":[2,3,-1],"rotation":{"angle":0,"axis":"y","origin":[-1,0,-3]},"faces":{"north":{"uv":[2.25,5.0625,2.875,5.1875],"texture":"#2"},"east":{"uv":[1.4375,6.375,1.5,6.5],"texture":"#2"},"south":{"uv":[2.25,5.1875,2.875,5.3125],"texture":"#2"},"west":{"uv":[1.5,6.375,1.5625,6.5],"texture":"#2"},"up":{"uv":[6.625,1.25,6,1.1875],"texture":"#2"},"down":{"uv":[6.8125,5.25,6.1875,5.3125],"texture":"#2"}}},{"from":[-9,1,-1],"to":[-8,3,11],"rotation":{"angle":0,"axis":"y","origin":[-2,0,-2]},"faces":{"north":{"uv":[1.875,6.375,1.9375,6.5],"texture":"#2"},"east":{"uv":[2.25,4.5625,3,4.6875],"texture":"#2"},"south":{"uv":[1.9375,6.375,2,6.5],"texture":"#2"},"west":{"uv":[2.25,4.6875,3,4.8125],"texture":"#2"},"up":{"uv":[2.25,6.6875,2.1875,5.9375],"texture":"#2"},"down":{"uv":[1.6875,6.125,1.625,6.875],"texture":"#2"}}},{"from":[2,1,-1],"to":[3,3,11],"rotation":{"angle":0,"axis":"y","origin":[9,0,-2]},"faces":{"north":{"uv":[6.375,3.9375,6.4375,4.0625],"texture":"#2"},"east":{"uv":[2.25,4.8125,3,4.9375],"texture":"#2"},"south":{"uv":[6.375,4.0625,6.4375,4.1875],"texture":"#2"},"west":{"uv":[2.25,4.9375,3,5.0625],"texture":"#2"},"up":{"uv":[1.75,6.875,1.6875,6.125],"texture":"#2"},"down":{"uv":[1.8125,6.125,1.75,6.875],"texture":"#2"}}},{"from":[-11,0,11],"to":[-8,4,13],"rotation":{"angle":0,"axis":"y","origin":[-11,0,13]},"faces":{"north":{"uv":[1.25,6.125,1.4375,6.375],"texture":"#2"},"east":{"uv":[2.875,5.0625,3,5.3125],"texture":"#2"},"south":{"uv":[1.4375,6.125,1.625,6.375],"texture":"#2"},"west":{"uv":[6.1875,5.8125,6.3125,6.0625],"texture":"#2"},"up":{"uv":[6.4375,4.3125,6.25,4.1875],"texture":"#2"},"down":{"uv":[6.5,5.8125,6.3125,5.9375],"texture":"#2"}}},{"from":[2,0,-3],"to":[5,4,-1],"rotation":{"angle":0,"axis":"y","origin":[5,0,-3]},"faces":{"north":{"uv":[1.8125,6.125,2,6.375],"texture":"#2"},"east":{"uv":[5.875,6.25,6,6.5],"texture":"#2"},"south":{"uv":[6.1875,5,6.375,5.25],"texture":"#2"},"west":{"uv":[0.75,6.3125,0.875,6.5625],"texture":"#2"},"up":{"uv":[6.5,6.0625,6.3125,5.9375],"texture":"#2"},"down":{"uv":[6.5,6.0625,6.3125,6.1875],"texture":"#2"}}},{"from":[2,0,11],"to":[5,4,13],"rotation":{"angle":0,"axis":"y","origin":[5,0,13]},"faces":{"north":{"uv":[1.8125,6.125,2,6.375],"texture":"#2"},"east":{"uv":[5.875,6.25,6,6.5],"texture":"#2"},"south":{"uv":[6.1875,5,6.375,5.25],"texture":"#2"},"west":{"uv":[0.75,6.3125,0.875,6.5625],"texture":"#2"},"up":{"uv":[6.5,6.0625,6.3125,5.9375],"texture":"#2"},"down":{"uv":[6.5,6.0625,6.3125,6.1875],"texture":"#2"}}},{"from":[-8,1,11],"to":[2,3,12],"rotation":{"angle":0,"axis":"y","origin":[-1,0,13]},"faces":{"north":{"uv":[2.25,5.3125,2.875,5.4375],"texture":"#2"},"east":{"uv":[1.5625,6.375,1.625,6.5],"texture":"#2"},"south":{"uv":[6,3.8125,6.625,3.9375],"texture":"#2"},"west":{"uv":[1.8125,6.375,1.875,6.5],"texture":"#2"},"up":{"uv":[6.8125,5.375,6.1875,5.3125],"texture":"#2"},"down":{"uv":[6.8125,5.375,6.1875,5.4375],"texture":"#2"}}},{"from":[-12,4,-6],"to":[6,22,16],"rotation":{"angle":0,"axis":"y","origin":[-3,13,5]},"faces":{"north":{"uv":[4.625,5.4375,5.75,6.5625],"texture":"#2"},"east":{"uv":[3,4.3125,4.375,5.4375],"texture":"#2"},"south":{"uv":[5.5,1.25,6.625,2.375],"texture":"#2"},"west":{"uv":[4.375,4.3125,5.75,5.4375],"texture":"#2"},"up":{"uv":[1.125,5.9375,0,4.5625],"texture":"#2"},"down":{"uv":[2.25,4.5625,1.125,5.9375],"texture":"#2"}}},{"from":[-12.5,3.5,-3.5],"to":[6.5,22.5,-0.5],"rotation":{"angle":0,"axis":"y","origin":[-10.5,3.5,-0.5]},"faces":{"north":{"uv":[2.25,5.4375,3.4375,6.625],"texture":"#2"},"east":{"uv":[2,5.9375,2.1875,7.125],"texture":"#2"},"south":{"uv":[3.4375,5.4375,4.625,6.625],"texture":"#2"},"west":{"uv":[6,5,6.1875,6.1875],"texture":"#2"},"up":{"uv":[7.1875,0.75,6,0.5625],"texture":"#2"},"down":{"uv":[7.1875,0.75,6,0.9375],"texture":"#2"}}},{"from":[-12.5,3.5,10.5],"to":[6.5,22.5,13.5],"rotation":{"angle":0,"axis":"y","origin":[-10.5,3.5,13.5]},"faces":{"north":{"uv":[2.25,5.4375,3.4375,6.625],"texture":"#2"},"east":{"uv":[2,5.9375,2.1875,7.125],"texture":"#2"},"south":{"uv":[3.4375,5.4375,4.625,6.625],"texture":"#2"},"west":{"uv":[6,5,6.1875,6.1875],"texture":"#2"},"up":{"uv":[7.1875,0.75,6,0.5625],"texture":"#2"},"down":{"uv":[7.1875,0.75,6,0.9375],"texture":"#2"}}},{"from":[-4.5,7,-6.5],"to":[-1.5,10,-5.5],"rotation":{"angle":0,"axis":"y","origin":[-3.5,8,-7.5]},"faces":{"north":{"uv":[6.1875,5.4375,6.375,5.625],"texture":"#2"},"east":{"uv":[1.25,6.375,1.3125,6.5625],"texture":"#2"},"south":{"uv":[6.1875,5.625,6.375,5.8125],"texture":"#2"},"west":{"uv":[1.3125,6.375,1.375,6.5625],"texture":"#2"},"up":{"uv":[5.6875,3.625,5.5,3.5625],"texture":"#2"},"down":{"uv":[5.875,3.5625,5.6875,3.625],"texture":"#2"}}},{"from":[-3.5,7.5,-8.5],"to":[-2.5,9.5,-6.5],"rotation":{"angle":0,"axis":"y","origin":[-3.5,8.5,-8.5]},"faces":{"north":{"uv":[6.375,5,6.4375,5.125],"texture":"#2"},"east":{"uv":[2.875,5.3125,3,5.4375],"texture":"#2"},"south":{"uv":[6.375,5.125,6.4375,5.25],"texture":"#2"},"west":{"uv":[1.125,6.3125,1.25,6.4375],"texture":"#2"},"up":{"uv":[6.4375,5.5625,6.375,5.4375],"texture":"#2"},"down":{"uv":[6.4375,5.5625,6.375,5.6875],"texture":"#2"}}},{"from":[-4,6,-10.5],"to":[-2,10,-8.5],"rotation":{"angle":0,"axis":"y","origin":[-3,8,-10.5]},"faces":{"north":{"uv":[6,6.1875,6.125,6.4375],"texture":"#2"},"east":{"uv":[6.1875,6.0625,6.3125,6.3125],"texture":"#2"},"south":{"uv":[6.25,3.9375,6.375,4.1875],"texture":"#2"},"west":{"uv":[5.75,6.25,5.875,6.5],"texture":"#2"},"up":{"uv":[6.25,6.4375,6.125,6.3125],"texture":"#2"},"down":{"uv":[6.4375,6.1875,6.3125,6.3125],"texture":"#2"}}}],"gui_light":"front","display":{"thirdperson_righthand":{"rotation":[49,0,0],"translation":[-0.5,0,0.25],"scale":[0.15,0.15,0.15]},"thirdperson_lefthand":{"rotation":[49,0,0],"translation":[-1,0,-0.5],"scale":[0.13,0.13,0.13]},"firstperson_righthand":{"rotation":[0,125,0],"translation":[0,5.75,1.5],"scale":[0.26,0.26,0.26]},"firstperson_lefthand":{"rotation":[0,125,0],"translation":[0,5.75,1.5],"scale":[0.26,0.26,0.26]},"ground":{"translation":[0,4.5,0],"scale":[0.23,0.23,0.23]},"gui":{"rotation":[11.75,180,0],"translation":[0,1.5,0],"scale":[0.3,0.3,0.3]},"head":{"scale":[0,0,0]},"fixed":{"rotation":[-90,0,0],"translation":[0,0,-48],"scale":[2,2,2]}},"mcmodels":"8e0e5cf7a822f85d549f98a891afe0a2"}