{"credit":"Created by Workshop Six","texture_size":[256,256],"textures":{"11":"workshop_six:medieval_tavern_furniture/tavern_cabinet"},"elements":[{"from":[0.9,6.25,7.7],"to":[3.1,7.25,9.9],"rotation":{"angle":0,"axis":"y","origin":[2,4.625,8]},"faces":{"north":{"uv":[5.75,3.9375,5.875,4],"texture":"#11"},"east":{"uv":[5.875,3.9375,6,4],"texture":"#11"},"south":{"uv":[6,4.875,6.125,4.9375],"texture":"#11"},"west":{"uv":[6.125,4.875,6.25,4.9375],"texture":"#11"},"up":{"uv":[7.375,6.6875,7.25,6.5625],"texture":"#11"},"down":{"uv":[7.625,7.1875,7.5,7.3125],"texture":"#11"}}},{"from":[28,-16,1],"to":[32,-13,16],"rotation":{"angle":0,"axis":"y","origin":[0,-16,0]},"faces":{"north":{"uv":[4.75,6.125,5,6.3125],"texture":"#11"},"east":{"uv":[6.6875,3.625,7.625,3.8125],"texture":"#11"},"south":{"uv":[6.9375,4.4375,7.1875,4.625],"texture":"#11"},"west":{"uv":[5.9375,6.6875,6.875,6.875],"texture":"#11"},"up":{"uv":[6.9375,2.6875,6.6875,1.75],"texture":"#11"},"down":{"uv":[6.9375,2.6875,6.6875,3.625],"texture":"#11"}}},{"from":[-16,-16,1],"to":[-12,-13,16],"rotation":{"angle":0,"axis":"y","origin":[-44,-16,0]},"faces":{"north":{"uv":[7.25,3.4375,7.5,3.625],"texture":"#11"},"east":{"uv":[5.9375,6.875,6.875,7.0625],"texture":"#11"},"south":{"uv":[7.125,7.3125,7.375,7.5],"texture":"#11"},"west":{"uv":[6.875,6.6875,7.8125,6.875],"texture":"#11"},"up":{"uv":[4.6875,7.625,4.4375,6.6875],"texture":"#11"},"down":{"uv":[4.9375,6.6875,4.6875,7.625],"texture":"#11"}}},{"from":[-12,-15,2],"to":[28,-13,16],"rotation":{"angle":0,"axis":"y","origin":[-40,-16,0]},"faces":{"north":{"uv":[6.6875,1.5,9.1875,1.625],"texture":"#11"},"east":{"uv":[6.9375,2.9375,7.8125,3.0625],"texture":"#11"},"south":{"uv":[6.6875,1.625,9.1875,1.75],"texture":"#11"},"west":{"uv":[6.9375,3.0625,7.8125,3.1875],"texture":"#11"},"up":{"uv":[2.5,5.8125,0,4.9375],"texture":"#11"},"down":{"uv":[5,4.9375,2.5,5.8125],"texture":"#11"}}},{"from":[-16,-13,1],"to":[32,-2,16],"rotation":{"angle":0,"axis":"y","origin":[-40,-14,0]},"faces":{"north":{"uv":[5,4.9375,8,5.625],"texture":"#11"},"east":{"uv":[5.75,3.25,6.6875,3.9375],"texture":"#11"},"south":{"uv":[5,5.625,8,6.3125],"texture":"#11"},"west":{"uv":[6,3.9375,6.9375,4.625],"texture":"#11"},"up":{"uv":[3,4.9375,0,4],"texture":"#11"},"down":{"uv":[6,4,3,4.9375],"texture":"#11"}}},{"from":[-16,-2,0],"to":[32,0,16],"rotation":{"angle":0,"axis":"y","origin":[-40,-14,0]},"faces":{"north":{"uv":[6,4.625,9,4.75],"texture":"#11"},"east":{"uv":[6.6875,3.8125,7.6875,3.9375],"texture":"#11"},"south":{"uv":[6,4.75,9,4.875],"texture":"#11"},"west":{"uv":[6.875,6.875,7.875,7],"texture":"#11"},"up":{"uv":[5.75,1,2.75,0],"texture":"#11"},"down":{"uv":[5.75,1,2.75,2],"texture":"#11"}}},{"from":[30,0,1],"to":[32,30,16],"rotation":{"angle":0,"axis":"y","origin":[-40,-1,0]},"faces":{"north":{"uv":[4.9375,6.6875,5.0625,8.5625],"texture":"#11"},"east":{"uv":[5.75,1.375,6.6875,3.25],"texture":"#11"},"south":{"uv":[5.0625,6.6875,5.1875,8.5625],"texture":"#11"},"west":{"uv":[0,5.8125,0.9375,7.6875],"texture":"#11"},"up":{"uv":[7.0625,2.9375,6.9375,2],"texture":"#11"},"down":{"uv":[7,7,6.875,7.9375],"texture":"#11"}}},{"from":[-16,30,0],"to":[32,32,16],"rotation":{"angle":0,"axis":"y","origin":[-40,18,0]},"faces":{"north":{"uv":[4.4375,6.3125,7.4375,6.4375],"texture":"#11"},"east":{"uv":[6.9375,1.75,7.9375,1.875],"texture":"#11"},"south":{"uv":[4.4375,6.4375,7.4375,6.5625],"texture":"#11"},"west":{"uv":[6.9375,1.875,7.9375,2],"texture":"#11"},"up":{"uv":[5.75,3,2.75,2],"texture":"#11"},"down":{"uv":[5.75,3,2.75,4],"texture":"#11"}}},{"from":[-4,0,1],"to":[-2,30,14],"rotation":{"angle":0,"axis":"y","origin":[-74,-1,0]},"faces":{"north":{"uv":[5.1875,6.6875,5.3125,8.5625],"texture":"#11"},"east":{"uv":[2.8125,5.8125,3.625,7.6875],"texture":"#11"},"south":{"uv":[5.3125,6.6875,5.4375,8.5625],"texture":"#11"},"west":{"uv":[3.625,5.8125,4.4375,7.6875],"texture":"#11"},"up":{"uv":[6.0625,7.875,5.9375,7.0625],"texture":"#11"},"down":{"uv":[6.1875,7.0625,6.0625,7.875],"texture":"#11"}}},{"from":[-16,0,1],"to":[-14,30,16],"rotation":{"angle":0,"axis":"y","origin":[-86,-1,0]},"faces":{"north":{"uv":[5.4375,6.6875,5.5625,8.5625],"texture":"#11"},"east":{"uv":[0.9375,5.8125,1.875,7.6875],"texture":"#11"},"south":{"uv":[5.5625,6.6875,5.6875,8.5625],"texture":"#11"},"west":{"uv":[1.875,5.8125,2.8125,7.6875],"texture":"#11"},"up":{"uv":[7.125,7.9375,7,7],"texture":"#11"},"down":{"uv":[7.1875,2,7.0625,2.9375],"texture":"#11"}}},{"from":[-14,0,14],"to":[30,30,16],"rotation":{"angle":0,"axis":"y","origin":[-40,-1,0]},"faces":{"north":{"uv":[0,0,2.75,1.875],"texture":"#11"},"east":{"uv":[5.6875,6.6875,5.8125,8.5625],"texture":"#11"},"south":{"uv":[0,1.875,2.75,3.75],"texture":"#11"},"west":{"uv":[5.8125,6.6875,5.9375,8.5625],"texture":"#11"},"up":{"uv":[2.75,3.875,0,3.75],"texture":"#11"},"down":{"uv":[2.75,3.875,0,4],"texture":"#11"}}},{"from":[-15,8,3],"to":[30,10,14],"rotation":{"angle":0,"axis":"y","origin":[-40,-4,0]},"faces":{"north":{"uv":[4.4375,6.5625,7.25,6.6875],"texture":"#11"},"east":{"uv":[6.9375,3.1875,7.625,3.3125],"texture":"#11"},"south":{"uv":[6.6875,1.375,9.5,1.5],"texture":"#11"},"west":{"uv":[6.9375,3.3125,7.625,3.4375],"texture":"#11"},"up":{"uv":[8.5625,0.6875,5.75,0],"texture":"#11"},"down":{"uv":[8.5625,0.6875,5.75,1.375],"texture":"#11"}}},{"from":[-15,19,3],"to":[30,21,14],"rotation":{"angle":0,"axis":"y","origin":[-40,7,0]},"faces":{"north":{"uv":[4.4375,6.5625,7.25,6.6875],"texture":"#11"},"east":{"uv":[6.9375,3.1875,7.625,3.3125],"texture":"#11"},"south":{"uv":[6.6875,1.375,9.5,1.5],"texture":"#11"},"west":{"uv":[6.9375,3.3125,7.625,3.4375],"texture":"#11"},"up":{"uv":[8.5625,0.6875,5.75,0],"texture":"#11"},"down":{"uv":[8.5625,0.6875,5.75,1.375],"texture":"#11"}}},{"from":[0,-9,0],"to":[1,-6,2],"rotation":{"angle":0,"axis":"y","origin":[0,-9,0]},"faces":{"north":{"uv":[4.9375,5.8125,5,6],"texture":"#11"},"east":{"uv":[6.75,7.375,6.875,7.5625],"texture":"#11"},"south":{"uv":[6.6875,7.625,6.75,7.8125],"texture":"#11"},"west":{"uv":[6.75,7.5625,6.875,7.75],"texture":"#11"},"up":{"uv":[5,6.125,4.9375,6],"texture":"#11"},"down":{"uv":[7.4375,6.5625,7.375,6.6875],"texture":"#11"}}},{"from":[8,-9,0],"to":[9,-6,2],"rotation":{"angle":0,"axis":"y","origin":[8,-9,0]},"faces":{"north":{"uv":[4.9375,5.8125,5,6],"texture":"#11"},"east":{"uv":[6.75,7.375,6.875,7.5625],"texture":"#11"},"south":{"uv":[6.6875,7.625,6.75,7.8125],"texture":"#11"},"west":{"uv":[6.75,7.5625,6.875,7.75],"texture":"#11"},"up":{"uv":[5,6.125,4.9375,6],"texture":"#11"},"down":{"uv":[7.4375,6.5625,7.375,6.6875],"texture":"#11"}}},{"from":[23,-9,0],"to":[24,-6,2],"rotation":{"angle":0,"axis":"y","origin":[23,-9,0]},"faces":{"north":{"uv":[4.9375,5.8125,5,6],"texture":"#11"},"east":{"uv":[6.75,7.375,6.875,7.5625],"texture":"#11"},"south":{"uv":[6.6875,7.625,6.75,7.8125],"texture":"#11"},"west":{"uv":[6.75,7.5625,6.875,7.75],"texture":"#11"},"up":{"uv":[5,6.125,4.9375,6],"texture":"#11"},"down":{"uv":[7.4375,6.5625,7.375,6.6875],"texture":"#11"}}},{"from":[-12,-9,0],"to":[-11,-6,2],"rotation":{"angle":0,"axis":"y","origin":[-12,-9,0]},"faces":{"north":{"uv":[4.9375,5.8125,5,6],"texture":"#11"},"east":{"uv":[6.75,7.375,6.875,7.5625],"texture":"#11"},"south":{"uv":[6.6875,7.625,6.75,7.8125],"texture":"#11"},"west":{"uv":[6.75,7.5625,6.875,7.75],"texture":"#11"},"up":{"uv":[5,6.125,4.9375,6],"texture":"#11"},"down":{"uv":[7.4375,6.5625,7.375,6.6875],"texture":"#11"}}},{"from":[19.5,0,7.3],"to":[22.5,5,10.3],"rotation":{"angle":0,"axis":"y","origin":[21,4.625,8]},"faces":{"north":{"uv":[6.6875,7.0625,6.875,7.375],"texture":"#11"},"east":{"uv":[7.125,7,7.3125,7.3125],"texture":"#11"},"south":{"uv":[7.1875,2,7.375,2.3125],"texture":"#11"},"west":{"uv":[7.1875,2.3125,7.375,2.625],"texture":"#11"},"up":{"uv":[7.625,6.6875,7.4375,6.5],"texture":"#11"},"down":{"uv":[7.6875,3.4375,7.5,3.625],"texture":"#11"}}},{"from":[20,5,7.8],"to":[22,7,9.8],"rotation":{"angle":0,"axis":"y","origin":[21,4.625,8]},"faces":{"north":{"uv":[7.5625,4.5,7.6875,4.625],"texture":"#11"},"east":{"uv":[7.625,3.9375,7.75,4.0625],"texture":"#11"},"south":{"uv":[7.625,4.0625,7.75,4.1875],"texture":"#11"},"west":{"uv":[7.625,4.1875,7.75,4.3125],"texture":"#11"},"up":{"uv":[4.5625,7.75,4.4375,7.625],"texture":"#11"},"down":{"uv":[4.6875,7.625,4.5625,7.75],"texture":"#11"}}},{"from":[19.9,6.25,7.7],"to":[22.1,7.25,9.9],"rotation":{"angle":0,"axis":"y","origin":[21,4.625,8]},"faces":{"north":{"uv":[5.75,3.9375,5.875,4],"texture":"#11"},"east":{"uv":[5.875,3.9375,6,4],"texture":"#11"},"south":{"uv":[6,4.875,6.125,4.9375],"texture":"#11"},"west":{"uv":[6.125,4.875,6.25,4.9375],"texture":"#11"},"up":{"uv":[7.375,6.6875,7.25,6.5625],"texture":"#11"},"down":{"uv":[7.625,7.1875,7.5,7.3125],"texture":"#11"}}},{"from":[19.75,1,7.2],"to":[22.25,4,7.2],"rotation":{"angle":0,"axis":"y","origin":[21,4.625,8]},"faces":{"north":{"uv":[7.5,7,7.6875,7.1875],"texture":"#11"},"east":{"uv":[0,0,0,0.1875],"texture":"#11"},"south":{"uv":[7.125,7.5,7.3125,7.6875],"texture":"#11"},"west":{"uv":[0,0,0,0.1875],"texture":"#11"},"up":{"uv":[0.1875,0,0,0],"texture":"#11"},"down":{"uv":[0.1875,0,0,0],"texture":"#11"}}},{"from":[16,0,2.3],"to":[20,4,5.3],"rotation":{"angle":-22.5,"axis":"y","origin":[18,3.875,3]},"faces":{"north":{"uv":[6.9375,3.9375,7.1875,4.1875],"texture":"#11"},"east":{"uv":[7.375,2,7.5625,2.25],"texture":"#11"},"south":{"uv":[6.9375,4.1875,7.1875,4.4375],"texture":"#11"},"west":{"uv":[7.375,2.25,7.5625,2.5],"texture":"#11"},"up":{"uv":[7.625,2.6875,7.375,2.5],"texture":"#11"},"down":{"uv":[7.625,2.6875,7.375,2.875],"texture":"#11"}}},{"from":[17,4,2.8],"to":[19,6,4.8],"rotation":{"angle":-22.5,"axis":"y","origin":[18,3.875,3]},"faces":{"north":{"uv":[4.6875,7.625,4.8125,7.75],"texture":"#11"},"east":{"uv":[4.8125,7.625,4.9375,7.75],"texture":"#11"},"south":{"uv":[6.1875,7.625,6.3125,7.75],"texture":"#11"},"west":{"uv":[6.3125,7.625,6.4375,7.75],"texture":"#11"},"up":{"uv":[6.5625,7.75,6.4375,7.625],"texture":"#11"},"down":{"uv":[7.75,6.5,7.625,6.625],"texture":"#11"}}},{"from":[16.9,5.25,2.7],"to":[19.1,6.25,4.9],"rotation":{"angle":-22.5,"axis":"y","origin":[18,3.875,3]},"faces":{"north":{"uv":[6.25,4.875,6.375,4.9375],"texture":"#11"},"east":{"uv":[6.375,4.875,6.5,4.9375],"texture":"#11"},"south":{"uv":[6.5,4.875,6.625,4.9375],"texture":"#11"},"west":{"uv":[6.625,4.875,6.75,4.9375],"texture":"#11"},"up":{"uv":[6.6875,7.75,6.5625,7.625],"texture":"#11"},"down":{"uv":[7.75,7.1875,7.625,7.3125],"texture":"#11"}}},{"from":[16.5,0.5,2.2],"to":[19.5,3.5,2.2],"rotation":{"angle":-22.5,"axis":"y","origin":[18,3.875,3]},"faces":{"north":{"uv":[7.3125,7.5,7.5,7.6875],"texture":"#11"},"east":{"uv":[0,0,0,0.1875],"texture":"#11"},"south":{"uv":[7.5,7.5,7.6875,7.6875],"texture":"#11"},"west":{"uv":[0,0,0,0.1875],"texture":"#11"},"up":{"uv":[0.1875,0,0,0],"texture":"#11"},"down":{"uv":[0.1875,0,0,0],"texture":"#11"}}},{"from":[13,0,7.3],"to":[17,5,10.3],"rotation":{"angle":0,"axis":"y","origin":[14,0,7.3]},"faces":{"north":{"uv":[4.4375,5.8125,4.6875,6.125],"texture":"#11"},"east":{"uv":[7.1875,2.625,7.375,2.9375],"texture":"#11"},"south":{"uv":[4.6875,5.8125,4.9375,6.125],"texture":"#11"},"west":{"uv":[7.1875,3.9375,7.375,4.25],"texture":"#11"},"up":{"uv":[7.625,4.125,7.375,3.9375],"texture":"#11"},"down":{"uv":[7.625,4.125,7.375,4.3125],"texture":"#11"}}},{"from":[14,5,7.8],"to":[16,7,9.8],"rotation":{"angle":0,"axis":"y","origin":[13,5,7.8]},"faces":{"north":{"uv":[7.625,7.3125,7.75,7.4375],"texture":"#11"},"east":{"uv":[0,7.6875,0.125,7.8125],"texture":"#11"},"south":{"uv":[0.125,7.6875,0.25,7.8125],"texture":"#11"},"west":{"uv":[0.25,7.6875,0.375,7.8125],"texture":"#11"},"up":{"uv":[0.5,7.8125,0.375,7.6875],"texture":"#11"},"down":{"uv":[0.625,7.6875,0.5,7.8125],"texture":"#11"}}},{"from":[13.9,6.25,7.7],"to":[16.1,7.25,9.9],"rotation":{"angle":0,"axis":"y","origin":[13,5.25,7.8]},"faces":{"north":{"uv":[6.75,4.875,6.875,4.9375],"texture":"#11"},"east":{"uv":[6.875,4.875,7,4.9375],"texture":"#11"},"south":{"uv":[7,4.875,7.125,4.9375],"texture":"#11"},"west":{"uv":[7.125,4.875,7.25,4.9375],"texture":"#11"},"up":{"uv":[0.75,7.8125,0.625,7.6875],"texture":"#11"},"down":{"uv":[0.875,7.6875,0.75,7.8125],"texture":"#11"}}},{"from":[13.5,1,7.2],"to":[16.5,4,7.2],"rotation":{"angle":0,"axis":"y","origin":[13.25,1,7.2]},"faces":{"north":{"uv":[7.5625,2,7.75,2.1875],"texture":"#11"},"east":{"uv":[0,0,0,0.1875],"texture":"#11"},"south":{"uv":[7.5625,2.1875,7.75,2.375],"texture":"#11"},"west":{"uv":[0,0,0,0.1875],"texture":"#11"},"up":{"uv":[0.1875,0,0,0],"texture":"#11"},"down":{"uv":[0.1875,0,0,0],"texture":"#11"}}},{"from":[4.75,1,2.2],"to":[7.25,4,2.2],"rotation":{"angle":22.5,"axis":"y","origin":[7,4.625,3]},"faces":{"north":{"uv":[7.5,7,7.6875,7.1875],"texture":"#11"},"east":{"uv":[0,0,0,0.1875],"texture":"#11"},"south":{"uv":[7.125,7.5,7.3125,7.6875],"texture":"#11"},"west":{"uv":[0,0,0,0.1875],"texture":"#11"},"up":{"uv":[0.1875,0,0,0],"texture":"#11"},"down":{"uv":[0.1875,0,0,0],"texture":"#11"}}},{"from":[4.5,0,2.3],"to":[7.5,5,5.3],"rotation":{"angle":22.5,"axis":"y","origin":[7,4.625,3]},"faces":{"north":{"uv":[6.6875,7.0625,6.875,7.375],"texture":"#11"},"east":{"uv":[7.125,7,7.3125,7.3125],"texture":"#11"},"south":{"uv":[7.1875,2,7.375,2.3125],"texture":"#11"},"west":{"uv":[7.1875,2.3125,7.375,2.625],"texture":"#11"},"up":{"uv":[7.625,6.6875,7.4375,6.5],"texture":"#11"},"down":{"uv":[7.6875,3.4375,7.5,3.625],"texture":"#11"}}},{"from":[5,5,2.8],"to":[7,7,4.8],"rotation":{"angle":22.5,"axis":"y","origin":[7,4.625,3]},"faces":{"north":{"uv":[7.5625,4.5,7.6875,4.625],"texture":"#11"},"east":{"uv":[7.625,3.9375,7.75,4.0625],"texture":"#11"},"south":{"uv":[7.625,4.0625,7.75,4.1875],"texture":"#11"},"west":{"uv":[7.625,4.1875,7.75,4.3125],"texture":"#11"},"up":{"uv":[4.5625,7.75,4.4375,7.625],"texture":"#11"},"down":{"uv":[4.6875,7.625,4.5625,7.75],"texture":"#11"}}},{"from":[4.9,6.25,2.7],"to":[7.1,7.25,4.9],"rotation":{"angle":22.5,"axis":"y","origin":[7,4.625,3]},"faces":{"north":{"uv":[5.75,3.9375,5.875,4],"texture":"#11"},"east":{"uv":[5.875,3.9375,6,4],"texture":"#11"},"south":{"uv":[6,4.875,6.125,4.9375],"texture":"#11"},"west":{"uv":[6.125,4.875,6.25,4.9375],"texture":"#11"},"up":{"uv":[7.375,6.6875,7.25,6.5625],"texture":"#11"},"down":{"uv":[7.625,7.1875,7.5,7.3125],"texture":"#11"}}},{"from":[0.75,1,7.2],"to":[3.25,4,7.2],"rotation":{"angle":0,"axis":"y","origin":[2,4.625,8]},"faces":{"north":{"uv":[7.5,7,7.6875,7.1875],"texture":"#11"},"east":{"uv":[0,0,0,0.1875],"texture":"#11"},"south":{"uv":[7.125,7.5,7.3125,7.6875],"texture":"#11"},"west":{"uv":[0,0,0,0.1875],"texture":"#11"},"up":{"uv":[0.1875,0,0,0],"texture":"#11"},"down":{"uv":[0.1875,0,0,0],"texture":"#11"}}},{"from":[0.5,0,7.3],"to":[3.5,5,10.3],"rotation":{"angle":0,"axis":"y","origin":[2,4.625,8]},"faces":{"north":{"uv":[6.6875,7.0625,6.875,7.375],"texture":"#11"},"east":{"uv":[7.125,7,7.3125,7.3125],"texture":"#11"},"south":{"uv":[7.1875,2,7.375,2.3125],"texture":"#11"},"west":{"uv":[7.1875,2.3125,7.375,2.625],"texture":"#11"},"up":{"uv":[7.625,6.6875,7.4375,6.5],"texture":"#11"},"down":{"uv":[7.6875,3.4375,7.5,3.625],"texture":"#11"}}},{"from":[1,5,7.8],"to":[3,7,9.8],"rotation":{"angle":0,"axis":"y","origin":[2,4.625,8]},"faces":{"north":{"uv":[7.5625,4.5,7.6875,4.625],"texture":"#11"},"east":{"uv":[7.625,3.9375,7.75,4.0625],"texture":"#11"},"south":{"uv":[7.625,4.0625,7.75,4.1875],"texture":"#11"},"west":{"uv":[7.625,4.1875,7.75,4.3125],"texture":"#11"},"up":{"uv":[4.5625,7.75,4.4375,7.625],"texture":"#11"},"down":{"uv":[4.6875,7.625,4.5625,7.75],"texture":"#11"}}},{"from":[-12.5,10.125,5.425],"to":[-9.5,13.125,10.425],"rotation":{"angle":0,"axis":"y","origin":[-11,11.625,5.8]},"faces":{"north":{"uv":[7.5625,4.3125,7.75,4.5],"texture":"#11"},"east":{"uv":[4.4375,6.125,4.75,6.3125],"texture":"#11"},"south":{"uv":[7.625,2.375,7.8125,2.5625],"texture":"#11"},"west":{"uv":[6.9375,3.4375,7.25,3.625],"texture":"#11"},"up":{"uv":[7.375,4.5625,7.1875,4.25],"texture":"#11"},"down":{"uv":[6.375,7.3125,6.1875,7.625],"texture":"#11"}}},{"from":[-12,10.625,3.425],"to":[-10,12.625,5.425],"rotation":{"angle":0,"axis":"y","origin":[-11,11.625,5.8]},"faces":{"north":{"uv":[0.875,7.6875,1,7.8125],"texture":"#11"},"east":{"uv":[1,7.6875,1.125,7.8125],"texture":"#11"},"south":{"uv":[1.125,7.6875,1.25,7.8125],"texture":"#11"},"west":{"uv":[1.25,7.6875,1.375,7.8125],"texture":"#11"},"up":{"uv":[1.5,7.8125,1.375,7.6875],"texture":"#11"},"down":{"uv":[1.625,7.6875,1.5,7.8125],"texture":"#11"}}},{"from":[-12.1,10.525,3.175],"to":[-9.9,12.725,4.175],"rotation":{"angle":0,"axis":"y","origin":[-11,11.625,5.8]},"faces":{"north":{"uv":[1.625,7.6875,1.75,7.8125],"texture":"#11"},"east":{"uv":[7.5625,2.375,7.625,2.5],"texture":"#11"},"south":{"uv":[1.75,7.6875,1.875,7.8125],"texture":"#11"},"west":{"uv":[3.125,7.6875,3.1875,7.8125],"texture":"#11"},"up":{"uv":[7.3125,4.625,7.1875,4.5625],"texture":"#11"},"down":{"uv":[7.375,4.875,7.25,4.9375],"texture":"#11"}}},{"from":[-8.5,10.125,5.425],"to":[-5.5,13.125,10.425],"rotation":{"angle":0,"axis":"y","origin":[-7,11.625,5.8]},"faces":{"north":{"uv":[7.5625,4.3125,7.75,4.5],"texture":"#11"},"east":{"uv":[4.4375,6.125,4.75,6.3125],"texture":"#11"},"south":{"uv":[7.625,2.375,7.8125,2.5625],"texture":"#11"},"west":{"uv":[6.9375,3.4375,7.25,3.625],"texture":"#11"},"up":{"uv":[7.375,4.5625,7.1875,4.25],"texture":"#11"},"down":{"uv":[6.375,7.3125,6.1875,7.625],"texture":"#11"}}},{"from":[-8,10.625,3.425],"to":[-6,12.625,5.425],"rotation":{"angle":0,"axis":"y","origin":[-7,11.625,5.8]},"faces":{"north":{"uv":[0.875,7.6875,1,7.8125],"texture":"#11"},"east":{"uv":[1,7.6875,1.125,7.8125],"texture":"#11"},"south":{"uv":[1.125,7.6875,1.25,7.8125],"texture":"#11"},"west":{"uv":[1.25,7.6875,1.375,7.8125],"texture":"#11"},"up":{"uv":[1.5,7.8125,1.375,7.6875],"texture":"#11"},"down":{"uv":[1.625,7.6875,1.5,7.8125],"texture":"#11"}}},{"from":[-8.1,10.525,3.175],"to":[-5.9,12.725,4.175],"rotation":{"angle":0,"axis":"y","origin":[-7,11.625,5.8]},"faces":{"north":{"uv":[1.625,7.6875,1.75,7.8125],"texture":"#11"},"east":{"uv":[7.5625,2.375,7.625,2.5],"texture":"#11"},"south":{"uv":[1.75,7.6875,1.875,7.8125],"texture":"#11"},"west":{"uv":[3.125,7.6875,3.1875,7.8125],"texture":"#11"},"up":{"uv":[7.3125,4.625,7.1875,4.5625],"texture":"#11"},"down":{"uv":[7.375,4.875,7.25,4.9375],"texture":"#11"}}},{"from":[-10.5,13.125,5.425],"to":[-7.5,16.125,10.425],"rotation":{"angle":0,"axis":"y","origin":[-9,14.625,5.8]},"faces":{"north":{"uv":[7.5625,4.3125,7.75,4.5],"texture":"#11"},"east":{"uv":[4.4375,6.125,4.75,6.3125],"texture":"#11"},"south":{"uv":[7.625,2.375,7.8125,2.5625],"texture":"#11"},"west":{"uv":[6.9375,3.4375,7.25,3.625],"texture":"#11"},"up":{"uv":[7.375,4.5625,7.1875,4.25],"texture":"#11"},"down":{"uv":[6.375,7.3125,6.1875,7.625],"texture":"#11"}}},{"from":[-10,13.625,3.425],"to":[-8,15.625,5.425],"rotation":{"angle":0,"axis":"y","origin":[-9,14.625,5.8]},"faces":{"north":{"uv":[0.875,7.6875,1,7.8125],"texture":"#11"},"east":{"uv":[1,7.6875,1.125,7.8125],"texture":"#11"},"south":{"uv":[1.125,7.6875,1.25,7.8125],"texture":"#11"},"west":{"uv":[1.25,7.6875,1.375,7.8125],"texture":"#11"},"up":{"uv":[1.5,7.8125,1.375,7.6875],"texture":"#11"},"down":{"uv":[1.625,7.6875,1.5,7.8125],"texture":"#11"}}},{"from":[-10.1,13.525,3.175],"to":[-7.9,15.725,4.175],"rotation":{"angle":0,"axis":"y","origin":[-9,14.625,5.8]},"faces":{"north":{"uv":[1.625,7.6875,1.75,7.8125],"texture":"#11"},"east":{"uv":[7.5625,2.375,7.625,2.5],"texture":"#11"},"south":{"uv":[1.75,7.6875,1.875,7.8125],"texture":"#11"},"west":{"uv":[3.125,7.6875,3.1875,7.8125],"texture":"#11"},"up":{"uv":[7.3125,4.625,7.1875,4.5625],"texture":"#11"},"down":{"uv":[7.375,4.875,7.25,4.9375],"texture":"#11"}}},{"from":[-12.1,21.525,3.175],"to":[-9.9,23.725,4.175],"rotation":{"angle":0,"axis":"y","origin":[-11,22.625,5.8]},"faces":{"north":{"uv":[1.625,7.6875,1.75,7.8125],"texture":"#11"},"east":{"uv":[7.5625,2.375,7.625,2.5],"texture":"#11"},"south":{"uv":[1.75,7.6875,1.875,7.8125],"texture":"#11"},"west":{"uv":[3.125,7.6875,3.1875,7.8125],"texture":"#11"},"up":{"uv":[7.3125,4.625,7.1875,4.5625],"texture":"#11"},"down":{"uv":[7.375,4.875,7.25,4.9375],"texture":"#11"}}},{"from":[-12,21.625,3.425],"to":[-10,23.625,5.425],"rotation":{"angle":0,"axis":"y","origin":[-11,22.625,5.8]},"faces":{"north":{"uv":[0.875,7.6875,1,7.8125],"texture":"#11"},"east":{"uv":[1,7.6875,1.125,7.8125],"texture":"#11"},"south":{"uv":[1.125,7.6875,1.25,7.8125],"texture":"#11"},"west":{"uv":[1.25,7.6875,1.375,7.8125],"texture":"#11"},"up":{"uv":[1.5,7.8125,1.375,7.6875],"texture":"#11"},"down":{"uv":[1.625,7.6875,1.5,7.8125],"texture":"#11"}}},{"from":[-12.5,21.125,5.425],"to":[-9.5,24.125,10.425],"rotation":{"angle":0,"axis":"y","origin":[-11,22.625,5.8]},"faces":{"north":{"uv":[7.5625,4.3125,7.75,4.5],"texture":"#11"},"east":{"uv":[4.4375,6.125,4.75,6.3125],"texture":"#11"},"south":{"uv":[7.625,2.375,7.8125,2.5625],"texture":"#11"},"west":{"uv":[6.9375,3.4375,7.25,3.625],"texture":"#11"},"up":{"uv":[7.375,4.5625,7.1875,4.25],"texture":"#11"},"down":{"uv":[6.375,7.3125,6.1875,7.625],"texture":"#11"}}},{"from":[-8.1,21.525,3.175],"to":[-5.9,23.725,4.175],"rotation":{"angle":0,"axis":"y","origin":[-7,22.625,5.8]},"faces":{"north":{"uv":[1.625,7.6875,1.75,7.8125],"texture":"#11"},"east":{"uv":[7.5625,2.375,7.625,2.5],"texture":"#11"},"south":{"uv":[1.75,7.6875,1.875,7.8125],"texture":"#11"},"west":{"uv":[3.125,7.6875,3.1875,7.8125],"texture":"#11"},"up":{"uv":[7.3125,4.625,7.1875,4.5625],"texture":"#11"},"down":{"uv":[7.375,4.875,7.25,4.9375],"texture":"#11"}}},{"from":[-8,21.625,3.425],"to":[-6,23.625,5.425],"rotation":{"angle":0,"axis":"y","origin":[-7,22.625,5.8]},"faces":{"north":{"uv":[0.875,7.6875,1,7.8125],"texture":"#11"},"east":{"uv":[1,7.6875,1.125,7.8125],"texture":"#11"},"south":{"uv":[1.125,7.6875,1.25,7.8125],"texture":"#11"},"west":{"uv":[1.25,7.6875,1.375,7.8125],"texture":"#11"},"up":{"uv":[1.5,7.8125,1.375,7.6875],"texture":"#11"},"down":{"uv":[1.625,7.6875,1.5,7.8125],"texture":"#11"}}},{"from":[-8.5,21.125,5.425],"to":[-5.5,24.125,10.425],"rotation":{"angle":0,"axis":"y","origin":[-7,22.625,5.8]},"faces":{"north":{"uv":[7.5625,4.3125,7.75,4.5],"texture":"#11"},"east":{"uv":[4.4375,6.125,4.75,6.3125],"texture":"#11"},"south":{"uv":[7.625,2.375,7.8125,2.5625],"texture":"#11"},"west":{"uv":[6.9375,3.4375,7.25,3.625],"texture":"#11"},"up":{"uv":[7.375,4.5625,7.1875,4.25],"texture":"#11"},"down":{"uv":[6.375,7.3125,6.1875,7.625],"texture":"#11"}}},{"from":[-10.1,24.525,3.175],"to":[-7.9,26.725,4.175],"rotation":{"angle":0,"axis":"y","origin":[-9,25.625,5.8]},"faces":{"north":{"uv":[1.625,7.6875,1.75,7.8125],"texture":"#11"},"east":{"uv":[7.5625,2.375,7.625,2.5],"texture":"#11"},"south":{"uv":[1.75,7.6875,1.875,7.8125],"texture":"#11"},"west":{"uv":[3.125,7.6875,3.1875,7.8125],"texture":"#11"},"up":{"uv":[7.3125,4.625,7.1875,4.5625],"texture":"#11"},"down":{"uv":[7.375,4.875,7.25,4.9375],"texture":"#11"}}},{"from":[-10,24.625,3.425],"to":[-8,26.625,5.425],"rotation":{"angle":0,"axis":"y","origin":[-9,25.625,5.8]},"faces":{"north":{"uv":[0.875,7.6875,1,7.8125],"texture":"#11"},"east":{"uv":[1,7.6875,1.125,7.8125],"texture":"#11"},"south":{"uv":[1.125,7.6875,1.25,7.8125],"texture":"#11"},"west":{"uv":[1.25,7.6875,1.375,7.8125],"texture":"#11"},"up":{"uv":[1.5,7.8125,1.375,7.6875],"texture":"#11"},"down":{"uv":[1.625,7.6875,1.5,7.8125],"texture":"#11"}}},{"from":[-10.5,24.125,5.425],"to":[-7.5,27.125,10.425],"rotation":{"angle":0,"axis":"y","origin":[-9,25.625,5.8]},"faces":{"north":{"uv":[7.5625,4.3125,7.75,4.5],"texture":"#11"},"east":{"uv":[4.4375,6.125,4.75,6.3125],"texture":"#11"},"south":{"uv":[7.625,2.375,7.8125,2.5625],"texture":"#11"},"west":{"uv":[6.9375,3.4375,7.25,3.625],"texture":"#11"},"up":{"uv":[7.375,4.5625,7.1875,4.25],"texture":"#11"},"down":{"uv":[6.375,7.3125,6.1875,7.625],"texture":"#11"}}},{"from":[7.5,1,7.2],"to":[10.5,4,7.2],"rotation":{"angle":22.5,"axis":"y","origin":[9,4.625,8]},"faces":{"north":{"uv":[7.5625,2,7.75,2.1875],"texture":"#11"},"east":{"uv":[0,0,0,0.1875],"texture":"#11"},"south":{"uv":[7.5625,2.1875,7.75,2.375],"texture":"#11"},"west":{"uv":[0,0,0,0.1875],"texture":"#11"},"up":{"uv":[0.1875,0,0,0],"texture":"#11"},"down":{"uv":[0.1875,0,0,0],"texture":"#11"}}},{"from":[7,0,7.3],"to":[11,5,10.3],"rotation":{"angle":22.5,"axis":"y","origin":[9,4.625,8]},"faces":{"north":{"uv":[4.4375,5.8125,4.6875,6.125],"texture":"#11"},"east":{"uv":[7.1875,2.625,7.375,2.9375],"texture":"#11"},"south":{"uv":[4.6875,5.8125,4.9375,6.125],"texture":"#11"},"west":{"uv":[7.1875,3.9375,7.375,4.25],"texture":"#11"},"up":{"uv":[7.625,4.125,7.375,3.9375],"texture":"#11"},"down":{"uv":[7.625,4.125,7.375,4.3125],"texture":"#11"}}},{"from":[8,5,7.8],"to":[10,7,9.8],"rotation":{"angle":22.5,"axis":"y","origin":[9,4.625,8]},"faces":{"north":{"uv":[7.625,7.3125,7.75,7.4375],"texture":"#11"},"east":{"uv":[0,7.6875,0.125,7.8125],"texture":"#11"},"south":{"uv":[0.125,7.6875,0.25,7.8125],"texture":"#11"},"west":{"uv":[0.25,7.6875,0.375,7.8125],"texture":"#11"},"up":{"uv":[0.5,7.8125,0.375,7.6875],"texture":"#11"},"down":{"uv":[0.625,7.6875,0.5,7.8125],"texture":"#11"}}},{"from":[7.9,6.25,7.7],"to":[10.1,7.25,9.9],"rotation":{"angle":22.5,"axis":"y","origin":[9,4.625,8]},"faces":{"north":{"uv":[6.75,4.875,6.875,4.9375],"texture":"#11"},"east":{"uv":[6.875,4.875,7,4.9375],"texture":"#11"},"south":{"uv":[7,4.875,7.125,4.9375],"texture":"#11"},"west":{"uv":[7.125,4.875,7.25,4.9375],"texture":"#11"},"up":{"uv":[0.75,7.8125,0.625,7.6875],"texture":"#11"},"down":{"uv":[0.875,7.6875,0.75,7.8125],"texture":"#11"}}},{"from":[24.58658,10.5,7.8194],"to":[27.58658,13.5,7.8194],"rotation":{"angle":22.5,"axis":"y","origin":[26.08658,13.875,8.6194]},"faces":{"north":{"uv":[7.3125,7.5,7.5,7.6875],"texture":"#11"},"east":{"uv":[0,0,0,0.1875],"texture":"#11"},"south":{"uv":[7.5,7.5,7.6875,7.6875],"texture":"#11"},"west":{"uv":[0,0,0,0.1875],"texture":"#11"},"up":{"uv":[0.1875,0,0,0],"texture":"#11"},"down":{"uv":[0.1875,0,0,0],"texture":"#11"}}},{"from":[24.08658,10,7.9194],"to":[28.08658,14,10.9194],"rotation":{"angle":22.5,"axis":"y","origin":[26.08658,13.875,8.6194]},"faces":{"north":{"uv":[6.9375,3.9375,7.1875,4.1875],"texture":"#11"},"east":{"uv":[7.375,2,7.5625,2.25],"texture":"#11"},"south":{"uv":[6.9375,4.1875,7.1875,4.4375],"texture":"#11"},"west":{"uv":[7.375,2.25,7.5625,2.5],"texture":"#11"},"up":{"uv":[7.625,2.6875,7.375,2.5],"texture":"#11"},"down":{"uv":[7.625,2.6875,7.375,2.875],"texture":"#11"}}},{"from":[25.08658,14,8.4194],"to":[27.08658,16,10.4194],"rotation":{"angle":22.5,"axis":"y","origin":[26.08658,13.875,8.6194]},"faces":{"north":{"uv":[4.6875,7.625,4.8125,7.75],"texture":"#11"},"east":{"uv":[4.8125,7.625,4.9375,7.75],"texture":"#11"},"south":{"uv":[6.1875,7.625,6.3125,7.75],"texture":"#11"},"west":{"uv":[6.3125,7.625,6.4375,7.75],"texture":"#11"},"up":{"uv":[6.5625,7.75,6.4375,7.625],"texture":"#11"},"down":{"uv":[7.75,6.5,7.625,6.625],"texture":"#11"}}},{"from":[24.98658,15.25,8.3194],"to":[27.18658,16.25,10.5194],"rotation":{"angle":22.5,"axis":"y","origin":[26.08658,13.875,8.6194]},"faces":{"north":{"uv":[6.25,4.875,6.375,4.9375],"texture":"#11"},"east":{"uv":[6.375,4.875,6.5,4.9375],"texture":"#11"},"south":{"uv":[6.5,4.875,6.625,4.9375],"texture":"#11"},"west":{"uv":[6.625,4.875,6.75,4.9375],"texture":"#11"},"up":{"uv":[6.6875,7.75,6.5625,7.625],"texture":"#11"},"down":{"uv":[7.75,7.1875,7.625,7.3125],"texture":"#11"}}},{"from":[21.33658,10.5,4.8194],"to":[24.33658,13.5,4.8194],"rotation":{"angle":45,"axis":"y","origin":[22.83658,13.875,5.6194]},"faces":{"north":{"uv":[7.3125,7.5,7.5,7.6875],"texture":"#11"},"east":{"uv":[0,0,0,0.1875],"texture":"#11"},"south":{"uv":[7.5,7.5,7.6875,7.6875],"texture":"#11"},"west":{"uv":[0,0,0,0.1875],"texture":"#11"},"up":{"uv":[0.1875,0,0,0],"texture":"#11"},"down":{"uv":[0.1875,0,0,0],"texture":"#11"}}},{"from":[20.83658,10,4.9194],"to":[24.83658,14,7.9194],"rotation":{"angle":45,"axis":"y","origin":[22.83658,13.875,5.6194]},"faces":{"north":{"uv":[6.9375,3.9375,7.1875,4.1875],"texture":"#11"},"east":{"uv":[7.375,2,7.5625,2.25],"texture":"#11"},"south":{"uv":[6.9375,4.1875,7.1875,4.4375],"texture":"#11"},"west":{"uv":[7.375,2.25,7.5625,2.5],"texture":"#11"},"up":{"uv":[7.625,2.6875,7.375,2.5],"texture":"#11"},"down":{"uv":[7.625,2.6875,7.375,2.875],"texture":"#11"}}},{"from":[21.83658,14,5.4194],"to":[23.83658,16,7.4194],"rotation":{"angle":45,"axis":"y","origin":[22.83658,13.875,5.6194]},"faces":{"north":{"uv":[4.6875,7.625,4.8125,7.75],"texture":"#11"},"east":{"uv":[4.8125,7.625,4.9375,7.75],"texture":"#11"},"south":{"uv":[6.1875,7.625,6.3125,7.75],"texture":"#11"},"west":{"uv":[6.3125,7.625,6.4375,7.75],"texture":"#11"},"up":{"uv":[6.5625,7.75,6.4375,7.625],"texture":"#11"},"down":{"uv":[7.75,6.5,7.625,6.625],"texture":"#11"}}},{"from":[21.73658,15.25,5.3194],"to":[23.93658,16.25,7.5194],"rotation":{"angle":45,"axis":"y","origin":[22.83658,13.875,5.6194]},"faces":{"north":{"uv":[6.25,4.875,6.375,4.9375],"texture":"#11"},"east":{"uv":[6.375,4.875,6.5,4.9375],"texture":"#11"},"south":{"uv":[6.5,4.875,6.625,4.9375],"texture":"#11"},"west":{"uv":[6.625,4.875,6.75,4.9375],"texture":"#11"},"up":{"uv":[6.6875,7.75,6.5625,7.625],"texture":"#11"},"down":{"uv":[7.75,7.1875,7.625,7.3125],"texture":"#11"}}},{"from":[18.75,11,8.2],"to":[21.25,14,8.2],"rotation":{"angle":22.5,"axis":"y","origin":[21,14.625,9]},"faces":{"north":{"uv":[7.5,7,7.6875,7.1875],"texture":"#11"},"east":{"uv":[0,0,0,0.1875],"texture":"#11"},"south":{"uv":[7.125,7.5,7.3125,7.6875],"texture":"#11"},"west":{"uv":[0,0,0,0.1875],"texture":"#11"},"up":{"uv":[0.1875,0,0,0],"texture":"#11"},"down":{"uv":[0.1875,0,0,0],"texture":"#11"}}},{"from":[18.5,10,8.3],"to":[21.5,15,11.3],"rotation":{"angle":22.5,"axis":"y","origin":[21,14.625,9]},"faces":{"north":{"uv":[6.6875,7.0625,6.875,7.375],"texture":"#11"},"east":{"uv":[7.125,7,7.3125,7.3125],"texture":"#11"},"south":{"uv":[7.1875,2,7.375,2.3125],"texture":"#11"},"west":{"uv":[7.1875,2.3125,7.375,2.625],"texture":"#11"},"up":{"uv":[7.625,6.6875,7.4375,6.5],"texture":"#11"},"down":{"uv":[7.6875,3.4375,7.5,3.625],"texture":"#11"}}},{"from":[19,15,8.8],"to":[21,17,10.8],"rotation":{"angle":22.5,"axis":"y","origin":[21,14.625,9]},"faces":{"north":{"uv":[7.5625,4.5,7.6875,4.625],"texture":"#11"},"east":{"uv":[7.625,3.9375,7.75,4.0625],"texture":"#11"},"south":{"uv":[7.625,4.0625,7.75,4.1875],"texture":"#11"},"west":{"uv":[7.625,4.1875,7.75,4.3125],"texture":"#11"},"up":{"uv":[4.5625,7.75,4.4375,7.625],"texture":"#11"},"down":{"uv":[4.6875,7.625,4.5625,7.75],"texture":"#11"}}},{"from":[18.9,16.25,8.7],"to":[21.1,17.25,10.9],"rotation":{"angle":22.5,"axis":"y","origin":[21,14.625,9]},"faces":{"north":{"uv":[5.75,3.9375,5.875,4],"texture":"#11"},"east":{"uv":[5.875,3.9375,6,4],"texture":"#11"},"south":{"uv":[6,4.875,6.125,4.9375],"texture":"#11"},"west":{"uv":[6.125,4.875,6.25,4.9375],"texture":"#11"},"up":{"uv":[7.375,6.6875,7.25,6.5625],"texture":"#11"},"down":{"uv":[7.625,7.1875,7.5,7.3125],"texture":"#11"}}},{"from":[5.5,11,8.2],"to":[8.5,14,8.2],"rotation":{"angle":0,"axis":"y","origin":[5.25,11,8.2]},"faces":{"north":{"uv":[7.5625,2,7.75,2.1875],"texture":"#11"},"east":{"uv":[0,0,0,0.1875],"texture":"#11"},"south":{"uv":[7.5625,2.1875,7.75,2.375],"texture":"#11"},"west":{"uv":[0,0,0,0.1875],"texture":"#11"},"up":{"uv":[0.1875,0,0,0],"texture":"#11"},"down":{"uv":[0.1875,0,0,0],"texture":"#11"}}},{"from":[5.9,16.25,8.7],"to":[8.1,17.25,10.9],"rotation":{"angle":0,"axis":"y","origin":[5,15.25,8.8]},"faces":{"north":{"uv":[6.75,4.875,6.875,4.9375],"texture":"#11"},"east":{"uv":[6.875,4.875,7,4.9375],"texture":"#11"},"south":{"uv":[7,4.875,7.125,4.9375],"texture":"#11"},"west":{"uv":[7.125,4.875,7.25,4.9375],"texture":"#11"},"up":{"uv":[0.75,7.8125,0.625,7.6875],"texture":"#11"},"down":{"uv":[0.875,7.6875,0.75,7.8125],"texture":"#11"}}},{"from":[6,15,8.8],"to":[8,17,10.8],"rotation":{"angle":0,"axis":"y","origin":[5,15,8.8]},"faces":{"north":{"uv":[7.625,7.3125,7.75,7.4375],"texture":"#11"},"east":{"uv":[0,7.6875,0.125,7.8125],"texture":"#11"},"south":{"uv":[0.125,7.6875,0.25,7.8125],"texture":"#11"},"west":{"uv":[0.25,7.6875,0.375,7.8125],"texture":"#11"},"up":{"uv":[0.5,7.8125,0.375,7.6875],"texture":"#11"},"down":{"uv":[0.625,7.6875,0.5,7.8125],"texture":"#11"}}},{"from":[5,10,8.3],"to":[9,15,11.3],"rotation":{"angle":0,"axis":"y","origin":[6,10,8.3]},"faces":{"north":{"uv":[4.4375,5.8125,4.6875,6.125],"texture":"#11"},"east":{"uv":[7.1875,2.625,7.375,2.9375],"texture":"#11"},"south":{"uv":[4.6875,5.8125,4.9375,6.125],"texture":"#11"},"west":{"uv":[7.1875,3.9375,7.375,4.25],"texture":"#11"},"up":{"uv":[7.625,4.125,7.375,3.9375],"texture":"#11"},"down":{"uv":[7.625,4.125,7.375,4.3125],"texture":"#11"}}},{"from":[8.5,10.5,3.2],"to":[11.5,13.5,3.2],"rotation":{"angle":-22.5,"axis":"y","origin":[10,13.875,4]},"faces":{"north":{"uv":[7.3125,7.5,7.5,7.6875],"texture":"#11"},"east":{"uv":[0,0,0,0.1875],"texture":"#11"},"south":{"uv":[7.5,7.5,7.6875,7.6875],"texture":"#11"},"west":{"uv":[0,0,0,0.1875],"texture":"#11"},"up":{"uv":[0.1875,0,0,0],"texture":"#11"},"down":{"uv":[0.1875,0,0,0],"texture":"#11"}}},{"from":[8.9,15.25,3.7],"to":[11.1,16.25,5.9],"rotation":{"angle":-22.5,"axis":"y","origin":[10,13.875,4]},"faces":{"north":{"uv":[6.25,4.875,6.375,4.9375],"texture":"#11"},"east":{"uv":[6.375,4.875,6.5,4.9375],"texture":"#11"},"south":{"uv":[6.5,4.875,6.625,4.9375],"texture":"#11"},"west":{"uv":[6.625,4.875,6.75,4.9375],"texture":"#11"},"up":{"uv":[6.6875,7.75,6.5625,7.625],"texture":"#11"},"down":{"uv":[7.75,7.1875,7.625,7.3125],"texture":"#11"}}},{"from":[9,14,3.8],"to":[11,16,5.8],"rotation":{"angle":-22.5,"axis":"y","origin":[10,13.875,4]},"faces":{"north":{"uv":[4.6875,7.625,4.8125,7.75],"texture":"#11"},"east":{"uv":[4.8125,7.625,4.9375,7.75],"texture":"#11"},"south":{"uv":[6.1875,7.625,6.3125,7.75],"texture":"#11"},"west":{"uv":[6.3125,7.625,6.4375,7.75],"texture":"#11"},"up":{"uv":[6.5625,7.75,6.4375,7.625],"texture":"#11"},"down":{"uv":[7.75,6.5,7.625,6.625],"texture":"#11"}}},{"from":[8,10,3.3],"to":[12,14,6.3],"rotation":{"angle":-22.5,"axis":"y","origin":[10,13.875,4]},"faces":{"north":{"uv":[6.9375,3.9375,7.1875,4.1875],"texture":"#11"},"east":{"uv":[7.375,2,7.5625,2.25],"texture":"#11"},"south":{"uv":[6.9375,4.1875,7.1875,4.4375],"texture":"#11"},"west":{"uv":[7.375,2.25,7.5625,2.5],"texture":"#11"},"up":{"uv":[7.625,2.6875,7.375,2.5],"texture":"#11"},"down":{"uv":[7.625,2.6875,7.375,2.875],"texture":"#11"}}},{"from":[11.75,11,8.2],"to":[14.25,14,8.2],"rotation":{"angle":0,"axis":"y","origin":[13,14.625,9]},"faces":{"north":{"uv":[7.5,7,7.6875,7.1875],"texture":"#11"},"east":{"uv":[0,0,0,0.1875],"texture":"#11"},"south":{"uv":[7.125,7.5,7.3125,7.6875],"texture":"#11"},"west":{"uv":[0,0,0,0.1875],"texture":"#11"},"up":{"uv":[0.1875,0,0,0],"texture":"#11"},"down":{"uv":[0.1875,0,0,0],"texture":"#11"}}},{"from":[11.9,16.25,8.7],"to":[14.1,17.25,10.9],"rotation":{"angle":0,"axis":"y","origin":[13,14.625,9]},"faces":{"north":{"uv":[5.75,3.9375,5.875,4],"texture":"#11"},"east":{"uv":[5.875,3.9375,6,4],"texture":"#11"},"south":{"uv":[6,4.875,6.125,4.9375],"texture":"#11"},"west":{"uv":[6.125,4.875,6.25,4.9375],"texture":"#11"},"up":{"uv":[7.375,6.6875,7.25,6.5625],"texture":"#11"},"down":{"uv":[7.625,7.1875,7.5,7.3125],"texture":"#11"}}},{"from":[12,15,8.8],"to":[14,17,10.8],"rotation":{"angle":0,"axis":"y","origin":[13,14.625,9]},"faces":{"north":{"uv":[7.5625,4.5,7.6875,4.625],"texture":"#11"},"east":{"uv":[7.625,3.9375,7.75,4.0625],"texture":"#11"},"south":{"uv":[7.625,4.0625,7.75,4.1875],"texture":"#11"},"west":{"uv":[7.625,4.1875,7.75,4.3125],"texture":"#11"},"up":{"uv":[4.5625,7.75,4.4375,7.625],"texture":"#11"},"down":{"uv":[4.6875,7.625,4.5625,7.75],"texture":"#11"}}},{"from":[11.5,10,8.3],"to":[14.5,15,11.3],"rotation":{"angle":0,"axis":"y","origin":[13,14.625,9]},"faces":{"north":{"uv":[6.6875,7.0625,6.875,7.375],"texture":"#11"},"east":{"uv":[7.125,7,7.3125,7.3125],"texture":"#11"},"south":{"uv":[7.1875,2,7.375,2.3125],"texture":"#11"},"west":{"uv":[7.1875,2.3125,7.375,2.625],"texture":"#11"},"up":{"uv":[7.625,6.6875,7.4375,6.5],"texture":"#11"},"down":{"uv":[7.6875,3.4375,7.5,3.625],"texture":"#11"}}},{"from":[18.9,27.25,8.7],"to":[21.1,28.25,10.9],"rotation":{"angle":22.5,"axis":"y","origin":[20,25.625,9]},"faces":{"north":{"uv":[6.75,4.875,6.875,4.9375],"texture":"#11"},"east":{"uv":[6.875,4.875,7,4.9375],"texture":"#11"},"south":{"uv":[7,4.875,7.125,4.9375],"texture":"#11"},"west":{"uv":[7.125,4.875,7.25,4.9375],"texture":"#11"},"up":{"uv":[0.75,7.8125,0.625,7.6875],"texture":"#11"},"down":{"uv":[0.875,7.6875,0.75,7.8125],"texture":"#11"}}},{"from":[19,26,8.8],"to":[21,28,10.8],"rotation":{"angle":22.5,"axis":"y","origin":[20,25.625,9]},"faces":{"north":{"uv":[7.625,7.3125,7.75,7.4375],"texture":"#11"},"east":{"uv":[0,7.6875,0.125,7.8125],"texture":"#11"},"south":{"uv":[0.125,7.6875,0.25,7.8125],"texture":"#11"},"west":{"uv":[0.25,7.6875,0.375,7.8125],"texture":"#11"},"up":{"uv":[0.5,7.8125,0.375,7.6875],"texture":"#11"},"down":{"uv":[0.625,7.6875,0.5,7.8125],"texture":"#11"}}},{"from":[18,21,8.3],"to":[22,26,11.3],"rotation":{"angle":22.5,"axis":"y","origin":[20,25.625,9]},"faces":{"north":{"uv":[4.4375,5.8125,4.6875,6.125],"texture":"#11"},"east":{"uv":[7.1875,2.625,7.375,2.9375],"texture":"#11"},"south":{"uv":[4.6875,5.8125,4.9375,6.125],"texture":"#11"},"west":{"uv":[7.1875,3.9375,7.375,4.25],"texture":"#11"},"up":{"uv":[7.625,4.125,7.375,3.9375],"texture":"#11"},"down":{"uv":[7.625,4.125,7.375,4.3125],"texture":"#11"}}},{"from":[18.5,22,8.2],"to":[21.5,25,8.2],"rotation":{"angle":22.5,"axis":"y","origin":[20,25.625,9]},"faces":{"north":{"uv":[7.5625,2,7.75,2.1875],"texture":"#11"},"east":{"uv":[0,0,0,0.1875],"texture":"#11"},"south":{"uv":[7.5625,2.1875,7.75,2.375],"texture":"#11"},"west":{"uv":[0,0,0,0.1875],"texture":"#11"},"up":{"uv":[0.1875,0,0,0],"texture":"#11"},"down":{"uv":[0.1875,0,0,0],"texture":"#11"}}},{"from":[11.9,27.25,8.7],"to":[14.1,28.25,10.9],"rotation":{"angle":0,"axis":"y","origin":[13,25.625,9]},"faces":{"north":{"uv":[5.75,3.9375,5.875,4],"texture":"#11"},"east":{"uv":[5.875,3.9375,6,4],"texture":"#11"},"south":{"uv":[6,4.875,6.125,4.9375],"texture":"#11"},"west":{"uv":[6.125,4.875,6.25,4.9375],"texture":"#11"},"up":{"uv":[7.375,6.6875,7.25,6.5625],"texture":"#11"},"down":{"uv":[7.625,7.1875,7.5,7.3125],"texture":"#11"}}},{"from":[12,26,8.8],"to":[14,28,10.8],"rotation":{"angle":0,"axis":"y","origin":[13,25.625,9]},"faces":{"north":{"uv":[7.5625,4.5,7.6875,4.625],"texture":"#11"},"east":{"uv":[7.625,3.9375,7.75,4.0625],"texture":"#11"},"south":{"uv":[7.625,4.0625,7.75,4.1875],"texture":"#11"},"west":{"uv":[7.625,4.1875,7.75,4.3125],"texture":"#11"},"up":{"uv":[4.5625,7.75,4.4375,7.625],"texture":"#11"},"down":{"uv":[4.6875,7.625,4.5625,7.75],"texture":"#11"}}},{"from":[11.5,21,8.3],"to":[14.5,26,11.3],"rotation":{"angle":0,"axis":"y","origin":[13,25.625,9]},"faces":{"north":{"uv":[6.6875,7.0625,6.875,7.375],"texture":"#11"},"east":{"uv":[7.125,7,7.3125,7.3125],"texture":"#11"},"south":{"uv":[7.1875,2,7.375,2.3125],"texture":"#11"},"west":{"uv":[7.1875,2.3125,7.375,2.625],"texture":"#11"},"up":{"uv":[7.625,6.6875,7.4375,6.5],"texture":"#11"},"down":{"uv":[7.6875,3.4375,7.5,3.625],"texture":"#11"}}},{"from":[11.75,22,8.2],"to":[14.25,25,8.2],"rotation":{"angle":0,"axis":"y","origin":[13,25.625,9]},"faces":{"north":{"uv":[7.5,7,7.6875,7.1875],"texture":"#11"},"east":{"uv":[0,0,0,0.1875],"texture":"#11"},"south":{"uv":[7.125,7.5,7.3125,7.6875],"texture":"#11"},"west":{"uv":[0,0,0,0.1875],"texture":"#11"},"up":{"uv":[0.1875,0,0,0],"texture":"#11"},"down":{"uv":[0.1875,0,0,0],"texture":"#11"}}},{"from":[15.9,27.25,3.7],"to":[18.1,28.25,5.9],"rotation":{"angle":22.5,"axis":"y","origin":[18,25.625,4]},"faces":{"north":{"uv":[5.75,3.9375,5.875,4],"texture":"#11"},"east":{"uv":[5.875,3.9375,6,4],"texture":"#11"},"south":{"uv":[6,4.875,6.125,4.9375],"texture":"#11"},"west":{"uv":[6.125,4.875,6.25,4.9375],"texture":"#11"},"up":{"uv":[7.375,6.6875,7.25,6.5625],"texture":"#11"},"down":{"uv":[7.625,7.1875,7.5,7.3125],"texture":"#11"}}},{"from":[16,26,3.8],"to":[18,28,5.8],"rotation":{"angle":22.5,"axis":"y","origin":[18,25.625,4]},"faces":{"north":{"uv":[7.5625,4.5,7.6875,4.625],"texture":"#11"},"east":{"uv":[7.625,3.9375,7.75,4.0625],"texture":"#11"},"south":{"uv":[7.625,4.0625,7.75,4.1875],"texture":"#11"},"west":{"uv":[7.625,4.1875,7.75,4.3125],"texture":"#11"},"up":{"uv":[4.5625,7.75,4.4375,7.625],"texture":"#11"},"down":{"uv":[4.6875,7.625,4.5625,7.75],"texture":"#11"}}},{"from":[15.5,21,3.3],"to":[18.5,26,6.3],"rotation":{"angle":22.5,"axis":"y","origin":[18,25.625,4]},"faces":{"north":{"uv":[6.6875,7.0625,6.875,7.375],"texture":"#11"},"east":{"uv":[7.125,7,7.3125,7.3125],"texture":"#11"},"south":{"uv":[7.1875,2,7.375,2.3125],"texture":"#11"},"west":{"uv":[7.1875,2.3125,7.375,2.625],"texture":"#11"},"up":{"uv":[7.625,6.6875,7.4375,6.5],"texture":"#11"},"down":{"uv":[7.6875,3.4375,7.5,3.625],"texture":"#11"}}},{"from":[15.75,22,3.2],"to":[18.25,25,3.2],"rotation":{"angle":22.5,"axis":"y","origin":[18,25.625,4]},"faces":{"north":{"uv":[7.5,7,7.6875,7.1875],"texture":"#11"},"east":{"uv":[0,0,0,0.1875],"texture":"#11"},"south":{"uv":[7.125,7.5,7.3125,7.6875],"texture":"#11"},"west":{"uv":[0,0,0,0.1875],"texture":"#11"},"up":{"uv":[0.1875,0,0,0],"texture":"#11"},"down":{"uv":[0.1875,0,0,0],"texture":"#11"}}},{"from":[6.9,27.25,8.7],"to":[9.1,28.25,10.9],"rotation":{"angle":-22.5,"axis":"y","origin":[7,25.625,9]},"faces":{"north":{"uv":[7.1875,4.5625,7.3125,4.625],"texture":"#11"},"east":{"uv":[7.3125,4.5625,7.4375,4.625],"texture":"#11"},"south":{"uv":[7.25,4.875,7.375,4.9375],"texture":"#11"},"west":{"uv":[6.5625,7.3125,6.6875,7.375],"texture":"#11"},"up":{"uv":[1.75,7.8125,1.625,7.6875],"texture":"#11"},"down":{"uv":[1.875,7.6875,1.75,7.8125],"texture":"#11"}}},{"from":[7,26,8.8],"to":[9,28,10.8],"rotation":{"angle":-22.5,"axis":"y","origin":[7,25.625,9]},"faces":{"north":{"uv":[1.375,7.6875,1.5,7.8125],"texture":"#11"},"east":{"uv":[1.875,7.6875,2,7.8125],"texture":"#11"},"south":{"uv":[1.5,7.6875,1.625,7.8125],"texture":"#11"},"west":{"uv":[2,7.6875,2.125,7.8125],"texture":"#11"},"up":{"uv":[1,7.8125,0.875,7.6875],"texture":"#11"},"down":{"uv":[1.25,7.6875,1.125,7.8125],"texture":"#11"}}},{"from":[6.5,21,8.3],"to":[9.5,26,11.3],"rotation":{"angle":-22.5,"axis":"y","origin":[7,25.625,9]},"faces":{"north":{"uv":[7.1875,4.25,7.375,4.5625],"texture":"#11"},"east":{"uv":[6.375,7.3125,6.5625,7.625],"texture":"#11"},"south":{"uv":[6.1875,7.3125,6.375,7.625],"texture":"#11"},"west":{"uv":[7.3125,7,7.5,7.3125],"texture":"#11"},"up":{"uv":[7.75,4.5,7.5625,4.3125],"texture":"#11"},"down":{"uv":[7.8125,2.375,7.625,2.5625],"texture":"#11"}}},{"from":[6.75,22,8.2],"to":[9.25,25,8.2],"rotation":{"angle":-22.5,"axis":"y","origin":[7,25.625,9]},"faces":{"north":{"uv":[7.625,2.5625,7.8125,2.75],"texture":"#11"},"east":{"uv":[0,0,0,0.1875],"texture":"#11"},"south":{"uv":[7.625,2.75,7.8125,2.9375],"texture":"#11"},"west":{"uv":[0,0,0,0.1875],"texture":"#11"},"up":{"uv":[0.1875,0,0,0],"texture":"#11"},"down":{"uv":[0.1875,0,0,0],"texture":"#11"}}},{"from":[4.06342,26.25,5.3194],"to":[6.26342,27.25,7.5194],"rotation":{"angle":-45,"axis":"y","origin":[5.16342,24.875,5.6194]},"faces":{"north":{"uv":[7.375,2.875,7.5,2.9375],"texture":"#11"},"east":{"uv":[7.375,4.875,7.5,4.9375],"texture":"#11"},"south":{"uv":[7.4375,4.5625,7.5625,4.625],"texture":"#11"},"west":{"uv":[7.5,2.875,7.625,2.9375],"texture":"#11"},"up":{"uv":[2.25,7.8125,2.125,7.6875],"texture":"#11"},"down":{"uv":[2.375,7.6875,2.25,7.8125],"texture":"#11"}}},{"from":[4.16342,25,5.4194],"to":[6.16342,27,7.4194],"rotation":{"angle":-45,"axis":"y","origin":[5.16342,24.875,5.6194]},"faces":{"north":{"uv":[2.375,7.6875,2.5,7.8125],"texture":"#11"},"east":{"uv":[2.5,7.6875,2.625,7.8125],"texture":"#11"},"south":{"uv":[2.625,7.6875,2.75,7.8125],"texture":"#11"},"west":{"uv":[2.75,7.6875,2.875,7.8125],"texture":"#11"},"up":{"uv":[3,7.8125,2.875,7.6875],"texture":"#11"},"down":{"uv":[3.125,7.6875,3,7.8125],"texture":"#11"}}},{"from":[3.16342,21,4.9194],"to":[7.16342,25,7.9194],"rotation":{"angle":-45,"axis":"y","origin":[5.16342,24.875,5.6194]},"faces":{"north":{"uv":[6.1875,7.0625,6.4375,7.3125],"texture":"#11"},"east":{"uv":[7.375,4.3125,7.5625,4.5625],"texture":"#11"},"south":{"uv":[6.4375,7.0625,6.6875,7.3125],"texture":"#11"},"west":{"uv":[6.5625,7.375,6.75,7.625],"texture":"#11"},"up":{"uv":[7.625,7.5,7.375,7.3125],"texture":"#11"},"down":{"uv":[7.6875,6.3125,7.4375,6.5],"texture":"#11"}}},{"from":[3.66342,21.5,4.8194],"to":[6.66342,24.5,4.8194],"rotation":{"angle":-45,"axis":"y","origin":[5.16342,24.875,5.6194]},"faces":{"north":{"uv":[7.625,3.1875,7.8125,3.375],"texture":"#11"},"east":{"uv":[0,0,0,0.1875],"texture":"#11"},"south":{"uv":[7.625,3.625,7.8125,3.8125],"texture":"#11"},"west":{"uv":[0,0,0,0.1875],"texture":"#11"},"up":{"uv":[0.1875,0,0,0],"texture":"#11"},"down":{"uv":[0.1875,0,0,0],"texture":"#11"}}},{"from":[0.81342,26.25,8.3194],"to":[3.01342,27.25,10.5194],"rotation":{"angle":-22.5,"axis":"y","origin":[1.91342,24.875,8.6194]},"faces":{"north":{"uv":[7.375,2.875,7.5,2.9375],"texture":"#11"},"east":{"uv":[7.375,4.875,7.5,4.9375],"texture":"#11"},"south":{"uv":[7.4375,4.5625,7.5625,4.625],"texture":"#11"},"west":{"uv":[7.5,2.875,7.625,2.9375],"texture":"#11"},"up":{"uv":[2.25,7.8125,2.125,7.6875],"texture":"#11"},"down":{"uv":[2.375,7.6875,2.25,7.8125],"texture":"#11"}}},{"from":[0.91342,25,8.4194],"to":[2.91342,27,10.4194],"rotation":{"angle":-22.5,"axis":"y","origin":[1.91342,24.875,8.6194]},"faces":{"north":{"uv":[2.375,7.6875,2.5,7.8125],"texture":"#11"},"east":{"uv":[2.5,7.6875,2.625,7.8125],"texture":"#11"},"south":{"uv":[2.625,7.6875,2.75,7.8125],"texture":"#11"},"west":{"uv":[2.75,7.6875,2.875,7.8125],"texture":"#11"},"up":{"uv":[3,7.8125,2.875,7.6875],"texture":"#11"},"down":{"uv":[3.125,7.6875,3,7.8125],"texture":"#11"}}},{"from":[-0.08658,21,7.9194],"to":[3.91342,25,10.9194],"rotation":{"angle":-22.5,"axis":"y","origin":[1.91342,24.875,8.6194]},"faces":{"north":{"uv":[6.1875,7.0625,6.4375,7.3125],"texture":"#11"},"east":{"uv":[7.375,4.3125,7.5625,4.5625],"texture":"#11"},"south":{"uv":[6.4375,7.0625,6.6875,7.3125],"texture":"#11"},"west":{"uv":[6.5625,7.375,6.75,7.625],"texture":"#11"},"up":{"uv":[7.625,7.5,7.375,7.3125],"texture":"#11"},"down":{"uv":[7.6875,6.3125,7.4375,6.5],"texture":"#11"}}},{"from":[0.41342,21.5,7.8194],"to":[3.41342,24.5,7.8194],"rotation":{"angle":-22.5,"axis":"y","origin":[1.91342,24.875,8.6194]},"faces":{"north":{"uv":[7.625,3.1875,7.8125,3.375],"texture":"#11"},"east":{"uv":[0,0,0,0.1875],"texture":"#11"},"south":{"uv":[7.625,3.625,7.8125,3.8125],"texture":"#11"},"west":{"uv":[0,0,0,0.1875],"texture":"#11"},"up":{"uv":[0.1875,0,0,0],"texture":"#11"},"down":{"uv":[0.1875,0,0,0],"texture":"#11"}}}],"gui_light":"front","display":{"thirdperson_righthand":{"rotation":[49,0,0],"translation":[-1,0,-0.5],"scale":[0.27,0.27,0.27]},"thirdperson_lefthand":{"rotation":[49,0,0],"translation":[-1,0,-0.5],"scale":[0.27,0.27,0.27]},"firstperson_righthand":{"rotation":[0,100,0],"translation":[0,4.75,1.5],"scale":[0.17,0.17,0.17]},"firstperson_lefthand":{"rotation":[0,100,0],"translation":[0,4.75,1.5],"scale":[0.17,0.17,0.17]},"ground":{"translation":[0,5.75,0],"scale":[0.27,0.27,0.27]},"gui":{"rotation":[11.75,180,0],"translation":[0,0.25,0],"scale":[0.27,0.27,0.27]},"head":{"scale":[0,0,0]},"fixed":{"rotation":[-90,0,0],"translation":[0,0,-48],"scale":[2,2,2]}},"mcmodels":"8e0e5cf7a822f85d549f98a891afe0a2"}