{"credit":"Created by Workshop Six","texture_size":[128,128],"textures":{"0":"workshop_six:medieval_tavern_furniture/tavern_long_table","particle":"workshop_six:medieval_tavern_furniture/tavern_long_table"},"elements":[{"from":[-10,0,6],"to":[-6,14,10],"rotation":{"angle":0,"axis":"y","origin":[-15,0,6]},"faces":{"north":{"uv":[2.75,6.375,2.25,8.125],"texture":"#0"},"east":{"uv":[4.25,6.375,3.75,8.125],"texture":"#0"},"south":{"uv":[3.75,6.375,3.25,8.125],"texture":"#0"},"west":{"uv":[3.25,6.375,2.75,8.125],"texture":"#0"},"up":{"uv":[7.5,2.25,8,1.75],"texture":"#0"},"down":{"uv":[7.5,2.25,8,2.75],"texture":"#0"}}},{"from":[22,0,6],"to":[26,14,10],"rotation":{"angle":0,"axis":"y","origin":[31,0,6]},"faces":{"north":{"uv":[2.25,6.375,2.75,8.125],"texture":"#0"},"east":{"uv":[2.75,6.375,3.25,8.125],"texture":"#0"},"south":{"uv":[3.25,6.375,3.75,8.125],"texture":"#0"},"west":{"uv":[3.75,6.375,4.25,8.125],"texture":"#0"},"up":{"uv":[8,2.25,7.5,1.75],"texture":"#0"},"down":{"uv":[8,2.25,7.5,2.75],"texture":"#0"}}},{"from":[-16,14,-4],"to":[32,16,20],"rotation":{"angle":0,"axis":"y","origin":[31,2,6]},"faces":{"north":{"uv":[6,3.5,12,3.75],"texture":"#0"},"east":{"uv":[6.25,6.375,9.25,6.625],"texture":"#0"},"south":{"uv":[6,3.75,12,4],"texture":"#0"},"west":{"uv":[6.25,6.625,9.25,6.875],"texture":"#0"},"up":{"uv":[6,3,0,0],"texture":"#0"},"down":{"uv":[6,3,0,6],"texture":"#0"}}},{"from":[-12,3,7],"to":[28,6,9],"rotation":{"angle":0,"axis":"y","origin":[7,4,7]},"faces":{"north":{"uv":[2.25,6,7.25,6.375],"texture":"#0"},"east":{"uv":[8,2.75,8.25,3.125],"texture":"#0"},"south":{"uv":[6,3.125,11,3.5],"texture":"#0"},"west":{"uv":[8,6,8.25,6.375],"texture":"#0"},"up":{"uv":[11,4.25,6,4],"texture":"#0"},"down":{"uv":[11,4.25,6,4.5],"texture":"#0"}}},{"from":[-11,13.5,-4.5],"to":[-5,16.5,20.5],"rotation":{"angle":0,"axis":"y","origin":[16,1.5,5.5]},"faces":{"north":{"uv":[6.75,1.75,7.5,2.125],"texture":"#0"},"east":{"uv":[6,4.5,9.125,4.875],"texture":"#0"},"south":{"uv":[6.75,2.125,7.5,2.5],"texture":"#0"},"west":{"uv":[6,4.875,9.125,5.25],"texture":"#0"},"up":{"uv":[0.75,9.125,0,6],"texture":"#0"},"down":{"uv":[6.75,0,6,3.125],"texture":"#0"}}},{"from":[23,0,1],"to":[25,2,3],"rotation":{"angle":0,"axis":"y","origin":[16,0,3]},"faces":{"north":{"uv":[8.375,0.75,8.625,1],"texture":"#0"},"east":{"uv":[8.375,1,8.625,1.25],"texture":"#0"},"south":{"uv":[8.375,1.25,8.625,1.5],"texture":"#0"},"west":{"uv":[8.375,1.5,8.625,1.75],"texture":"#0"},"up":{"uv":[5.5,8.625,5.25,8.375],"texture":"#0"},"down":{"uv":[5.75,8.375,5.5,8.625],"texture":"#0"}}},{"from":[23,0,3],"to":[25,14,6],"rotation":{"angle":0,"axis":"y","origin":[16,0,6]},"faces":{"north":{"uv":[3.25,8.125,3.5,9.875],"texture":"#0"},"east":{"uv":[7.5,0,7.875,1.75],"texture":"#0"},"south":{"uv":[3.5,8.125,3.75,9.875],"texture":"#0"},"west":{"uv":[7.75,6.875,8.125,8.625],"texture":"#0"},"up":{"uv":[5,8.5,4.75,8.125],"texture":"#0"},"down":{"uv":[5.25,8.125,5,8.5],"texture":"#0"}}},{"from":[21,13.5,-4.5],"to":[27,16.5,20.5],"rotation":{"angle":0,"axis":"y","origin":[48,1.5,5.5]},"faces":{"north":{"uv":[6.75,1.75,7.5,2.125],"texture":"#0"},"east":{"uv":[6,4.5,9.125,4.875],"texture":"#0"},"south":{"uv":[6.75,2.125,7.5,2.5],"texture":"#0"},"west":{"uv":[6,4.875,9.125,5.25],"texture":"#0"},"up":{"uv":[0.75,9.125,0,6],"texture":"#0"},"down":{"uv":[6.75,0,6,3.125],"texture":"#0"}}},{"from":[-9,0,1],"to":[-7,2,3],"rotation":{"angle":0,"axis":"y","origin":[0,0,3]},"faces":{"north":{"uv":[8.625,0.75,8.375,1],"texture":"#0"},"east":{"uv":[8.625,1.5,8.375,1.75],"texture":"#0"},"south":{"uv":[8.625,1.25,8.375,1.5],"texture":"#0"},"west":{"uv":[8.625,1,8.375,1.25],"texture":"#0"},"up":{"uv":[5.25,8.625,5.5,8.375],"texture":"#0"},"down":{"uv":[5.5,8.375,5.75,8.625],"texture":"#0"}}},{"from":[-9,0,3],"to":[-7,14,6],"rotation":{"angle":0,"axis":"y","origin":[0,0,6]},"faces":{"north":{"uv":[3.5,8.125,3.25,9.875],"texture":"#0"},"east":{"uv":[8.125,6.875,7.75,8.625],"texture":"#0"},"south":{"uv":[3.75,8.125,3.5,9.875],"texture":"#0"},"west":{"uv":[7.875,0,7.5,1.75],"texture":"#0"},"up":{"uv":[4.75,8.5,5,8.125],"texture":"#0"},"down":{"uv":[5,8.125,5.25,8.5],"texture":"#0"}}},{"from":[23,0,13],"to":[25,2,15],"rotation":{"angle":0,"axis":"y","origin":[16,0,13]},"faces":{"north":{"uv":[8.625,1.25,8.375,1.5],"texture":"#0"},"east":{"uv":[8.625,1,8.375,1.25],"texture":"#0"},"south":{"uv":[8.625,0.75,8.375,1],"texture":"#0"},"west":{"uv":[8.625,1.5,8.375,1.75],"texture":"#0"},"up":{"uv":[5.5,8.375,5.25,8.625],"texture":"#0"},"down":{"uv":[5.75,8.625,5.5,8.375],"texture":"#0"}}},{"from":[23,0,10],"to":[25,14,13],"rotation":{"angle":0,"axis":"y","origin":[16,0,10]},"faces":{"north":{"uv":[3.75,8.125,3.5,9.875],"texture":"#0"},"east":{"uv":[7.875,0,7.5,1.75],"texture":"#0"},"south":{"uv":[3.5,8.125,3.25,9.875],"texture":"#0"},"west":{"uv":[8.125,6.875,7.75,8.625],"texture":"#0"},"up":{"uv":[5,8.125,4.75,8.5],"texture":"#0"},"down":{"uv":[5.25,8.5,5,8.125],"texture":"#0"}}},{"from":[-9,0,13],"to":[-7,2,15],"rotation":{"angle":0,"axis":"y","origin":[0,0,13]},"faces":{"north":{"uv":[8.375,1.25,8.625,1.5],"texture":"#0"},"east":{"uv":[8.375,1.5,8.625,1.75],"texture":"#0"},"south":{"uv":[8.375,0.75,8.625,1],"texture":"#0"},"west":{"uv":[8.375,1,8.625,1.25],"texture":"#0"},"up":{"uv":[5.25,8.375,5.5,8.625],"texture":"#0"},"down":{"uv":[5.5,8.625,5.75,8.375],"texture":"#0"}}},{"from":[-9,0,10],"to":[-7,14,13],"rotation":{"angle":0,"axis":"y","origin":[0,0,10]},"faces":{"north":{"uv":[3.5,8.125,3.75,9.875],"texture":"#0"},"east":{"uv":[7.75,6.875,8.125,8.625],"texture":"#0"},"south":{"uv":[3.25,8.125,3.5,9.875],"texture":"#0"},"west":{"uv":[7.5,0,7.875,1.75],"texture":"#0"},"up":{"uv":[4.75,8.125,5,8.5],"texture":"#0"},"down":{"uv":[5,8.5,5.25,8.125],"texture":"#0"}}}],"gui_light":"front","display":{"thirdperson_righthand":{"rotation":[49,0,0],"translation":[-1,0,-0.5],"scale":[0.27,0.27,0.27]},"thirdperson_lefthand":{"rotation":[49,0,0],"translation":[-1,0,-0.5],"scale":[0.27,0.27,0.27]},"firstperson_righthand":{"rotation":[8,0,0],"translation":[0,3.75,2.5],"scale":[0.26,0.26,0.26]},"firstperson_lefthand":{"rotation":[8,0,0],"translation":[0,3.75,2.5],"scale":[0.26,0.26,0.26]},"ground":{"translation":[0,2.25,0],"scale":[0.4,0.4,0.4]},"gui":{"rotation":[25,61,0],"translation":[0,-0.25,0],"scale":[0.35,0.35,0.35]},"head":{"scale":[0,0,0]},"fixed":{"rotation":[-90,0,0],"translation":[0,0,-16],"scale":[2,2,2]}},"mcmodels":"8e0e5cf7a822f85d549f98a891afe0a2"}