{"credit":"Made by samus2002","texture_size":[32,32],"textures":{"2":"rpg_essentials_1:rpg_essentials_1_texture/key_aqua"},"elements":[{"from":[6,6.5,5.5],"to":[11,11.5,10.5],"rotation":{"angle":0,"axis":"y","origin":[8.5,9,8.75]},"faces":{"north":{"uv":[0,0,2.5,2.5],"texture":"#2"},"east":{"uv":[0,3,2.5,5.5],"texture":"#2"},"south":{"uv":[3,0,5.5,2.5],"texture":"#2"},"west":{"uv":[3,3,5.5,5.5],"texture":"#2"},"up":{"uv":[2.5,8.5,0,6],"texture":"#2"},"down":{"uv":[8.5,0,6,2.5],"texture":"#2"}}},{"from":[7.5,-0.5,7.5],"to":[9.5,6.5,8.5],"rotation":{"angle":0,"axis":"y","origin":[7.5,6.5,7.75]},"faces":{"north":{"uv":[3,6,4,9.5],"texture":"#2"},"east":{"uv":[4.5,6,5,9.5],"texture":"#2"},"south":{"uv":[6,3,7,6.5],"texture":"#2"},"west":{"uv":[5.5,7,6,10.5],"texture":"#2"},"up":{"uv":[7.5,7.5,6.5,7],"texture":"#2"},"down":{"uv":[8.5,3,7.5,3.5],"texture":"#2"}}},{"from":[5.5,2.5,8],"to":[7.5,3.5,8],"rotation":{"angle":0,"axis":"y","origin":[7.5,6.5,8.25]},"faces":{"north":{"uv":[7.5,4,8.5,4.5],"texture":"#2"},"east":{"uv":[5.5,6,5.5,6.5],"texture":"#2"},"south":{"uv":[7.5,5,8.5,5.5],"texture":"#2"},"west":{"uv":[8,7,8,7.5],"texture":"#2"},"up":{"uv":[9,8,8,8],"texture":"#2"},"down":{"uv":[9.5,7,8.5,7],"texture":"#2"}}},{"from":[5.5,0.5,8],"to":[7.5,1.5,8],"rotation":{"angle":0,"axis":"y","origin":[7.5,6.5,8.25]},"faces":{"north":{"uv":[7.5,6,8.5,6.5],"texture":"#2"},"east":{"uv":[8,8.5,8,9],"texture":"#2"},"south":{"uv":[6.5,8,7.5,8.5],"texture":"#2"},"west":{"uv":[8.5,8.5,8.5,9],"texture":"#2"},"up":{"uv":[9.5,7.5,8.5,7.5],"texture":"#2"},"down":{"uv":[1,9,0,9],"texture":"#2"}}}],"gui_light":"front","display":{"thirdperson_righthand":{"rotation":[180,90,0],"translation":[0,0,0.5],"scale":[0.9,0.9,0.9]},"thirdperson_lefthand":{"rotation":[180,90,0],"translation":[0,0,0.5],"scale":[0.9,0.9,0.9]},"firstperson_righthand":{"rotation":[180,90,0],"translation":[2.25,1,-0.25],"scale":[0.9,0.9,0.9]},"firstperson_lefthand":{"rotation":[180,90,0],"translation":[2.25,1,-0.25],"scale":[0.9,0.9,0.9]},"ground":{"rotation":[90,0,0],"translation":[0,-2,0],"scale":[0.9,0.9,0.9]},"gui":{"rotation":[0,180,0],"translation":[0.5,2.5,0]},"fixed":{"translation":[-0.5,2.5,0],"scale":[1.2,1.2,1.2]}}}