{
	"credit": "Made with Blockbench",
	"texture_size": [128, 128],
	"textures": {
		"0": "elitecreatures:archdemon_animated/archdemon_texture",
		"3": "elitecreatures:archdemon_animated/archdemon_animation2",
		"particle": "elitecreatures:archdemon_animated/archdemon_texture"
	},
	"elements": [
		{
			"from": [2.95459, 4.5, 3.25005],
			"to": [12.95459, 13, 9.25005],
			"rotation": {"angle": 0, "axis": "y", "origin": [15.95459, -2, -3.74995]},
			"faces": {
				"north": {"uv": [7.375, 12.3125, 8.625, 13.375], "texture": "#0"},
				"east": {"uv": [8.625, 12.3125, 9.375, 13.375], "texture": "#0"},
				"south": {"uv": [7.375, 11.25, 8.625, 12.3125], "texture": "#0"},
				"west": {"uv": [9.375, 12.3125, 8.625, 13.375], "texture": "#0"},
				"up": {"uv": [7.375, 9.75, 8.625, 10.5], "rotation": 180, "texture": "#0"},
				"down": {"uv": [7.375, 10.5, 8.625, 11.25], "rotation": 180, "texture": "#0"}
			}
		},
		{
			"from": [11.20459, 2, 4.95005],
			"to": [11.20459, 5, 8.95005],
			"rotation": {"angle": 0, "axis": "y", "origin": [-1.74541, -1.5, -4.04995]},
			"faces": {
				"north": {"uv": [3.8125, 11.6875, 2.5625, 13.1875], "texture": "#missing"},
				"east": {"uv": [10.0625, 1.1875, 9.5625, 1.5625], "texture": "#0"},
				"south": {"uv": [3.8125, 14.0625, 2.5625, 15.5625], "texture": "#missing"},
				"west": {"uv": [9.5625, 1.1875, 10.0625, 1.5625], "texture": "#0"},
				"up": {"uv": [7, 11.0625, 5.75, 11.6875], "rotation": 180, "texture": "#missing"},
				"down": {"uv": [7, 11.0625, 5.75, 11.6875], "rotation": 180, "texture": "#missing"}
			}
		},
		{
			"from": [4.70459, 2, 4.95005],
			"to": [4.70459, 5, 8.95005],
			"rotation": {"angle": 0, "axis": "y", "origin": [17.65459, -1.5, -4.04995]},
			"faces": {
				"north": {"uv": [2.5625, 11.6875, 3.8125, 13.1875], "texture": "#missing"},
				"east": {"uv": [10.0625, 1.1875, 9.5625, 1.5625], "texture": "#0"},
				"south": {"uv": [2.5625, 14.0625, 3.8125, 15.5625], "texture": "#missing"},
				"west": {"uv": [9.5625, 1.1875, 10.0625, 1.5625], "texture": "#0"},
				"up": {"uv": [5.75, 11.0625, 7, 11.6875], "rotation": 180, "texture": "#missing"},
				"down": {"uv": [5.75, 11.0625, 7, 11.6875], "rotation": 180, "texture": "#missing"}
			}
		},
		{
			"from": [4.20459, -0.27602, 3.56652],
			"to": [11.70459, 2.72398, 10.56652],
			"rotation": {"angle": -45, "axis": "x", "origin": [7.95459, 2.06239, 5.79396]},
			"faces": {
				"north": {"uv": [4.875, 9, 5.8125, 9.375], "texture": "#0"},
				"east": {"uv": [6.6875, 10.75, 5.8125, 11.125], "texture": "#0"},
				"south": {"uv": [4.875, 8.625, 5.8125, 9], "texture": "#0"},
				"west": {"uv": [6.6875, 10.75, 5.8125, 11.125], "texture": "#0"},
				"up": {"uv": [4.875, 10.25, 5.8125, 11.125], "rotation": 180, "texture": "#0"},
				"down": {"uv": [4.125, 7.6875, 5.0625, 8.5625], "rotation": 180, "texture": "#0"}
			}
		},
		{
			"from": [3.70459, 3.5, 3.79742],
			"to": [12.20459, 5, 3.79742],
			"rotation": {"angle": 0, "axis": "y", "origin": [9.50722, 4.75, 5.64742]},
			"faces": {
				"north": {"uv": [9.25, 0.1875, 8.1875, 0], "texture": "#0"},
				"east": {"uv": [3.25, 2.3125, 3.25, 2.5], "texture": "#0"},
				"south": {"uv": [9.25, 0, 8.1875, 0.1875], "texture": "#0"},
				"west": {"uv": [3.25, 2.3125, 3.25, 2.5], "rotation": 180, "texture": "#0"},
				"up": {"uv": [3.9375, 2.875, 3.9375, 3.8125], "rotation": 270, "texture": "#0"},
				"down": {"uv": [3.25, 2.875, 3.25, 3.8125], "rotation": 90, "texture": "#0"}
			}
		},
		{
			"from": [4.70459, 2.15081, 4.5214],
			"to": [11.20459, 3.65081, 4.5214],
			"rotation": {"angle": -45, "axis": "x", "origin": [7.95459, 2.06239, 5.79396]},
			"faces": {
				"north": {"uv": [9.125, 0, 8.3125, 0.1875], "texture": "#0"},
				"east": {"uv": [3.25, 2.5, 3.25, 2.3125], "texture": "#0"},
				"south": {"uv": [9.125, 0.1875, 8.3125, 0], "texture": "#0"},
				"west": {"uv": [3.25, 2.5, 3.25, 2.3125], "rotation": 180, "texture": "#0"},
				"up": {"uv": [3.25, 2.875, 3.25, 3.8125], "rotation": 90, "texture": "#0"},
				"down": {"uv": [3.9375, 2.875, 3.9375, 3.8125], "rotation": 270, "texture": "#0"}
			}
		},
		{
			"from": [3.45459, 15.36835, 2.54284],
			"to": [3.45459, 20.36835, 12.54284],
			"rotation": {"angle": 0, "axis": "y", "origin": [7.45459, 15.55856, 4.64742]},
			"faces": {
				"north": {"uv": [0, 0, 0, 4], "rotation": 180, "texture": "#missing"},
				"east": {"uv": [6.6875, 0, 6.0625, 1.25], "rotation": 90, "texture": "#0"},
				"south": {"uv": [0, 0, 0, 4], "texture": "#missing"},
				"west": {"uv": [6.0625, 0, 6.6875, 1.25], "rotation": 270, "texture": "#0"},
				"up": {"uv": [0, 9, 0, 0], "rotation": 180, "texture": "#missing"},
				"down": {"uv": [0, 9, 0, 0], "texture": "#missing"}
			}
		},
		{
			"from": [3.20459, 16.81019, 3.65297],
			"to": [4.20459, 18.81019, 7.15297],
			"rotation": {"angle": -45, "axis": "x", "origin": [7.45459, 15.55856, 4.64742]},
			"faces": {
				"north": {"uv": [5.6875, 0.4375, 5.8125, 0.6875], "texture": "#0"},
				"east": {"uv": [5.6875, 0.4375, 5.9375, 0], "rotation": 90, "texture": "#0"},
				"south": {"uv": [5.6875, 0.4375, 5.8125, 0.6875], "texture": "#0"},
				"west": {"uv": [5.6875, 0, 5.9375, 0.4375], "rotation": 90, "texture": "#0"},
				"up": {"uv": [6.0625, 0.4375, 5.9375, 0], "texture": "#0"},
				"down": {"uv": [6.0625, 0.4375, 5.9375, 0], "texture": "#0"}
			}
		},
		{
			"from": [2.70459, 13.17896, 1.44063],
			"to": [4.70459, 17.17896, 3.94063],
			"rotation": {"angle": 0, "axis": "y", "origin": [7.45459, 15.55856, 4.64742]},
			"faces": {
				"north": {"uv": [5.4375, 0.375, 5.6875, 0.875], "texture": "#0"},
				"east": {"uv": [5.125, 0.875, 5.4375, 0.375], "rotation": 180, "texture": "#0"},
				"south": {"uv": [5.4375, 0.375, 5.6875, 0.875], "rotation": 180, "texture": "#0"},
				"west": {"uv": [5.125, 0.375, 5.4375, 0.875], "texture": "#0"},
				"up": {"uv": [5.375, 1.1875, 5.125, 0.875], "rotation": 180, "texture": "#0"},
				"down": {"uv": [5.375, 1.1875, 5.125, 0.875], "texture": "#0"}
			}
		},
		{
			"from": [2.45459, 11.77179, 0.27487],
			"to": [4.95459, 16.27179, 3.27487],
			"rotation": {"angle": -45, "axis": "x", "origin": [7.45459, 15.55856, 4.64742]},
			"faces": {
				"north": {"uv": [4.8125, 0.5625, 5.125, 1.125], "texture": "#0"},
				"east": {"uv": [4.4375, 0.5625, 4.8125, 1.125], "texture": "#0"},
				"south": {"uv": [4.8125, 0.5625, 5.125, 1.125], "texture": "#0"},
				"west": {"uv": [4.4375, 0.5625, 4.8125, 1.125], "texture": "#0"},
				"up": {"uv": [5.625, 0.375, 5.3125, 0], "rotation": 180, "texture": "#0"},
				"down": {"uv": [5.625, 0.375, 5.3125, 0], "rotation": 180, "texture": "#0"}
			}
		},
		{
			"from": [10.95459, 11.77179, 0.27487],
			"to": [13.45459, 16.27179, 3.27487],
			"rotation": {"angle": -45, "axis": "x", "origin": [8.45459, 15.55856, 4.64742]},
			"faces": {
				"north": {"uv": [5.125, 0.5625, 4.8125, 1.125], "texture": "#0"},
				"east": {"uv": [4.8125, 0.5625, 4.4375, 1.125], "texture": "#0"},
				"south": {"uv": [5.125, 0.5625, 4.8125, 1.125], "texture": "#0"},
				"west": {"uv": [4.8125, 0.5625, 4.4375, 1.125], "texture": "#0"},
				"up": {"uv": [5.3125, 0.375, 5.625, 0], "rotation": 180, "texture": "#0"},
				"down": {"uv": [5.3125, 0.375, 5.625, 0], "rotation": 180, "texture": "#0"}
			}
		},
		{
			"from": [11.20459, 13.17896, 1.44063],
			"to": [13.20459, 17.17896, 3.94063],
			"rotation": {"angle": 0, "axis": "y", "origin": [8.45459, 15.55856, 4.64742]},
			"faces": {
				"north": {"uv": [5.6875, 0.375, 5.4375, 0.875], "texture": "#0"},
				"east": {"uv": [5.4375, 0.375, 5.125, 0.875], "texture": "#0"},
				"south": {"uv": [5.6875, 0.375, 5.4375, 0.875], "rotation": 180, "texture": "#0"},
				"west": {"uv": [5.4375, 0.875, 5.125, 0.375], "rotation": 180, "texture": "#0"},
				"up": {"uv": [5.125, 1.1875, 5.375, 0.875], "rotation": 180, "texture": "#0"},
				"down": {"uv": [5.125, 1.1875, 5.375, 0.875], "texture": "#0"}
			}
		},
		{
			"from": [11.70459, 16.81019, 3.65297],
			"to": [12.70459, 18.81019, 7.15297],
			"rotation": {"angle": -45, "axis": "x", "origin": [8.45459, 15.55856, 4.64742]},
			"faces": {
				"north": {"uv": [5.8125, 0.4375, 5.6875, 0.6875], "texture": "#0"},
				"east": {"uv": [5.6875, 0.4375, 5.9375, 0], "rotation": 90, "texture": "#0"},
				"south": {"uv": [5.8125, 0.4375, 5.6875, 0.6875], "texture": "#0"},
				"west": {"uv": [5.6875, 0, 5.9375, 0.4375], "rotation": 90, "texture": "#0"},
				"up": {"uv": [5.9375, 0.4375, 6.0625, 0], "texture": "#0"},
				"down": {"uv": [5.9375, 0.4375, 6.0625, 0], "texture": "#0"}
			}
		},
		{
			"from": [12.45459, 15.36835, 2.54284],
			"to": [12.45459, 20.36835, 12.54284],
			"rotation": {"angle": 0, "axis": "y", "origin": [8.45459, 15.55856, 4.64742]},
			"faces": {
				"north": {"uv": [0, 0, 0, 4], "rotation": 180, "texture": "#missing"},
				"east": {"uv": [6.0625, 1.25, 6.6875, 0], "rotation": 270, "texture": "#0"},
				"south": {"uv": [0, 0, 0, 4], "texture": "#missing"},
				"west": {"uv": [6.6875, 1.25, 6.0625, 0], "rotation": 90, "texture": "#0"},
				"up": {"uv": [0, 9, 0, 0], "rotation": 180, "texture": "#missing"},
				"down": {"uv": [0, 9, 0, 0], "texture": "#missing"}
			}
		},
		{
			"from": [1.45459, 13, 4.75005],
			"to": [14.45459, 16.5, 8.25005],
			"rotation": {"angle": 0, "axis": "y", "origin": [8.45459, 25.5, 11.75005]},
			"faces": {
				"north": {"uv": [6.5, 9.8125, 4.875, 10.25], "texture": "#0"},
				"east": {"uv": [6.25, 10.25, 5.8125, 10.6875], "texture": "#0"},
				"south": {"uv": [6.5, 9.8125, 4.875, 10.25], "texture": "#0"},
				"west": {"uv": [6.25, 10.25, 5.8125, 10.6875], "texture": "#0"},
				"up": {"uv": [4.875, 9.8125, 6.5, 9.375], "texture": "#0"},
				"down": {"uv": [4.875, 9.8125, 6.5, 9.375], "texture": "#0"}
			}
		},
		{
			"from": [-1.79541, 4.8, 5.00005],
			"to": [2.70459, 7.3, 8.50005],
			"rotation": {"angle": -22.5, "axis": "z", "origin": [1.95459, 5.55, 5.75005]},
			"faces": {
				"north": {"uv": [3.25, 0.5625, 3.5625, 0], "rotation": 90, "texture": "#0"},
				"east": {"uv": [3.875, 0, 4.1875, 0.4375], "rotation": 270, "texture": "#0"},
				"south": {"uv": [3.25, 0, 3.5625, 0.5625], "rotation": 90, "texture": "#0"},
				"west": {"uv": [3.5625, 0, 3.875, 0.4375], "rotation": 270, "texture": "#0"},
				"up": {"uv": [2.8125, 0.5625, 3.25, 0], "rotation": 270, "texture": "#0"},
				"down": {"uv": [4.1875, 0.5625, 4.625, 0], "rotation": 90, "texture": "#0"}
			}
		},
		{
			"from": [0.70459, 7.2, 5.50005],
			"to": [2.20459, 9.7, 8.00005],
			"rotation": {"angle": 0, "axis": "y", "origin": [1.45459, 6.95, 7.35005]},
			"faces": {
				"north": {"uv": [4.6875, 1.1875, 4.875, 1.5], "texture": "#0"},
				"east": {"uv": [4.6875, 1.1875, 4.375, 1.5], "texture": "#0"},
				"south": {"uv": [4.875, 1.1875, 5.0625, 1.5], "texture": "#0"},
				"west": {"uv": [4.6875, 1.1875, 4.375, 1.5], "texture": "#0"},
				"up": {"uv": [4.6875, 1.5, 4.375, 1.6875], "rotation": 90, "texture": "#0"},
				"down": {"uv": [4.6875, 1.5, 4.375, 1.6875], "rotation": 90, "texture": "#0"}
			}
		},
		{
			"from": [0.20459, 8.7, 6.00005],
			"to": [2.70459, 11.2, 7.50005],
			"rotation": {"angle": 0, "axis": "y", "origin": [1.45459, 9.95, 6.85005]},
			"faces": {
				"north": {"uv": [4.6875, 1.1875, 4.375, 1.5], "texture": "#0"},
				"east": {"uv": [4.6875, 1.1875, 4.875, 1.5], "texture": "#0"},
				"south": {"uv": [4.6875, 1.1875, 4.375, 1.5], "texture": "#0"},
				"west": {"uv": [4.875, 1.1875, 5.0625, 1.5], "texture": "#0"},
				"up": {"uv": [4.375, 1.6875, 4.6875, 1.5], "texture": "#0"},
				"down": {"uv": [4.375, 1.6875, 4.6875, 1.5], "rotation": 180, "texture": "#0"}
			}
		},
		{
			"from": [0.70459, 10.2, 5.50005],
			"to": [2.20459, 12.7, 8.00005],
			"rotation": {"angle": 0, "axis": "y", "origin": [1.45459, 9.95, 7.35005]},
			"faces": {
				"north": {"uv": [4.6875, 1.1875, 4.875, 1.5], "texture": "#0"},
				"east": {"uv": [4.6875, 1.1875, 4.375, 1.5], "texture": "#0"},
				"south": {"uv": [4.875, 1.1875, 5.0625, 1.5], "texture": "#0"},
				"west": {"uv": [4.6875, 1.1875, 4.375, 1.5], "texture": "#0"},
				"up": {"uv": [4.6875, 1.5, 4.375, 1.6875], "rotation": 90, "texture": "#0"},
				"down": {"uv": [4.6875, 1.5, 4.375, 1.6875], "rotation": 90, "texture": "#0"}
			}
		},
		{
			"from": [0.20459, 11.7, 6.00005],
			"to": [2.70459, 14.2, 7.50005],
			"rotation": {"angle": 0, "axis": "y", "origin": [1.45459, 12.95, 6.85005]},
			"faces": {
				"north": {"uv": [4.6875, 1.1875, 4.375, 1.5], "texture": "#0"},
				"east": {"uv": [4.6875, 1.1875, 4.875, 1.5], "texture": "#0"},
				"south": {"uv": [4.6875, 1.1875, 4.375, 1.5], "texture": "#0"},
				"west": {"uv": [4.875, 1.1875, 5.0625, 1.5], "texture": "#0"},
				"up": {"uv": [4.375, 1.6875, 4.6875, 1.5], "texture": "#0"},
				"down": {"uv": [4.375, 1.6875, 4.6875, 1.5], "rotation": 180, "texture": "#0"}
			}
		},
		{
			"from": [13.20459, 11.7, 6.00005],
			"to": [15.70459, 14.2, 7.50005],
			"rotation": {"angle": 0, "axis": "y", "origin": [14.45459, 12.95, 6.85005]},
			"faces": {
				"north": {"uv": [4.375, 1.1875, 4.6875, 1.5], "texture": "#0"},
				"east": {"uv": [5.0625, 1.1875, 4.875, 1.5], "texture": "#0"},
				"south": {"uv": [4.375, 1.1875, 4.6875, 1.5], "texture": "#0"},
				"west": {"uv": [4.875, 1.1875, 4.6875, 1.5], "texture": "#0"},
				"up": {"uv": [4.6875, 1.6875, 4.375, 1.5], "texture": "#0"},
				"down": {"uv": [4.6875, 1.6875, 4.375, 1.5], "rotation": 180, "texture": "#0"}
			}
		},
		{
			"from": [13.70459, 10.2, 5.50005],
			"to": [15.20459, 12.7, 8.00005],
			"rotation": {"angle": 0, "axis": "y", "origin": [14.45459, 9.95, 7.35005]},
			"faces": {
				"north": {"uv": [4.875, 1.1875, 4.6875, 1.5], "texture": "#0"},
				"east": {"uv": [4.375, 1.1875, 4.6875, 1.5], "texture": "#0"},
				"south": {"uv": [5.0625, 1.1875, 4.875, 1.5], "texture": "#0"},
				"west": {"uv": [4.375, 1.1875, 4.6875, 1.5], "texture": "#0"},
				"up": {"uv": [4.6875, 1.6875, 4.375, 1.5], "rotation": 90, "texture": "#0"},
				"down": {"uv": [4.6875, 1.6875, 4.375, 1.5], "rotation": 90, "texture": "#0"}
			}
		},
		{
			"from": [13.20459, 8.7, 6.00005],
			"to": [15.70459, 11.2, 7.50005],
			"rotation": {"angle": 0, "axis": "y", "origin": [14.45459, 9.95, 6.85005]},
			"faces": {
				"north": {"uv": [4.375, 1.1875, 4.6875, 1.5], "texture": "#0"},
				"east": {"uv": [5.0625, 1.1875, 4.875, 1.5], "texture": "#0"},
				"south": {"uv": [4.375, 1.1875, 4.6875, 1.5], "texture": "#0"},
				"west": {"uv": [4.875, 1.1875, 4.6875, 1.5], "texture": "#0"},
				"up": {"uv": [4.6875, 1.6875, 4.375, 1.5], "texture": "#0"},
				"down": {"uv": [4.6875, 1.6875, 4.375, 1.5], "rotation": 180, "texture": "#0"}
			}
		},
		{
			"from": [13.20459, 5.7, 6.00005],
			"to": [15.70459, 8.2, 7.50005],
			"rotation": {"angle": 0, "axis": "y", "origin": [14.45459, 6.95, 6.85005]},
			"faces": {
				"north": {"uv": [4.375, 1.1875, 4.6875, 1.5], "texture": "#0"},
				"east": {"uv": [5.0625, 1.1875, 4.875, 1.5], "texture": "#0"},
				"south": {"uv": [4.375, 1.1875, 4.6875, 1.5], "texture": "#0"},
				"west": {"uv": [4.875, 1.1875, 4.6875, 1.5], "texture": "#0"},
				"up": {"uv": [4.6875, 1.6875, 4.375, 1.5], "texture": "#0"},
				"down": {"uv": [4.6875, 1.6875, 4.375, 1.5], "rotation": 180, "texture": "#0"}
			}
		},
		{
			"from": [13.70459, 7.2, 5.50005],
			"to": [15.20459, 9.7, 8.00005],
			"rotation": {"angle": 0, "axis": "y", "origin": [14.45459, 6.95, 7.35005]},
			"faces": {
				"north": {"uv": [4.875, 1.1875, 4.6875, 1.5], "texture": "#0"},
				"east": {"uv": [4.375, 1.1875, 4.6875, 1.5], "texture": "#0"},
				"south": {"uv": [5.0625, 1.1875, 4.875, 1.5], "texture": "#0"},
				"west": {"uv": [4.375, 1.1875, 4.6875, 1.5], "texture": "#0"},
				"up": {"uv": [4.6875, 1.6875, 4.375, 1.5], "rotation": 90, "texture": "#0"},
				"down": {"uv": [4.6875, 1.6875, 4.375, 1.5], "rotation": 90, "texture": "#0"}
			}
		},
		{
			"from": [13.70459, 4.2, 5.50005],
			"to": [15.20459, 6.7, 8.00005],
			"rotation": {"angle": 0, "axis": "y", "origin": [14.45459, 3.95, 7.35005]},
			"faces": {
				"north": {"uv": [4.875, 1.1875, 4.6875, 1.5], "texture": "#0"},
				"east": {"uv": [4.375, 1.1875, 4.6875, 1.5], "texture": "#0"},
				"south": {"uv": [5.0625, 1.1875, 4.875, 1.5], "texture": "#0"},
				"west": {"uv": [4.375, 1.1875, 4.6875, 1.5], "texture": "#0"},
				"up": {"uv": [4.6875, 1.6875, 4.375, 1.5], "rotation": 90, "texture": "#0"},
				"down": {"uv": [4.6875, 1.6875, 4.375, 1.5], "rotation": 90, "texture": "#0"}
			}
		},
		{
			"from": [2.85459, 0, -0.74995],
			"to": [2.85459, 5, 6.25005],
			"rotation": {"angle": 45, "axis": "y", "origin": [2.85459, 0, 1.75005]},
			"faces": {
				"north": {"uv": [0, 3, 0, 0], "rotation": 180, "texture": "#3"},
				"east": {"uv": [12, 0, 2, 14], "rotation": 90, "texture": "#3"},
				"south": {"uv": [0, 0, 0, 3], "texture": "#3"},
				"west": {"uv": [12, 14, 2, 0], "rotation": 90, "texture": "#3"},
				"up": {"uv": [0, 3.5, 0, 0], "rotation": 180, "texture": "#3"},
				"down": {"uv": [0, 3.5, 0, 0], "texture": "#3"}
			}
		},
		{
			"from": [13.05459, 0, -0.74995],
			"to": [13.05459, 5, 6.25005],
			"rotation": {"angle": -45, "axis": "y", "origin": [13.05459, 0, 1.75005]},
			"faces": {
				"north": {"uv": [0, 3, 0, 0], "rotation": 180, "texture": "#3"},
				"east": {"uv": [12, 0, 2, 14], "rotation": 90, "texture": "#3"},
				"south": {"uv": [0, 0, 0, 3], "texture": "#3"},
				"west": {"uv": [12, 14, 2, 0], "rotation": 90, "texture": "#3"},
				"up": {"uv": [0, 3.5, 0, 0], "rotation": 180, "texture": "#3"},
				"down": {"uv": [0, 3.5, 0, 0], "texture": "#3"}
			}
		},
		{
			"from": [13.20459, 0, 5.25005],
			"to": [14.70459, 2.8, 8.25005],
			"rotation": {"angle": 0, "axis": "y", "origin": [13.95459, 3.55, 5.55005]},
			"faces": {
				"north": {"uv": [2.8125, 0.5625, 3, 0.9125], "texture": "#0"},
				"east": {"uv": [3.375, 0.5625, 3.75, 0.9125], "texture": "#0"},
				"south": {"uv": [3, 0.5625, 2.8125, 0.9125], "texture": "#0"},
				"west": {"uv": [3, 0.5625, 3.375, 0.9125], "texture": "#0"},
				"up": {"uv": [3.75, 0.9375, 3.9375, 0.5625], "rotation": 180, "texture": "#0"},
				"down": {"uv": [3.75, 0.9375, 3.9375, 0.5625], "texture": "#0"}
			}
		},
		{
			"from": [13.70459, 0.3, 5.50005],
			"to": [16.20459, 2.8, 8.00005],
			"rotation": {"angle": 22.5, "axis": "z", "origin": [15.45459, 2.85, 6.25005]},
			"faces": {
				"north": {"uv": [2.9375, 0.9375, 2.625, 1.25], "texture": "#0"},
				"east": {"uv": [3.25, 0.9375, 3.5625, 1.25], "texture": "#0"},
				"south": {"uv": [2.9375, 0.9375, 2.625, 1.25], "texture": "#0"},
				"west": {"uv": [3.25, 0.9375, 3.5625, 1.25], "texture": "#0"},
				"up": {"uv": [2.9375, 1.25, 3.25, 0.9375], "rotation": 180, "texture": "#0"},
				"down": {"uv": [2.9375, 1.25, 3.25, 0.9375], "texture": "#0"}
			}
		},
		{
			"from": [8.20459, 2.3, 4.50005],
			"to": [10.70459, 4.8, 7.00005],
			"rotation": {"angle": 0, "axis": "y", "origin": [9.95459, 4.85, 5.25005]},
			"faces": {
				"north": {"uv": [2.9375, 0.9375, 2.625, 1.25], "texture": "#0"},
				"east": {"uv": [3.25, 0.9375, 3.5625, 1.25], "texture": "#0"},
				"south": {"uv": [2.9375, 0.9375, 2.625, 1.25], "texture": "#0"},
				"west": {"uv": [3.25, 0.9375, 3.5625, 1.25], "texture": "#0"},
				"up": {"uv": [2.9375, 1.25, 3.25, 0.9375], "rotation": 180, "texture": "#0"},
				"down": {"uv": [2.9375, 1.25, 3.25, 0.9375], "texture": "#0"}
			}
		},
		{
			"from": [6.20459, 2.8, 5.50005],
			"to": [8.70459, 5.3, 8.00005],
			"rotation": {"angle": 0, "axis": "y", "origin": [7.95459, 5.35, 6.25005]},
			"faces": {
				"north": {"uv": [2.9375, 0.9375, 2.625, 1.25], "texture": "#0"},
				"east": {"uv": [3.25, 0.9375, 3.5625, 1.25], "texture": "#0"},
				"south": {"uv": [2.9375, 0.9375, 2.625, 1.25], "texture": "#0"},
				"west": {"uv": [3.25, 0.9375, 3.5625, 1.25], "texture": "#0"},
				"up": {"uv": [2.9375, 1.25, 3.25, 0.9375], "rotation": 180, "texture": "#0"},
				"down": {"uv": [2.9375, 1.25, 3.25, 0.9375], "texture": "#0"}
			}
		},
		{
			"from": [5.70459, 1.8, 4.30005],
			"to": [7.70459, 3.8, 6.80005],
			"rotation": {"angle": 0, "axis": "y", "origin": [6.95459, 4.35, 5.05005]},
			"faces": {
				"north": {"uv": [2.9375, 0.9375, 2.625, 1.25], "texture": "#0"},
				"east": {"uv": [3.25, 0.9375, 3.5625, 1.25], "texture": "#0"},
				"south": {"uv": [2.9375, 0.9375, 2.625, 1.25], "texture": "#0"},
				"west": {"uv": [3.25, 0.9375, 3.5625, 1.25], "texture": "#0"},
				"up": {"uv": [2.9375, 1.25, 3.25, 0.9375], "rotation": 180, "texture": "#0"},
				"down": {"uv": [2.9375, 1.25, 3.25, 0.9375], "texture": "#0"}
			}
		},
		{
			"from": [13.20459, 2.8, 5.00005],
			"to": [17.70459, 5.3, 8.50005],
			"rotation": {"angle": -22.5, "axis": "z", "origin": [13.95459, 3.55, 5.75005]},
			"faces": {
				"north": {"uv": [3.25, 0, 3.5625, 0.5625], "rotation": 90, "texture": "#0"},
				"east": {"uv": [3.5625, 0.4375, 3.875, 0], "rotation": 270, "texture": "#0"},
				"south": {"uv": [3.25, 0.5625, 3.5625, 0], "rotation": 90, "texture": "#0"},
				"west": {"uv": [3.875, 0.4375, 4.1875, 0], "rotation": 270, "texture": "#0"},
				"up": {"uv": [2.8125, 0, 3.25, 0.5625], "rotation": 270, "texture": "#0"},
				"down": {"uv": [4.1875, 0, 4.625, 0.5625], "rotation": 90, "texture": "#0"}
			}
		},
		{
			"from": [-1.09541, 4.8, 5.25005],
			"to": [1.70459, 6.3, 8.25005],
			"rotation": {"angle": 22.5, "axis": "z", "origin": [2.45459, 5.55, 5.55005]},
			"faces": {
				"north": {"uv": [3, 0.5625, 2.8125, 0.9125], "rotation": 270, "texture": "#0"},
				"east": {"uv": [3.75, 0.5625, 3.9375, 0.9375], "rotation": 90, "texture": "#0"},
				"south": {"uv": [2.8125, 0.5625, 3, 0.9125], "rotation": 90, "texture": "#0"},
				"west": {"uv": [3.75, 0.5625, 3.9375, 0.9375], "rotation": 270, "texture": "#0"},
				"up": {"uv": [3.375, 0.9125, 3.75, 0.5625], "rotation": 270, "texture": "#0"},
				"down": {"uv": [3, 0.9125, 3.375, 0.5625], "rotation": 270, "texture": "#0"}
			}
		}
	],
	"gui_light": "front",
	"display": {
		"thirdperson_righthand": {
			"rotation": [55, 0, 0],
			"translation": [0, 2, 1.75],
			"scale": [0.4, 0.4, 0.4]
		},
		"thirdperson_lefthand": {
			"rotation": [74, 180, 0],
			"translation": [-5.75, -7.25, 8.75]
		},
		"firstperson_righthand": {
			"rotation": [0, 134, 0],
			"translation": [10, -4, -17.5]
		},
		"firstperson_lefthand": {
			"scale": [0, 0, 0]
		},
		"ground": {
			"rotation": [80, 0, 0],
			"translation": [0, 0.5, -1.25],
			"scale": [0.6, 0.6, 0.6]
		},
		"gui": {
			"rotation": [15, 152, 0],
			"translation": [0.5, -1, 0],
			"scale": [0.71133, 0.71133, 0.71133]
		},
		"head": {
			"rotation": [6, 180, 0],
			"translation": [0, -15.25, 5.5],
			"scale": [1.6, 1.6, 1.6]
		},
		"fixed": {
			"translation": [0, 1.5, -2],
			"scale": [1.5, 1.5, 1.5]
		}
	}
}