{
	"credit": "Made with Blockbench",
	"texture_size": [128, 128],
	"textures": {
		"0": "elitecreatures:archdemon_animated/archdemon_texture",
		"2": "elitecreatures:archdemon_animated/archdemon_animation1",
		"3": "elitecreatures:archdemon_animated/archdemon_animation2",
		"4": "elitecreatures:archdemon_animated/archdemon_animation3",
		"particle": "elitecreatures:archdemon_animated/archdemon_texture"
	},
	"elements": [
		{
			"from": [5.75, 4.5, 16],
			"to": [10.25, 8.5, 23],
			"rotation": {"angle": 0, "axis": "y", "origin": [8, 22.56168, 19.28682]},
			"faces": {
				"north": {"uv": [11.25, 12.5, 11.8125, 13], "rotation": 180, "texture": "#0"},
				"east": {"uv": [12.125, 13.5, 11.25, 13], "rotation": 180, "texture": "#0"},
				"south": {"uv": [11.25, 12.5, 11.8125, 13], "rotation": 180, "texture": "#0"},
				"west": {"uv": [11.25, 13.5, 12.125, 13], "rotation": 180, "texture": "#0"},
				"up": {"uv": [11.375, 11.9375, 12.25, 12.5], "rotation": 270, "texture": "#0"},
				"down": {"uv": [11.375, 11.375, 12.25, 11.9375], "rotation": 270, "texture": "#0"}
			}
		},
		{
			"from": [4.5, 4.5, 5],
			"to": [11.5, 8.5, 16],
			"rotation": {"angle": 0, "axis": "y", "origin": [8, 21.56168, 18.28682]},
			"faces": {
				"north": {"uv": [10, 12, 10.875, 12.5], "rotation": 180, "texture": "#0"},
				"east": {"uv": [10, 10.25, 11.375, 9.75], "rotation": 180, "texture": "#0"},
				"south": {"uv": [10, 12, 10.875, 12.5], "rotation": 180, "texture": "#0"},
				"west": {"uv": [11.375, 10.25, 10, 9.75], "rotation": 180, "texture": "#0"},
				"up": {"uv": [10, 10.25, 11.375, 11.125], "rotation": 270, "texture": "#0"},
				"down": {"uv": [10, 11.125, 11.375, 12], "rotation": 270, "texture": "#0"}
			}
		},
		{
			"from": [5, 5, 22],
			"to": [11, 7.5, 24],
			"rotation": {"angle": 0, "axis": "y", "origin": [9, 5, 24]},
			"faces": {
				"north": {"uv": [2.1875, 12.8125, 1.4375, 13.125], "texture": "#0"},
				"east": {"uv": [2.4375, 12.8125, 2.1875, 13.125], "texture": "#0"},
				"south": {"uv": [2.1875, 12.8125, 1.4375, 13.125], "texture": "#0"},
				"west": {"uv": [2.4375, 12.8125, 2.1875, 13.125], "texture": "#0"},
				"up": {"uv": [4.875, 14, 4.625, 14.75], "rotation": 90, "texture": "#0"},
				"down": {"uv": [4.875, 14, 4.625, 14.75], "rotation": 270, "texture": "#0"}
			}
		},
		{
			"from": [3, 1.5, 23],
			"to": [13, 7, 23],
			"rotation": {"angle": -22.5, "axis": "x", "origin": [8, 5.75, 23]},
			"faces": {
				"north": {"uv": [9.3125, 1.6875, 8.0625, 2.375], "texture": "#0"},
				"east": {"uv": [0, 0, 0, 0.5625], "texture": "#0"},
				"south": {"uv": [9.3125, 1.6875, 8.0625, 2.375], "texture": "#0"},
				"west": {"uv": [0, 0, 0, 0.5625], "texture": "#0"},
				"up": {"uv": [0, 0, 0, 1.25], "rotation": 90, "texture": "#0"},
				"down": {"uv": [0, 0, 0, 1.25], "rotation": 270, "texture": "#0"}
			}
		},
		{
			"from": [-2.10391, 6, -3.5],
			"to": [3.39609, 10.5, -1.5],
			"rotation": {"angle": 45, "axis": "y", "origin": [3.89609, 1.89609, 5.5]},
			"faces": {
				"north": {"uv": [6.8125, 8.25, 7.375, 7.5625], "rotation": 90, "texture": "#0"},
				"east": {"uv": [5.8125, 8.875, 6.375, 8.625], "rotation": 270, "texture": "#0"},
				"south": {"uv": [6.8125, 8.25, 7.375, 7.5625], "rotation": 90, "texture": "#0"},
				"west": {"uv": [5.8125, 8.875, 6.375, 8.625], "rotation": 270, "texture": "#0"},
				"up": {"uv": [6.5625, 8.25, 6.8125, 7.5625], "rotation": 270, "texture": "#0"},
				"down": {"uv": [6.5625, 8.25, 6.8125, 7.5625], "rotation": 270, "texture": "#0"}
			}
		},
		{
			"from": [0.5, 4.1, -3],
			"to": [9.5, 10.6, 0],
			"rotation": {"angle": 22.5, "axis": "y", "origin": [4, 8.9, 8]},
			"faces": {
				"north": {"uv": [6.8125, 9.75, 7.625, 8.625], "rotation": 90, "texture": "#0"},
				"east": {"uv": [7.625, 8.25, 6.8125, 8.625], "rotation": 90, "texture": "#0"},
				"south": {"uv": [6.8125, 8.625, 7.625, 9.75], "rotation": 90, "texture": "#0"},
				"west": {"uv": [7.625, 8.25, 6.8125, 8.625], "rotation": 90, "texture": "#0"},
				"up": {"uv": [7.625, 9.375, 8.75, 9.75], "rotation": 180, "texture": "#0"},
				"down": {"uv": [7.625, 9.375, 8.75, 9.75], "rotation": 180, "texture": "#0"}
			}
		},
		{
			"from": [-1.3, 7.15, -2.35],
			"to": [1.7, 10.15, -2.35],
			"rotation": {"angle": 22.5, "axis": "y", "origin": [0.2, 8.65, -2.35]},
			"faces": {
				"north": {"uv": [0, 0, 7, 7], "rotation": 90, "texture": "#4"},
				"east": {"uv": [0, 0, 0, 7], "rotation": 180, "texture": "#0"},
				"south": {"uv": [0, 7, 7, 0], "rotation": 90, "texture": "#4"},
				"west": {"uv": [0, 7, 0, 0], "texture": "#0"},
				"up": {"uv": [0, 0, 0, 7], "rotation": 270, "texture": "#0"},
				"down": {"uv": [0, 0, 0, 7], "rotation": 270, "texture": "#0"}
			}
		},
		{
			"from": [0.8, 6.65, 0.05],
			"to": [3.8, 9.65, 0.05],
			"rotation": {"angle": 22.5, "axis": "y", "origin": [2.3, 8.15, 0.05]},
			"faces": {
				"north": {"uv": [0, 0, 7, 7], "rotation": 90, "texture": "#4"},
				"east": {"uv": [0, 0, 0, 7], "rotation": 180, "texture": "#0"},
				"south": {"uv": [0, 7, 7, 0], "rotation": 90, "texture": "#4"},
				"west": {"uv": [0, 7, 0, 0], "texture": "#0"},
				"up": {"uv": [0, 0, 0, 7], "rotation": 270, "texture": "#0"},
				"down": {"uv": [0, 0, 0, 7], "rotation": 270, "texture": "#0"}
			}
		},
		{
			"from": [12.3, 4.45, -3.25],
			"to": [14.3, 6.45, -3.25],
			"rotation": {"angle": -22.5, "axis": "y", "origin": [13.8, 5.95, -3.25]},
			"faces": {
				"north": {"uv": [0, 7, 7, 0], "rotation": 90, "texture": "#4"},
				"east": {"uv": [0, 7, 0, 0], "texture": "#0"},
				"south": {"uv": [0, 0, 7, 7], "rotation": 90, "texture": "#4"},
				"west": {"uv": [0, 0, 0, 7], "rotation": 180, "texture": "#0"},
				"up": {"uv": [0, 7, 0, 0], "rotation": 270, "texture": "#0"},
				"down": {"uv": [0, 7, 0, 0], "rotation": 270, "texture": "#0"}
			}
		},
		{
			"from": [19.8, 8.05, 1.95],
			"to": [21.8, 10.05, 1.95],
			"rotation": {"angle": -45, "axis": "y", "origin": [21.3, 9.55, 1.95]},
			"faces": {
				"north": {"uv": [0, 7, 7, 0], "rotation": 90, "texture": "#4"},
				"east": {"uv": [0, 7, 0, 0], "texture": "#0"},
				"south": {"uv": [0, 0, 7, 7], "rotation": 90, "texture": "#4"},
				"west": {"uv": [0, 0, 0, 7], "rotation": 180, "texture": "#0"},
				"up": {"uv": [0, 7, 0, 0], "rotation": 270, "texture": "#0"},
				"down": {"uv": [0, 7, 0, 0], "rotation": 270, "texture": "#0"}
			}
		},
		{
			"from": [-7.40391, 6.5, 6.6],
			"to": [-5.90391, 10, 11.6],
			"rotation": {"angle": -22.5, "axis": "y", "origin": [1.09609, 2.79609, 7.6]},
			"faces": {
				"east": {"uv": [7.625, 8.75, 8.0625, 9.375], "rotation": 90, "texture": "#0"},
				"west": {"uv": [7.625, 9.375, 8.0625, 8.75], "rotation": 90, "texture": "#0"},
				"up": {"uv": [8.0625, 9.375, 8.25, 8.75], "texture": "#0"},
				"down": {"uv": [8.0625, 9.375, 8.25, 8.75], "texture": "#0"}
			}
		},
		{
			"from": [6.5, 4.1, -3],
			"to": [15.5, 10.6, 0],
			"rotation": {"angle": -22.5, "axis": "y", "origin": [12, 8.9, 8]},
			"faces": {
				"north": {"uv": [6.8125, 8.625, 7.625, 9.75], "rotation": 90, "texture": "#0"},
				"east": {"uv": [7.625, 8.625, 6.8125, 8.25], "rotation": 90, "texture": "#0"},
				"south": {"uv": [6.8125, 9.75, 7.625, 8.625], "rotation": 90, "texture": "#0"},
				"west": {"uv": [7.625, 8.625, 6.8125, 8.25], "rotation": 90, "texture": "#0"},
				"up": {"uv": [8.75, 9.375, 7.625, 9.75], "rotation": 180, "texture": "#0"},
				"down": {"uv": [8.75, 9.375, 7.625, 9.75], "rotation": 180, "texture": "#0"}
			}
		},
		{
			"from": [12.60391, 6, -3.5],
			"to": [18.10391, 10.5, -1.5],
			"rotation": {"angle": -45, "axis": "y", "origin": [12.10391, 1.89609, 5.5]},
			"faces": {
				"north": {"uv": [6.8125, 7.5625, 7.375, 8.25], "rotation": 90, "texture": "#0"},
				"east": {"uv": [5.8125, 8.625, 6.375, 8.875], "rotation": 270, "texture": "#0"},
				"south": {"uv": [6.8125, 7.5625, 7.375, 8.25], "rotation": 90, "texture": "#0"},
				"west": {"uv": [5.8125, 8.625, 6.375, 8.875], "rotation": 270, "texture": "#0"},
				"up": {"uv": [6.5625, 7.5625, 6.8125, 8.25], "rotation": 270, "texture": "#0"},
				"down": {"uv": [6.5625, 7.5625, 6.8125, 8.25], "rotation": 270, "texture": "#0"}
			}
		},
		{
			"from": [21.90391, 6.5, 6.6],
			"to": [23.40391, 10, 11.6],
			"rotation": {"angle": 22.5, "axis": "y", "origin": [14.90391, 2.79609, 7.6]},
			"faces": {
				"east": {"uv": [7.625, 8.75, 8.0625, 9.375], "rotation": 90, "texture": "#0"},
				"west": {"uv": [7.625, 8.75, 8.0625, 9.375], "rotation": 90, "texture": "#0"},
				"up": {"uv": [8.25, 9.375, 8.0625, 8.75], "texture": "#0"},
				"down": {"uv": [8.25, 9.375, 8.0625, 8.75], "texture": "#0"}
			}
		},
		{
			"from": [-6, 8.5, 7],
			"to": [9.2, 9, 7.5],
			"rotation": {"angle": -22.5, "axis": "y", "origin": [-5.5, 8.75, 7.25]},
			"faces": {
				"north": {"uv": [0, 8.625, 0.0625, 6.875], "rotation": 270, "texture": "#0"},
				"east": {"uv": [0, 6.875, 0.0625, 6.9375], "rotation": 270, "texture": "#0"},
				"south": {"uv": [0, 6.875, 0.0625, 8.625], "rotation": 270, "texture": "#0"},
				"west": {"uv": [0, 6.875, 0.0625, 6.9375], "rotation": 270, "texture": "#0"},
				"up": {"uv": [0, 6.875, 0.0625, 8.625], "rotation": 270, "texture": "#0"},
				"down": {"uv": [0, 6.875, 0.0625, 8.625], "rotation": 270, "texture": "#0"}
			}
		},
		{
			"from": [6.8, 8.5, 7],
			"to": [22, 9, 7.5],
			"rotation": {"angle": 22.5, "axis": "y", "origin": [21.5, 8.75, 7.25]},
			"faces": {
				"north": {"uv": [0, 6.875, 0.0625, 8.625], "rotation": 270, "texture": "#0"},
				"east": {"uv": [0, 6.9375, 0.0625, 6.875], "rotation": 270, "texture": "#0"},
				"south": {"uv": [0, 8.625, 0.0625, 6.875], "rotation": 270, "texture": "#0"},
				"west": {"uv": [0, 6.9375, 0.0625, 6.875], "rotation": 270, "texture": "#0"},
				"up": {"uv": [0, 8.625, 0.0625, 6.875], "rotation": 270, "texture": "#0"},
				"down": {"uv": [0, 8.625, 0.0625, 6.875], "rotation": 270, "texture": "#0"}
			}
		},
		{
			"from": [4.5, 1.5, -3],
			"to": [11.5, 8.5, 5],
			"rotation": {"angle": 0, "axis": "y", "origin": [8, 20.56168, 17.98682]},
			"faces": {
				"north": {"uv": [7.5625, 10.5, 8.4375, 11.375], "rotation": 180, "texture": "#0"},
				"east": {"uv": [8.75, 9.75, 9.75, 8.875], "rotation": 180, "texture": "#0"},
				"south": {"uv": [7.5625, 10.5, 8.4375, 11.375], "rotation": 180, "texture": "#0"},
				"west": {"uv": [9.75, 9.75, 8.75, 8.875], "rotation": 180, "texture": "#0"},
				"up": {"uv": [9.75, 8.875, 10.75, 9.75], "rotation": 270, "texture": "#0"},
				"down": {"uv": [10.75, 8.875, 11.75, 9.75], "rotation": 270, "texture": "#0"}
			}
		},
		{
			"from": [3.5, 5.75, 8.5],
			"to": [5, 6.75, 9.5],
			"rotation": {"angle": 45, "axis": "x", "origin": [8, 6.3, 9]},
			"faces": {
				"north": {"uv": [2.75, 7.3125, 2.9375, 7.4375], "texture": "#0"},
				"east": {"uv": [2.75, 7.3125, 2.875, 7.4375], "texture": "#0"},
				"south": {"uv": [2.75, 7.3125, 2.9375, 7.4375], "texture": "#0"},
				"west": {"uv": [2.75, 7.3125, 2.875, 7.4375], "texture": "#0"},
				"up": {"uv": [2.75, 7.3125, 2.9375, 7.4375], "texture": "#0"},
				"down": {"uv": [2.75, 7.3125, 2.9375, 7.4375], "texture": "#0"}
			}
		},
		{
			"from": [0.5, 5.3, 7.9],
			"to": [3.5, 7.3, 9.9],
			"rotation": {"angle": 0, "axis": "y", "origin": [2, 6.07678, 8.70607]},
			"faces": {
				"north": {"uv": [2.9375, 7.4375, 3.3125, 7.1875], "texture": "#0"},
				"east": {"uv": [2.9375, 7.1875, 3.1875, 6.9375], "texture": "#0"},
				"south": {"uv": [2.9375, 7.4375, 3.3125, 7.1875], "texture": "#0"},
				"west": {"uv": [2.9375, 7.1875, 3.1875, 6.9375], "texture": "#0"},
				"up": {"uv": [2.9375, 7.1875, 3.3125, 7.4375], "texture": "#0"},
				"down": {"uv": [2.9375, 7.4375, 3.3125, 7.1875], "texture": "#0"}
			}
		},
		{
			"from": [11, 5.75, 8.5],
			"to": [12.5, 6.75, 9.5],
			"rotation": {"angle": 45, "axis": "x", "origin": [8, 6.3, 9]},
			"faces": {
				"north": {"uv": [2.9375, 7.3125, 2.75, 7.4375], "texture": "#0"},
				"east": {"uv": [2.875, 7.3125, 2.75, 7.4375], "texture": "#0"},
				"south": {"uv": [2.9375, 7.3125, 2.75, 7.4375], "texture": "#0"},
				"west": {"uv": [2.875, 7.3125, 2.75, 7.4375], "texture": "#0"},
				"up": {"uv": [2.9375, 7.3125, 2.75, 7.4375], "texture": "#0"},
				"down": {"uv": [2.9375, 7.3125, 2.75, 7.4375], "texture": "#0"}
			}
		},
		{
			"from": [12.5, 5.3, 7.9],
			"to": [15.5, 7.3, 9.9],
			"rotation": {"angle": 0, "axis": "y", "origin": [14, 6.07678, 8.70607]},
			"faces": {
				"north": {"uv": [3.3125, 7.4375, 2.9375, 7.1875], "texture": "#0"},
				"east": {"uv": [3.1875, 7.1875, 2.9375, 6.9375], "texture": "#0"},
				"south": {"uv": [3.3125, 7.4375, 2.9375, 7.1875], "texture": "#0"},
				"west": {"uv": [3.1875, 7.1875, 2.9375, 6.9375], "texture": "#0"},
				"up": {"uv": [3.3125, 7.1875, 2.9375, 7.4375], "texture": "#0"},
				"down": {"uv": [3.3125, 7.4375, 2.9375, 7.1875], "texture": "#0"}
			}
		},
		{
			"from": [4.55, 1.55, 5],
			"to": [11.45, 4.55, 13],
			"rotation": {"angle": -22.5, "axis": "x", "origin": [8, 1.45, 5.05]},
			"faces": {
				"north": {"uv": [0, 0, 0.8625, 0.375], "texture": "#0"},
				"east": {"uv": [8.625, 8.875, 9.625, 8.5], "rotation": 180, "texture": "#0"},
				"south": {"uv": [0, 0, 0.8625, 0.375], "texture": "#0"},
				"west": {"uv": [9.625, 8.875, 8.625, 8.5], "rotation": 180, "texture": "#0"},
				"up": {"uv": [7.625, 7.875, 8.625, 8.7375], "rotation": 90, "texture": "#0"},
				"down": {"uv": [7.625, 7.875, 8.625, 8.7375], "rotation": 90, "texture": "#0"}
			}
		},
		{
			"from": [4, 1.5192, -8.98082],
			"to": [12, 8.5192, -2.98082],
			"rotation": {"angle": 0, "axis": "y", "origin": [8, 5.35917, -6.85098]},
			"faces": {
				"north": {"uv": [1.125, 7.6875, 2.125, 8.5625], "texture": "#0"},
				"east": {"uv": [0.75, 7.6875, 0, 8.5625], "texture": "#0"},
				"south": {"uv": [4.125, 7.6875, 5.125, 8.5625], "texture": "#0"},
				"west": {"uv": [0, 7.6875, 0.75, 8.5625], "texture": "#0"},
				"up": {"uv": [2.125, 7.4375, 3.125, 8.1875], "texture": "#0"},
				"down": {"uv": [3.125, 7.4375, 4.125, 8.1875], "texture": "#0"}
			}
		},
		{
			"from": [3.8, 8, -10],
			"to": [3.8, 17, 0],
			"rotation": {"angle": 22.5, "axis": "x", "origin": [3.8, 9, -6]},
			"faces": {
				"north": {"uv": [0, 0, 0, 14], "texture": "#0"},
				"east": {"uv": [10, 5.5, 0, 14.5], "texture": "#2"},
				"south": {"uv": [0, 0, 0, 14], "texture": "#0"},
				"west": {"uv": [0, 5.5, 10, 14.5], "texture": "#2"},
				"up": {"uv": [0, 10, 0, 0], "texture": "#0"},
				"down": {"uv": [0, 0, 0, 10], "texture": "#0"}
			}
		},
		{
			"from": [12.2, 8, -10],
			"to": [12.2, 17, 0],
			"rotation": {"angle": 22.5, "axis": "x", "origin": [12.2, 9, -6]},
			"faces": {
				"north": {"uv": [0, 0, 0, 14], "texture": "#0"},
				"east": {"uv": [10, 5.5, 0, 14.5], "texture": "#2"},
				"south": {"uv": [0, 0, 0, 14], "texture": "#0"},
				"west": {"uv": [0, 5.5, 10, 14.5], "texture": "#2"},
				"up": {"uv": [0, 10, 0, 0], "texture": "#0"},
				"down": {"uv": [0, 0, 0, 10], "texture": "#0"}
			}
		},
		{
			"from": [4.5, 0.53536, -0.8443],
			"to": [11.5, 6.53536, 3.1557],
			"rotation": {"angle": 45, "axis": "x", "origin": [8, 7.35917, -6.25098]},
			"faces": {
				"north": {"uv": [1.375, 8.5625, 2.25, 9.3125], "texture": "#0"},
				"east": {"uv": [0.875, 8.5625, 1.375, 9.3125], "texture": "#0"},
				"south": {"uv": [0, 8.5625, 0.875, 9.3125], "texture": "#0"},
				"west": {"uv": [0.875, 8.5625, 1.375, 9.3125], "texture": "#0"},
				"up": {"uv": [1.25, 7.1875, 2.125, 7.6875], "texture": "#0"},
				"down": {"uv": [1.25, 7.1875, 2.125, 7.6875], "texture": "#0"}
			}
		},
		{
			"from": [3.25, 0.2, -8.05],
			"to": [4.75, 2.7, -5.55],
			"rotation": {"angle": -22.5, "axis": "x", "origin": [4, 1.45, -4.5]},
			"faces": {
				"north": {"uv": [4.375, 1.5, 4.6875, 1.6875], "rotation": 270, "texture": "#0"},
				"east": {"uv": [4.375, 1.1875, 4.6875, 1.5], "rotation": 270, "texture": "#0"},
				"south": {"uv": [4.375, 1.5, 4.6875, 1.6875], "rotation": 90, "texture": "#0"},
				"west": {"uv": [4.375, 1.1875, 4.6875, 1.5], "rotation": 90, "texture": "#0"},
				"up": {"uv": [5.0625, 1.1875, 4.875, 1.5], "rotation": 180, "texture": "#0"},
				"down": {"uv": [4.875, 1.1875, 4.6875, 1.5], "texture": "#0"}
			}
		},
		{
			"from": [3.25, 0.2, -5.05],
			"to": [4.75, 2.7, -2.55],
			"rotation": {"angle": -22.5, "axis": "x", "origin": [4, 1.45, -4.5]},
			"faces": {
				"north": {"uv": [4.375, 1.5, 4.6875, 1.6875], "rotation": 270, "texture": "#0"},
				"east": {"uv": [4.375, 1.1875, 4.6875, 1.5], "rotation": 270, "texture": "#0"},
				"south": {"uv": [4.375, 1.5, 4.6875, 1.6875], "rotation": 90, "texture": "#0"},
				"west": {"uv": [4.375, 1.1875, 4.6875, 1.5], "rotation": 90, "texture": "#0"},
				"up": {"uv": [5.0625, 1.1875, 4.875, 1.5], "rotation": 180, "texture": "#0"},
				"down": {"uv": [4.875, 1.1875, 4.6875, 1.5], "texture": "#0"}
			}
		},
		{
			"from": [3.25, 0.2, -2.05],
			"to": [4.75, 2.7, 0.45],
			"rotation": {"angle": -22.5, "axis": "x", "origin": [4, 1.45, -4.5]},
			"faces": {
				"north": {"uv": [4.375, 1.5, 4.6875, 1.6875], "rotation": 270, "texture": "#0"},
				"east": {"uv": [4.375, 1.1875, 4.6875, 1.5], "rotation": 270, "texture": "#0"},
				"south": {"uv": [4.375, 1.5, 4.6875, 1.6875], "rotation": 90, "texture": "#0"},
				"west": {"uv": [4.375, 1.1875, 4.6875, 1.5], "rotation": 90, "texture": "#0"},
				"up": {"uv": [5.0625, 1.1875, 4.875, 1.5], "rotation": 180, "texture": "#0"},
				"down": {"uv": [4.875, 1.1875, 4.6875, 1.5], "texture": "#0"}
			}
		},
		{
			"from": [2.75, 0.7, -6.45],
			"to": [5.25, 2.2, -3.95],
			"rotation": {"angle": -22.5, "axis": "x", "origin": [4, 1.45, -4.5]},
			"faces": {
				"north": {"uv": [4.375, 1.6875, 4.6875, 1.5], "rotation": 180, "texture": "#0"},
				"east": {"uv": [4.875, 1.5, 4.6875, 1.1875], "rotation": 270, "texture": "#0"},
				"south": {"uv": [4.375, 1.6875, 4.6875, 1.5], "rotation": 180, "texture": "#0"},
				"west": {"uv": [5.0625, 1.5, 4.875, 1.1875], "rotation": 90, "texture": "#0"},
				"up": {"uv": [4.375, 1.5, 4.6875, 1.1875], "rotation": 180, "texture": "#0"},
				"down": {"uv": [4.375, 1.5, 4.6875, 1.1875], "texture": "#0"}
			}
		},
		{
			"from": [2.75, 0.7, -3.45],
			"to": [5.25, 2.2, -0.95],
			"rotation": {"angle": -22.5, "axis": "x", "origin": [4, 1.45, -4.5]},
			"faces": {
				"north": {"uv": [4.375, 1.6875, 4.6875, 1.5], "rotation": 180, "texture": "#0"},
				"east": {"uv": [4.875, 1.5, 4.6875, 1.1875], "rotation": 270, "texture": "#0"},
				"south": {"uv": [4.375, 1.6875, 4.6875, 1.5], "rotation": 180, "texture": "#0"},
				"west": {"uv": [5.0625, 1.5, 4.875, 1.1875], "rotation": 90, "texture": "#0"},
				"up": {"uv": [4.375, 1.5, 4.6875, 1.1875], "rotation": 180, "texture": "#0"},
				"down": {"uv": [4.375, 1.5, 4.6875, 1.1875], "texture": "#0"}
			}
		},
		{
			"from": [2.75, 0.7, -9.45],
			"to": [5.25, 2.2, -6.95],
			"rotation": {"angle": -22.5, "axis": "x", "origin": [4, 1.45, -4.5]},
			"faces": {
				"north": {"uv": [4.375, 1.5, 4.6875, 1.6875], "texture": "#0"},
				"east": {"uv": [4.875, 1.1875, 4.6875, 1.5], "rotation": 270, "texture": "#0"},
				"south": {"uv": [4.375, 1.5, 4.6875, 1.6875], "texture": "#0"},
				"west": {"uv": [5.0625, 1.1875, 4.875, 1.5], "rotation": 90, "texture": "#0"},
				"up": {"uv": [4.375, 1.1875, 4.6875, 1.5], "rotation": 180, "texture": "#0"},
				"down": {"uv": [4.375, 1.1875, 4.6875, 1.5], "texture": "#0"}
			}
		},
		{
			"from": [11.25, 0.2, -2.05],
			"to": [12.75, 2.7, 0.45],
			"rotation": {"angle": -22.5, "axis": "x", "origin": [12, 1.45, -4.5]},
			"faces": {
				"north": {"uv": [4.375, 1.6875, 4.6875, 1.5], "rotation": 270, "texture": "#0"},
				"east": {"uv": [4.375, 1.5, 4.6875, 1.1875], "rotation": 90, "texture": "#0"},
				"south": {"uv": [4.375, 1.6875, 4.6875, 1.5], "rotation": 90, "texture": "#0"},
				"west": {"uv": [4.375, 1.5, 4.6875, 1.1875], "rotation": 270, "texture": "#0"},
				"up": {"uv": [4.875, 1.1875, 5.0625, 1.5], "rotation": 180, "texture": "#0"},
				"down": {"uv": [4.6875, 1.1875, 4.875, 1.5], "texture": "#0"}
			}
		},
		{
			"from": [10.75, 0.7, -3.45],
			"to": [13.25, 2.2, -0.95],
			"rotation": {"angle": -22.5, "axis": "x", "origin": [12, 1.45, -4.5]},
			"faces": {
				"north": {"uv": [4.6875, 1.6875, 4.375, 1.5], "rotation": 180, "texture": "#0"},
				"east": {"uv": [5.0625, 1.1875, 4.875, 1.5], "rotation": 90, "texture": "#0"},
				"south": {"uv": [4.6875, 1.6875, 4.375, 1.5], "rotation": 180, "texture": "#0"},
				"west": {"uv": [4.875, 1.1875, 4.6875, 1.5], "rotation": 270, "texture": "#0"},
				"up": {"uv": [4.6875, 1.5, 4.375, 1.1875], "rotation": 180, "texture": "#0"},
				"down": {"uv": [4.6875, 1.5, 4.375, 1.1875], "texture": "#0"}
			}
		},
		{
			"from": [10.75, 0.7, -6.45],
			"to": [13.25, 2.2, -3.95],
			"rotation": {"angle": -22.5, "axis": "x", "origin": [12, 1.45, -4.5]},
			"faces": {
				"north": {"uv": [4.6875, 1.6875, 4.375, 1.5], "rotation": 180, "texture": "#0"},
				"east": {"uv": [5.0625, 1.1875, 4.875, 1.5], "rotation": 90, "texture": "#0"},
				"south": {"uv": [4.6875, 1.6875, 4.375, 1.5], "rotation": 180, "texture": "#0"},
				"west": {"uv": [4.875, 1.1875, 4.6875, 1.5], "rotation": 270, "texture": "#0"},
				"up": {"uv": [4.6875, 1.5, 4.375, 1.1875], "rotation": 180, "texture": "#0"},
				"down": {"uv": [4.6875, 1.5, 4.375, 1.1875], "texture": "#0"}
			}
		},
		{
			"from": [11.25, 0.2, -5.05],
			"to": [12.75, 2.7, -2.55],
			"rotation": {"angle": -22.5, "axis": "x", "origin": [12, 1.45, -4.5]},
			"faces": {
				"north": {"uv": [4.375, 1.6875, 4.6875, 1.5], "rotation": 270, "texture": "#0"},
				"east": {"uv": [4.375, 1.5, 4.6875, 1.1875], "rotation": 90, "texture": "#0"},
				"south": {"uv": [4.375, 1.6875, 4.6875, 1.5], "rotation": 90, "texture": "#0"},
				"west": {"uv": [4.375, 1.5, 4.6875, 1.1875], "rotation": 270, "texture": "#0"},
				"up": {"uv": [4.875, 1.1875, 5.0625, 1.5], "rotation": 180, "texture": "#0"},
				"down": {"uv": [4.6875, 1.1875, 4.875, 1.5], "texture": "#0"}
			}
		},
		{
			"from": [11.25, 0.2, -8.05],
			"to": [12.75, 2.7, -5.55],
			"rotation": {"angle": -22.5, "axis": "x", "origin": [12, 1.45, -4.5]},
			"faces": {
				"north": {"uv": [4.375, 1.6875, 4.6875, 1.5], "rotation": 270, "texture": "#0"},
				"east": {"uv": [4.375, 1.5, 4.6875, 1.1875], "rotation": 90, "texture": "#0"},
				"south": {"uv": [4.375, 1.6875, 4.6875, 1.5], "rotation": 90, "texture": "#0"},
				"west": {"uv": [4.375, 1.5, 4.6875, 1.1875], "rotation": 270, "texture": "#0"},
				"up": {"uv": [4.875, 1.1875, 5.0625, 1.5], "rotation": 180, "texture": "#0"},
				"down": {"uv": [4.6875, 1.1875, 4.875, 1.5], "texture": "#0"}
			}
		},
		{
			"from": [10.75, 0.7, -9.45],
			"to": [13.25, 2.2, -6.95],
			"rotation": {"angle": -22.5, "axis": "x", "origin": [12, 1.45, -4.5]},
			"faces": {
				"north": {"uv": [4.6875, 1.5, 4.375, 1.6875], "texture": "#0"},
				"east": {"uv": [5.0625, 1.5, 4.875, 1.1875], "rotation": 90, "texture": "#0"},
				"south": {"uv": [4.6875, 1.5, 4.375, 1.6875], "texture": "#0"},
				"west": {"uv": [4.875, 1.5, 4.6875, 1.1875], "rotation": 270, "texture": "#0"},
				"up": {"uv": [4.6875, 1.1875, 4.375, 1.5], "rotation": 180, "texture": "#0"},
				"down": {"uv": [4.6875, 1.1875, 4.375, 1.5], "texture": "#0"}
			}
		},
		{
			"from": [4, 11.36835, -7.70721],
			"to": [4, 16.36835, 2.29279],
			"rotation": {"angle": -22.5, "axis": "x", "origin": [8, 11.55856, -5.60263]},
			"faces": {
				"north": {"uv": [0, 0, 0, 4], "rotation": 180, "texture": "#0"},
				"east": {"uv": [6.6875, 0, 6.0625, 1.25], "rotation": 90, "texture": "#0"},
				"south": {"uv": [0, 0, 0, 4], "texture": "#0"},
				"west": {"uv": [6.0625, 0, 6.6875, 1.25], "rotation": 270, "texture": "#0"},
				"up": {"uv": [0, 9, 0, 0], "rotation": 180, "texture": "#0"},
				"down": {"uv": [0, 9, 0, 0], "texture": "#0"}
			}
		},
		{
			"from": [12, 11.36835, -7.70721],
			"to": [12, 16.36835, 2.29279],
			"rotation": {"angle": -22.5, "axis": "x", "origin": [8, 11.55856, -5.60263]},
			"faces": {
				"north": {"uv": [0, 0, 0, 4], "rotation": 180, "texture": "#0"},
				"east": {"uv": [6.0625, 1.25, 6.6875, 0], "rotation": 270, "texture": "#0"},
				"south": {"uv": [0, 0, 0, 4], "texture": "#0"},
				"west": {"uv": [6.6875, 1.25, 6.0625, 0], "rotation": 90, "texture": "#0"},
				"up": {"uv": [0, 9, 0, 0], "rotation": 180, "texture": "#0"},
				"down": {"uv": [0, 9, 0, 0], "texture": "#0"}
			}
		},
		{
			"from": [3.75, 12.81019, -7.59709],
			"to": [4.75, 14.81019, -4.09709],
			"rotation": {"angle": -45, "axis": "x", "origin": [8, 11.55856, -6.60263]},
			"faces": {
				"north": {"uv": [5.6875, 0.4375, 5.8125, 0.6875], "texture": "#0"},
				"east": {"uv": [5.6875, 0.4375, 5.9375, 0], "rotation": 90, "texture": "#0"},
				"south": {"uv": [5.6875, 0.4375, 5.8125, 0.6875], "texture": "#0"},
				"west": {"uv": [5.6875, 0, 5.9375, 0.4375], "rotation": 90, "texture": "#0"},
				"up": {"uv": [6.0625, 0.4375, 5.9375, 0], "texture": "#0"},
				"down": {"uv": [6.0625, 0.4375, 5.9375, 0], "texture": "#0"}
			}
		},
		{
			"from": [3.25, 9.17896, -9.80943],
			"to": [5.25, 13.17896, -7.30943],
			"rotation": {"angle": 0, "axis": "y", "origin": [8, 11.55856, -6.60263]},
			"faces": {
				"north": {"uv": [5.4375, 0.375, 5.6875, 0.875], "texture": "#0"},
				"east": {"uv": [5.125, 0.875, 5.4375, 0.375], "rotation": 180, "texture": "#0"},
				"south": {"uv": [5.4375, 0.375, 5.6875, 0.875], "rotation": 180, "texture": "#0"},
				"west": {"uv": [5.125, 0.375, 5.4375, 0.875], "texture": "#0"},
				"up": {"uv": [5.375, 1.1875, 5.125, 0.875], "rotation": 180, "texture": "#0"},
				"down": {"uv": [5.375, 1.1875, 5.125, 0.875], "texture": "#0"}
			}
		},
		{
			"from": [3, 7.77179, -10.97519],
			"to": [5.5, 12.27179, -7.97519],
			"rotation": {"angle": -45, "axis": "x", "origin": [8, 11.55856, -6.60263]},
			"faces": {
				"north": {"uv": [4.8125, 0.5625, 5.125, 1.125], "texture": "#0"},
				"east": {"uv": [4.4375, 0.5625, 4.8125, 1.125], "texture": "#0"},
				"south": {"uv": [4.8125, 0.5625, 5.125, 1.125], "texture": "#0"},
				"west": {"uv": [4.4375, 0.5625, 4.8125, 1.125], "texture": "#0"},
				"up": {"uv": [5.625, 0.375, 5.3125, 0], "rotation": 180, "texture": "#0"},
				"down": {"uv": [5.625, 0.375, 5.3125, 0], "rotation": 180, "texture": "#0"}
			}
		},
		{
			"from": [10.5, 7.77179, -10.97519],
			"to": [13, 12.27179, -7.97519],
			"rotation": {"angle": -45, "axis": "x", "origin": [8, 11.55856, -6.60263]},
			"faces": {
				"north": {"uv": [5.125, 0.5625, 4.8125, 1.125], "texture": "#0"},
				"east": {"uv": [4.8125, 0.5625, 4.4375, 1.125], "texture": "#0"},
				"south": {"uv": [5.125, 0.5625, 4.8125, 1.125], "texture": "#0"},
				"west": {"uv": [4.8125, 0.5625, 4.4375, 1.125], "texture": "#0"},
				"up": {"uv": [5.3125, 0.375, 5.625, 0], "rotation": 180, "texture": "#0"},
				"down": {"uv": [5.3125, 0.375, 5.625, 0], "rotation": 180, "texture": "#0"}
			}
		},
		{
			"from": [10.75, 9.17896, -9.80943],
			"to": [12.75, 13.17896, -7.30943],
			"rotation": {"angle": 0, "axis": "y", "origin": [8, 11.55856, -6.60263]},
			"faces": {
				"north": {"uv": [5.6875, 0.375, 5.4375, 0.875], "texture": "#0"},
				"east": {"uv": [5.4375, 0.375, 5.125, 0.875], "texture": "#0"},
				"south": {"uv": [5.6875, 0.375, 5.4375, 0.875], "rotation": 180, "texture": "#0"},
				"west": {"uv": [5.4375, 0.875, 5.125, 0.375], "rotation": 180, "texture": "#0"},
				"up": {"uv": [5.125, 1.1875, 5.375, 0.875], "rotation": 180, "texture": "#0"},
				"down": {"uv": [5.125, 1.1875, 5.375, 0.875], "texture": "#0"}
			}
		},
		{
			"from": [11.25, 12.81019, -7.59709],
			"to": [12.25, 14.81019, -4.09709],
			"rotation": {"angle": -45, "axis": "x", "origin": [8, 11.55856, -6.60263]},
			"faces": {
				"north": {"uv": [5.8125, 0.4375, 5.6875, 0.6875], "texture": "#0"},
				"east": {"uv": [5.6875, 0.4375, 5.9375, 0], "rotation": 90, "texture": "#0"},
				"south": {"uv": [5.8125, 0.4375, 5.6875, 0.6875], "texture": "#0"},
				"west": {"uv": [5.6875, 0, 5.9375, 0.4375], "rotation": 90, "texture": "#0"},
				"up": {"uv": [5.9375, 0.4375, 6.0625, 0], "texture": "#0"},
				"down": {"uv": [5.9375, 0.4375, 6.0625, 0], "texture": "#0"}
			}
		},
		{
			"from": [-8.75, 8.37855, 6.79479],
			"to": [-5.25, 10.87855, 11.29479],
			"rotation": {"angle": -22.5, "axis": "x", "origin": [-7, 8.94776, 9.98862]},
			"faces": {
				"north": {"uv": [3.875, 0.4375, 4.1875, 0], "rotation": 270, "texture": "#0"},
				"east": {"uv": [3.25, 0, 3.5625, 0.5625], "rotation": 90, "texture": "#0"},
				"south": {"uv": [3.5625, 0.4375, 3.875, 0], "rotation": 270, "texture": "#0"},
				"west": {"uv": [3.25, 0.5625, 3.5625, 0], "rotation": 90, "texture": "#0"},
				"up": {"uv": [3.25, 0.5625, 2.8125, 0], "rotation": 180, "texture": "#0"},
				"down": {"uv": [4.625, 0.5625, 4.1875, 0], "rotation": 180, "texture": "#0"}
			}
		},
		{
			"from": [-8.5, 6.57855, 5.79479],
			"to": [-5.5, 9.37855, 7.29479],
			"rotation": {"angle": -45, "axis": "x", "origin": [-7, 9.94776, 8.98862]},
			"faces": {
				"north": {"uv": [3, 0.5625, 3.375, 0.9125], "texture": "#0"},
				"east": {"uv": [2.8125, 0.5625, 3, 0.9125], "texture": "#0"},
				"south": {"uv": [3.375, 0.5625, 3.75, 0.9125], "texture": "#0"},
				"west": {"uv": [3, 0.5625, 2.8125, 0.9125], "texture": "#0"},
				"up": {"uv": [3.9375, 0.5625, 3.75, 0.9375], "rotation": 90, "texture": "#0"},
				"down": {"uv": [3.9375, 0.5625, 3.75, 0.9375], "rotation": 90, "texture": "#0"}
			}
		},
		{
			"from": [-8.25, 6.56878, 9.1356],
			"to": [-5.75, 9.06878, 11.6356],
			"rotation": {"angle": 22.5, "axis": "x", "origin": [-7, 9.44776, 9.98862]},
			"faces": {
				"north": {"uv": [3.25, 0.9375, 2.9375, 1.25], "rotation": 270, "texture": "#0"},
				"east": {"uv": [2.9375, 0.9375, 2.625, 1.25], "rotation": 90, "texture": "#0"},
				"south": {"uv": [3.25, 0.9375, 2.9375, 1.25], "rotation": 90, "texture": "#0"},
				"west": {"uv": [2.9375, 0.9375, 2.625, 1.25], "rotation": 270, "texture": "#0"},
				"up": {"uv": [3.25, 0.9375, 3.5625, 1.25], "texture": "#0"},
				"down": {"uv": [3.25, 0.9375, 3.5625, 1.25], "rotation": 180, "texture": "#0"}
			}
		},
		{
			"from": [-8, 6.5, 10.5],
			"to": [-8, 11.5, 17.5],
			"rotation": {"angle": -22.5, "axis": "y", "origin": [-8, 9, 14]},
			"faces": {
				"north": {"uv": [0, 0, 0, 3], "texture": "#3"},
				"east": {"uv": [12, 14, 2, 0], "rotation": 90, "texture": "#3"},
				"south": {"uv": [0, 3, 0, 0], "rotation": 180, "texture": "#3"},
				"west": {"uv": [12, 0, 2, 14], "rotation": 90, "texture": "#3"},
				"up": {"uv": [0, 3.5, 0, 0], "texture": "#3"},
				"down": {"uv": [0, 3.5, 0, 0], "rotation": 180, "texture": "#3"}
			}
		},
		{
			"from": [24, 6.5, 10.5],
			"to": [24, 11.5, 17.5],
			"rotation": {"angle": 22.5, "axis": "y", "origin": [24, 9, 14]},
			"faces": {
				"north": {"uv": [0, 0, 0, 3], "texture": "#3"},
				"east": {"uv": [12, 14, 2, 0], "rotation": 90, "texture": "#3"},
				"south": {"uv": [0, 3, 0, 0], "rotation": 180, "texture": "#3"},
				"west": {"uv": [12, 0, 2, 14], "rotation": 90, "texture": "#3"},
				"up": {"uv": [0, 3.5, 0, 0], "texture": "#3"},
				"down": {"uv": [0, 3.5, 0, 0], "rotation": 180, "texture": "#3"}
			}
		},
		{
			"from": [21.75, 6.56878, 9.1356],
			"to": [24.25, 9.06878, 11.6356],
			"rotation": {"angle": 22.5, "axis": "x", "origin": [23, 9.44776, 9.98862]},
			"faces": {
				"north": {"uv": [3.25, 1.25, 2.9375, 0.9375], "rotation": 270, "texture": "#0"},
				"east": {"uv": [2.9375, 1.25, 2.625, 0.9375], "rotation": 270, "texture": "#0"},
				"south": {"uv": [3.25, 1.25, 2.9375, 0.9375], "rotation": 90, "texture": "#0"},
				"west": {"uv": [2.9375, 1.25, 2.625, 0.9375], "rotation": 90, "texture": "#0"},
				"up": {"uv": [3.5625, 0.9375, 3.25, 1.25], "texture": "#0"},
				"down": {"uv": [3.5625, 0.9375, 3.25, 1.25], "rotation": 180, "texture": "#0"}
			}
		},
		{
			"from": [21.25, 8.37855, 6.79479],
			"to": [24.75, 10.87855, 11.29479],
			"rotation": {"angle": -22.5, "axis": "x", "origin": [23, 8.94776, 9.98862]},
			"faces": {
				"north": {"uv": [3.875, 0, 4.1875, 0.4375], "rotation": 270, "texture": "#0"},
				"east": {"uv": [3.25, 0, 3.5625, 0.5625], "rotation": 90, "texture": "#0"},
				"south": {"uv": [3.5625, 0, 3.875, 0.4375], "rotation": 270, "texture": "#0"},
				"west": {"uv": [3.25, 0.5625, 3.5625, 0], "rotation": 90, "texture": "#0"},
				"up": {"uv": [2.8125, 0.5625, 3.25, 0], "rotation": 180, "texture": "#0"},
				"down": {"uv": [4.1875, 0.5625, 4.625, 0], "rotation": 180, "texture": "#0"}
			}
		},
		{
			"from": [21.5, 6.57855, 5.79479],
			"to": [24.5, 9.37855, 7.29479],
			"rotation": {"angle": -45, "axis": "x", "origin": [23, 9.94776, 8.98862]},
			"faces": {
				"north": {"uv": [3.375, 0.5625, 3, 0.9125], "texture": "#0"},
				"east": {"uv": [2.8125, 0.5625, 3, 0.9125], "texture": "#0"},
				"south": {"uv": [3.75, 0.5625, 3.375, 0.9125], "texture": "#0"},
				"west": {"uv": [3, 0.5625, 2.8125, 0.9125], "texture": "#0"},
				"up": {"uv": [3.9375, 0.9375, 3.75, 0.5625], "rotation": 90, "texture": "#0"},
				"down": {"uv": [3.9375, 0.9375, 3.75, 0.5625], "rotation": 90, "texture": "#0"}
			}
		},
		{
			"from": [7.5, 6, 18],
			"to": [8.5, 10, 21],
			"rotation": {"angle": 45, "axis": "x", "origin": [8, 11.5, 17.5]},
			"faces": {
				"north": {"uv": [2.3125, 6.19375, 2.4375, 6.69375], "texture": "#0"},
				"east": {"uv": [2.3125, 6.19375, 1.9375, 6.69375], "texture": "#0"},
				"south": {"uv": [2.3125, 6.19375, 2.4375, 6.69375], "texture": "#0"},
				"west": {"uv": [1.9375, 6.19375, 2.3125, 6.69375], "texture": "#0"},
				"up": {"uv": [2.75, 6.1875, 2.875, 6.5625], "texture": "#0"},
				"down": {"uv": [2.75, 6.1875, 2.875, 6.5625], "texture": "#0"}
			}
		},
		{
			"from": [4.5, -2, -12],
			"to": [11.5, 1, -9.5],
			"rotation": {"angle": -22.5, "axis": "x", "origin": [8.5, 4.5, -9.75]},
			"faces": {
				"north": {"uv": [9.625, 8.5, 10.5, 8.875], "texture": "#0"},
				"east": {"uv": [11.6875, 8.5, 11.375, 8.875], "texture": "#0"},
				"south": {"uv": [9.625, 8.5, 10.5, 8.875], "texture": "#0"},
				"west": {"uv": [11.375, 8.5, 11.6875, 8.875], "texture": "#0"},
				"up": {"uv": [10.5, 8.5625, 11.375, 8.875], "texture": "#0"},
				"down": {"uv": [10.5, 8.5625, 11.375, 8.875], "texture": "#0"}
			}
		}
	],
	"gui_light": "front",
	"display": {
		"thirdperson_righthand": {
			"translation": [0, 1.5, 2],
			"scale": [0.55, 0.55, 0.55]
		},
		"thirdperson_lefthand": {
			"translation": [0, 1.5, 2],
			"scale": [0.55, 0.55, 0.55]
		},
		"firstperson_righthand": {
			"rotation": [10.82, 3.97, 19.87],
			"translation": [23.75, 10.25, -14.5]
		},
		"firstperson_lefthand": {
			"rotation": [10.82, 3.97, 19.87],
			"translation": [8.75, 7.75, -10.5]
		},
		"ground": {
			"translation": [0, 0.25, 0],
			"scale": [0.57, 0.57, 0.57]
		},
		"gui": {
			"rotation": [48, 128, 0],
			"translation": [0.5, 0.5, 0],
			"scale": [0.5, 0.5, 0.5]
		},
		"head": {
			"translation": [0, 14, 0]
		},
		"fixed": {
			"rotation": [-90, 0, 0],
			"translation": [0, 0, -12.5],
			"scale": [1.62305, 1.62305, 1.62305]
		}
	}
}