{"credit":"Made with Blockbench","texture_size":[128,128],"textures":{"0":"elitecreatures:krampus_animated/krampus_texture","particle":"elitecreatures:krampus_animated/krampus_texture"},"elements":[{"from":[6.25,-14,6.5],"to":[10.25,-11,10.5],"rotation":{"angle":-22.5,"axis":"x","origin":[8.25,-12.5,8.5]},"faces":{"north":{"uv":[3.8125,0.75,3.3125,0.375],"texture":"#0"},"east":{"uv":[3.8125,0.375,3.3125,0],"texture":"#0"},"south":{"uv":[3.8125,0.75,3.3125,0.375],"texture":"#0"},"west":{"uv":[3.8125,0.375,3.3125,0],"texture":"#0"},"up":{"uv":[3.8125,1.25,3.3125,0.75],"texture":"#0"},"down":{"uv":[3.8125,1.25,3.3125,0.75],"texture":"#0"}}},{"from":[8.25,-12,10],"to":[8.25,-7.5,16],"rotation":{"angle":45,"axis":"x","origin":[8.25,-10,4.5]},"faces":{"north":{"uv":[3.8125,1.25,3.3125,0.75],"rotation":180,"texture":"#0"},"east":{"uv":[4.4375,0,3.875,0.75],"rotation":270,"texture":"#0"},"south":{"uv":[3.8125,1.25,3.3125,0.75],"texture":"#0"},"west":{"uv":[4.4375,0.75,3.875,0],"rotation":270,"texture":"#0"},"up":{"uv":[3.8125,0.75,3.3125,0.375],"texture":"#0"},"down":{"uv":[3.8125,0.75,3.3125,0.375],"rotation":180,"texture":"#0"}}},{"from":[7,-12,7],"to":[9,5,9],"rotation":{"angle":45,"axis":"y","origin":[8,-8,8]},"faces":{"north":{"uv":[3.625,2.75,3.375,4.875],"texture":"#0"},"east":{"uv":[3.375,2.75,3.625,4.875],"texture":"#0"},"south":{"uv":[3.625,2.75,3.375,4.875],"texture":"#0"},"west":{"uv":[3.375,2.75,3.625,4.875],"texture":"#0"},"up":{"uv":[3.625,2.75,3.375,3],"texture":"#0"},"down":{"uv":[3.625,2.75,3.375,3],"texture":"#0"}}},{"from":[4,15,4],"to":[12,17.5,12],"rotation":{"angle":45,"axis":"y","origin":[8,15.5,8]},"faces":{"north":{"uv":[8.0625,7.125,7.0625,7.4375],"texture":"#0"},"east":{"uv":[8.0625,5.8125,7.0625,6.125],"texture":"#0"},"south":{"uv":[8.0625,7.125,7.0625,7.4375],"texture":"#0"},"west":{"uv":[8.0625,5.8125,7.0625,6.125],"texture":"#0"},"up":{"uv":[8.0625,6.125,7.0625,7.125],"texture":"#0"},"down":{"uv":[8.0625,7.4375,7.0625,8.4375],"texture":"#0"}}},{"from":[4,8,4],"to":[12,10.5,12],"rotation":{"angle":45,"axis":"y","origin":[8,8.5,8]},"faces":{"north":{"uv":[8.0625,7.125,7.0625,7.4375],"texture":"#0"},"east":{"uv":[8.0625,5.8125,7.0625,6.125],"texture":"#0"},"south":{"uv":[8.0625,7.125,7.0625,7.4375],"texture":"#0"},"west":{"uv":[8.0625,5.8125,7.0625,6.125],"texture":"#0"},"up":{"uv":[8.0625,6.125,7.0625,7.125],"texture":"#0"},"down":{"uv":[8.0625,7.4375,7.0625,8.4375],"texture":"#0"}}},{"from":[6.8,18,9],"to":[9.2,21,12],"rotation":{"angle":-45,"axis":"x","origin":[8.8,17,8]},"faces":{"north":{"uv":[7.4375,5.1875,7.8125,5.5],"rotation":270,"texture":"#0"},"east":{"uv":[7.8125,5.8125,8.1875,5.4375],"rotation":270,"texture":"#0"},"south":{"uv":[7.4375,5.1875,7.8125,5.5],"rotation":270,"texture":"#0"},"west":{"uv":[7.8125,5.4375,8.1875,5.8125],"rotation":270,"texture":"#0"},"up":{"uv":[7.4375,5.5,7.8125,5.8125],"rotation":270,"texture":"#0"},"down":{"uv":[7.4375,5.5,7.8125,5.8125],"rotation":270,"texture":"#0"}}},{"from":[0,13,8],"to":[4,17,8],"rotation":{"angle":0,"axis":"y","origin":[8.1,15,8]},"faces":{"north":{"uv":[5.625,0.5,5.125,0],"rotation":90,"texture":"#0"},"east":{"uv":[0,0,0,12],"rotation":180,"texture":"#missing"},"south":{"uv":[5.125,0.5,5.625,0],"rotation":270,"texture":"#0"},"west":{"uv":[0,0,0,12],"texture":"#missing"},"up":{"uv":[0,12,0,0],"rotation":270,"texture":"#missing"},"down":{"uv":[0,12,0,0],"rotation":270,"texture":"#missing"}}},{"from":[12,13,8],"to":[16,17,8],"rotation":{"angle":0,"axis":"y","origin":[7.9,15,8]},"faces":{"north":{"uv":[5.625,0,5.125,0.5],"rotation":90,"texture":"#0"},"east":{"uv":[0,0,0,12],"texture":"#missing"},"south":{"uv":[5.125,0,5.625,0.5],"rotation":270,"texture":"#0"},"west":{"uv":[0,0,0,12],"rotation":180,"texture":"#missing"},"up":{"uv":[0,0,0,12],"rotation":270,"texture":"#missing"},"down":{"uv":[0,0,0,12],"rotation":270,"texture":"#missing"}}},{"from":[7.9,13,12.1],"to":[7.9,17,16.1],"rotation":{"angle":0,"axis":"y","origin":[7.9,15,8]},"faces":{"north":{"uv":[0,0,0,12],"rotation":180,"texture":"#missing"},"east":{"uv":[5.625,0,5.125,0.5],"rotation":90,"texture":"#0"},"south":{"uv":[0,0,0,12],"texture":"#missing"},"west":{"uv":[5.125,0,5.625,0.5],"rotation":270,"texture":"#0"},"up":{"uv":[0,0,0,12],"texture":"#missing"},"down":{"uv":[0,0,0,12],"rotation":180,"texture":"#missing"}}},{"from":[7.9,13,0.1],"to":[7.9,17,4.1],"rotation":{"angle":0,"axis":"y","origin":[7.9,15,8.2]},"faces":{"north":{"uv":[0,0,0,12],"texture":"#missing"},"east":{"uv":[5.625,0.5,5.125,0],"rotation":90,"texture":"#0"},"south":{"uv":[0,0,0,12],"rotation":180,"texture":"#missing"},"west":{"uv":[5.125,0.5,5.625,0],"rotation":270,"texture":"#0"},"up":{"uv":[0,12,0,0],"texture":"#missing"},"down":{"uv":[0,12,0,0],"rotation":180,"texture":"#missing"}}},{"from":[6.5,4,6.5],"to":[9.5,6,9.5],"rotation":{"angle":45,"axis":"y","origin":[8,5,8]},"faces":{"north":{"uv":[7.8125,3.9375,8.1875,4.1875],"texture":"#0"},"east":{"uv":[8.1875,3.9375,7.8125,4.1875],"texture":"#0"},"south":{"uv":[7.8125,3.9375,8.1875,4.1875],"texture":"#0"},"west":{"uv":[8.1875,3.9375,7.8125,4.1875],"texture":"#0"},"up":{"uv":[7.8125,4.1875,8.1875,4.5625],"texture":"#0"},"down":{"uv":[7.8125,4.1875,8.1875,4.5625],"texture":"#0"}}},{"from":[6.75,19,6],"to":[9.25,20.5,10],"rotation":{"angle":0,"axis":"y","origin":[8.3,14,7.5]},"faces":{"north":{"uv":[7.375,4.875,7.6875,5.0625],"texture":"#0"},"east":{"uv":[7.6875,4.5625,8.1875,4.75],"texture":"#0"},"south":{"uv":[7.375,4.875,7.6875,5.0625],"texture":"#0"},"west":{"uv":[7.6875,4.5625,8.1875,4.75],"texture":"#0"},"up":{"uv":[7.8125,4.75,8.125,5.25],"texture":"#0"},"down":{"uv":[7.8125,4.75,8.125,5.25],"texture":"#0"}}},{"from":[4,6,4],"to":[12,19,12],"rotation":{"angle":0,"axis":"y","origin":[7.5,13,7.5]},"faces":{"north":{"uv":[9.1875,2.1875,8.1875,3.8125],"texture":"#0"},"east":{"uv":[8.1875,2.1875,9.1875,3.8125],"texture":"#0"},"south":{"uv":[9.1875,2.1875,8.1875,3.8125],"texture":"#0"},"west":{"uv":[8.1875,2.1875,9.1875,3.8125],"texture":"#0"},"up":{"uv":[8.1875,3.8125,9.1875,4.8125],"texture":"#0"},"down":{"uv":[8.1875,5.8125,9.1875,4.8125],"texture":"#0"}}},{"from":[3.5,11.25,3.5],"to":[12.5,14.25,12.5],"rotation":{"angle":0,"axis":"y","origin":[7,13.3,7]},"faces":{"north":{"uv":[8.0625,5.8125,9.1875,6.1875],"texture":"#0"},"east":{"uv":[8.0625,5.8125,9.1875,6.1875],"texture":"#0"},"south":{"uv":[8.0625,5.8125,9.1875,6.1875],"texture":"#0"},"west":{"uv":[8.0625,5.8125,9.1875,6.1875],"texture":"#0"},"up":{"uv":[8.0625,6.1875,9.1875,7.3125],"texture":"#0"},"down":{"uv":[8.0625,7.3125,9.1875,8.4375],"texture":"#0"}}},{"from":[8,2.5,2.5],"to":[8,6,6.5],"rotation":{"angle":-45,"axis":"y","origin":[8,3.125,4.5]},"faces":{"north":{"uv":[0,0,0,0.4375],"texture":"#missing"},"east":{"uv":[5.0625,0.875,4.5625,1.3125],"texture":"#0"},"south":{"uv":[0,0,0,0.4375],"texture":"#missing"},"west":{"uv":[4.5625,0.875,5.0625,1.3125],"texture":"#0"},"up":{"uv":[0,0,0,0.5],"texture":"#missing"},"down":{"uv":[0,0,0,0.5],"texture":"#missing"}}},{"from":[6.5,1.5,3],"to":[9.5,2.5,6],"rotation":{"angle":0,"axis":"y","origin":[8,3.125,4.5]},"faces":{"north":{"uv":[2.3125,2.8125,1.9375,2.9375],"texture":"#0"},"east":{"uv":[2.3125,2.6875,1.9375,2.8125],"texture":"#0"},"south":{"uv":[1.9375,2.9375,2.3125,3.0625],"texture":"#0"},"west":{"uv":[1.9375,2.6875,2.3125,2.8125],"texture":"#0"},"up":{"uv":[3.0625,1.5625,3.4375,1.9375],"texture":"#0"},"down":{"uv":[3.4375,1.5625,3.8125,1.9375],"texture":"#0"}}},{"from":[8,2.5,2.5],"to":[8,6,6.5],"rotation":{"angle":45,"axis":"y","origin":[8,3.125,4.5]},"faces":{"north":{"uv":[0,0,0,0.4375],"texture":"#missing"},"east":{"uv":[5.0625,0.875,4.5625,1.3125],"texture":"#0"},"south":{"uv":[0,0,0,0.4375],"texture":"#missing"},"west":{"uv":[4.5625,0.875,5.0625,1.3125],"texture":"#0"},"up":{"uv":[0,0,0,0.5],"texture":"#missing"},"down":{"uv":[0,0,0,0.5],"texture":"#missing"}}},{"from":[8,19,9.5],"to":[8,23,14.5],"rotation":{"angle":22.5,"axis":"y","origin":[8,20,9.5]},"faces":{"north":{"uv":[0,0,0,0.5],"texture":"#missing"},"east":{"uv":[4.5,0.8125,3.875,1.3125],"texture":"#0"},"south":{"uv":[0,0,0,0.5],"texture":"#missing"},"west":{"uv":[3.875,0.8125,4.5,1.3125],"texture":"#0"},"up":{"uv":[0,0,0,0.625],"texture":"#missing"},"down":{"uv":[0,0,0,0.625],"texture":"#missing"}}},{"from":[8,19,1.5],"to":[8,23,6.5],"rotation":{"angle":-22.5,"axis":"y","origin":[8,20,6.5]},"faces":{"north":{"uv":[0,0,0,0.5],"texture":"#missing"},"east":{"uv":[3.875,0.8125,4.5,1.3125],"texture":"#0"},"south":{"uv":[0,0,0,0.5],"texture":"#missing"},"west":{"uv":[4.5,0.8125,3.875,1.3125],"texture":"#0"},"up":{"uv":[0,0.625,0,0],"texture":"#missing"},"down":{"uv":[0,0.625,0,0],"texture":"#missing"}}},{"from":[6.75,3,6.75],"to":[9.25,5.5,9.25],"rotation":{"angle":45,"axis":"y","origin":[8,-0.5,8]},"faces":{"north":{"uv":[2.8125,2.5625,2.5,2.25],"texture":"#0"},"east":{"uv":[2.5,2.5625,2.8125,2.25],"texture":"#0"},"south":{"uv":[2.8125,2.5625,2.5,2.25],"texture":"#0"},"west":{"uv":[2.5,2.5625,2.8125,2.25],"texture":"#0"},"up":{"uv":[2.8125,2.875,2.5,2.5625],"texture":"#0"},"down":{"uv":[2.8125,2.875,2.5,2.5625],"texture":"#0"}}}],"gui_light":"front","display":{"thirdperson_righthand":{"translation":[0,6,1],"scale":[0.6,0.6,0.6]},"thirdperson_lefthand":{"translation":[0,6,1],"scale":[0.6,0.6,0.6]},"firstperson_righthand":{"rotation":[0,16,0],"translation":[5.25,4.5,-4.25],"scale":[0.6,0.6,0.6]},"firstperson_lefthand":{"rotation":[0,16,0],"translation":[5.25,4.5,-4.25],"scale":[0.6,0.6,0.6]},"ground":{"rotation":[0,0,88],"translation":[-2,2.5,0.25],"scale":[0.45,0.45,0.45]},"gui":{"rotation":[-90,-135,-90],"translation":[-1.25,1.5,-1.5],"scale":[0.45,0.45,0.45]},"head":{"rotation":[90,-156,90],"translation":[-6.5,10.5,1.75],"scale":[0.6,0.6,0.6]},"fixed":{"rotation":[-90,-90,-90],"translation":[0,2.75,-1.75],"scale":[1.2,1.2,1.2]}}}