{
	"credit": "Made with Blockbench",
	"texture_size": [128, 128],
	"textures": {
		"0": "elitecreatures:krampus_animated/krampus_texture",
		"1": "elitecreatures:krampus_animated/krampus_animation",
		"particle": "elitecreatures:krampus_animated/krampus_texture"
	},
	"elements": [
		{
			"from": [7, -12, 7],
			"to": [9, 5, 9],
			"rotation": {"angle": 45, "axis": "y", "origin": [8, -8, 8]},
			"faces": {
				"north": {"uv": [3.625, 2.75, 3.375, 4.875], "texture": "#0"},
				"east": {"uv": [3.375, 2.75, 3.625, 4.875], "texture": "#0"},
				"south": {"uv": [3.625, 2.75, 3.375, 4.875], "texture": "#0"},
				"west": {"uv": [3.375, 2.75, 3.625, 4.875], "texture": "#0"},
				"up": {"uv": [3.625, 2.75, 3.375, 3], "texture": "#0"},
				"down": {"uv": [3.625, 2.75, 3.375, 3], "texture": "#0"}
			}
		},
		{
			"from": [6.75, 5, 6.75],
			"to": [9.25, 7.5, 9.25],
			"rotation": {"angle": 45, "axis": "y", "origin": [8, 1.5, 8]},
			"faces": {
				"north": {"uv": [2.8125, 2.5625, 2.5, 2.25], "texture": "#0"},
				"east": {"uv": [2.5, 2.5625, 2.8125, 2.25], "texture": "#0"},
				"south": {"uv": [2.8125, 2.5625, 2.5, 2.25], "texture": "#0"},
				"west": {"uv": [2.5, 2.5625, 2.8125, 2.25], "texture": "#0"},
				"up": {"uv": [2.8125, 2.875, 2.5, 2.5625], "texture": "#0"},
				"down": {"uv": [2.8125, 2.875, 2.5, 2.5625], "texture": "#0"}
			}
		},
		{
			"from": [6.25, -14, 6.5],
			"to": [10.25, -11, 10.5],
			"rotation": {"angle": -22.5, "axis": "x", "origin": [8.25, -12.5, 8.5]},
			"faces": {
				"north": {"uv": [3.8125, 0.75, 3.3125, 0.375], "texture": "#0"},
				"east": {"uv": [3.8125, 0.375, 3.3125, 0], "texture": "#0"},
				"south": {"uv": [3.8125, 0.75, 3.3125, 0.375], "texture": "#0"},
				"west": {"uv": [3.8125, 0.375, 3.3125, 0], "texture": "#0"},
				"up": {"uv": [3.8125, 1.25, 3.3125, 0.75], "texture": "#0"},
				"down": {"uv": [3.8125, 1.25, 3.3125, 0.75], "texture": "#0"}
			}
		},
		{
			"from": [8.25, -12, 10],
			"to": [8.25, -7.5, 16],
			"rotation": {"angle": 45, "axis": "x", "origin": [8.25, -10, 4.5]},
			"faces": {
				"north": {"uv": [3.8125, 1.25, 3.3125, 0.75], "rotation": 180, "texture": "#0"},
				"east": {"uv": [4.4375, 0, 3.875, 0.75], "rotation": 270, "texture": "#0"},
				"south": {"uv": [3.8125, 1.25, 3.3125, 0.75], "texture": "#0"},
				"west": {"uv": [4.4375, 0.75, 3.875, 0], "rotation": 270, "texture": "#0"},
				"up": {"uv": [3.8125, 0.75, 3.3125, 0.375], "texture": "#0"},
				"down": {"uv": [3.8125, 0.75, 3.3125, 0.375], "rotation": 180, "texture": "#0"}
			}
		},
		{
			"from": [6.5, 0.5, -1.2],
			"to": [9.5, 1.5, 1.8],
			"rotation": {"angle": 0, "axis": "y", "origin": [8, 2.125, 0.3]},
			"faces": {
				"north": {"uv": [2.3125, 2.8125, 1.9375, 2.9375], "texture": "#0"},
				"east": {"uv": [2.3125, 2.6875, 1.9375, 2.8125], "texture": "#0"},
				"south": {"uv": [1.9375, 2.9375, 2.3125, 3.0625], "texture": "#0"},
				"west": {"uv": [1.9375, 2.6875, 2.3125, 2.8125], "texture": "#0"},
				"up": {"uv": [3.0625, 1.5625, 3.4375, 1.9375], "texture": "#0"},
				"down": {"uv": [3.4375, 1.5625, 3.8125, 1.9375], "texture": "#0"}
			}
		},
		{
			"from": [8, 1.5, -1.7],
			"to": [8, 5, 2.3],
			"rotation": {"angle": 45, "axis": "y", "origin": [8, 2.125, 0.3]},
			"faces": {
				"north": {"uv": [0, 0, 0, 0.4375], "texture": "#missing"},
				"east": {"uv": [5.0625, 0.875, 4.5625, 1.3125], "texture": "#0"},
				"south": {"uv": [0, 0, 0, 0.4375], "texture": "#missing"},
				"west": {"uv": [4.5625, 0.875, 5.0625, 1.3125], "texture": "#0"},
				"up": {"uv": [0, 0, 0, 0.5], "texture": "#missing"},
				"down": {"uv": [0, 0, 0, 0.5], "texture": "#missing"}
			}
		},
		{
			"from": [8, 1.5, -1.7],
			"to": [8, 5, 2.3],
			"rotation": {"angle": -45, "axis": "y", "origin": [8, 2.125, 0.3]},
			"faces": {
				"north": {"uv": [0, 0, 0, 0.4375], "texture": "#missing"},
				"east": {"uv": [5.0625, 0.875, 4.5625, 1.3125], "texture": "#0"},
				"south": {"uv": [0, 0, 0, 0.4375], "texture": "#missing"},
				"west": {"uv": [4.5625, 0.875, 5.0625, 1.3125], "texture": "#0"},
				"up": {"uv": [0, 0, 0, 0.5], "texture": "#missing"},
				"down": {"uv": [0, 0, 0, 0.5], "texture": "#missing"}
			}
		},
		{
			"from": [7.5, 5.02598, 9.36898],
			"to": [8.5, 6.02598, 11.86898],
			"rotation": {"angle": 22.5, "axis": "x", "origin": [8, 5.12545, 9.93149]},
			"faces": {
				"north": {"uv": [1.9375, 0.75, 1.8125, 0.625], "rotation": 90, "texture": "#0"},
				"east": {"uv": [1.9375, 0.625, 1.8125, 0.3125], "rotation": 90, "texture": "#0"},
				"south": {"uv": [1.9375, 0.75, 1.8125, 0.625], "rotation": 90, "texture": "#0"},
				"west": {"uv": [1.9375, 0.3125, 1.8125, 0.625], "rotation": 90, "texture": "#0"},
				"up": {"uv": [3.375, 1.5625, 3.0625, 1.4375], "rotation": 90, "texture": "#0"},
				"down": {"uv": [3.375, 1.5625, 3.0625, 1.4375], "rotation": 90, "texture": "#0"}
			}
		},
		{
			"from": [7.25, 4.32837, 7.91215],
			"to": [8.75, 6.32837, 10.41215],
			"rotation": {"angle": -22.5, "axis": "x", "origin": [8, 5.12545, 9.93149]},
			"faces": {
				"north": {"uv": [1.5625, 1, 1.375, 0.75], "texture": "#0"},
				"east": {"uv": [3.75, 1.5, 3.4375, 1.25], "texture": "#0"},
				"south": {"uv": [1.5625, 1, 1.375, 0.75], "texture": "#0"},
				"west": {"uv": [3.4375, 1.5, 3.75, 1.25], "texture": "#0"},
				"up": {"uv": [3.0625, 1.4375, 3.4375, 1.25], "rotation": 90, "texture": "#0"},
				"down": {"uv": [3.0625, 1.4375, 3.4375, 1.25], "rotation": 90, "texture": "#0"}
			}
		},
		{
			"from": [7.25, 4.32837, 5.58785],
			"to": [8.75, 6.32837, 8.08785],
			"rotation": {"angle": 22.5, "axis": "x", "origin": [8, 5.12545, 6.06851]},
			"faces": {
				"north": {"uv": [1.375, 1, 1.5625, 0.75], "texture": "#0"},
				"east": {"uv": [3.4375, 1.5, 3.75, 1.25], "texture": "#0"},
				"south": {"uv": [1.375, 1, 1.5625, 0.75], "texture": "#0"},
				"west": {"uv": [3.75, 1.5, 3.4375, 1.25], "texture": "#0"},
				"up": {"uv": [3.4375, 1.4375, 3.0625, 1.25], "rotation": 90, "texture": "#0"},
				"down": {"uv": [3.4375, 1.4375, 3.0625, 1.25], "rotation": 90, "texture": "#0"}
			}
		},
		{
			"from": [7.5, 5.02598, 4.13102],
			"to": [8.5, 6.02598, 6.63102],
			"rotation": {"angle": -22.5, "axis": "x", "origin": [8, 5.12545, 6.06851]},
			"faces": {
				"north": {"uv": [1.9375, 0.625, 1.8125, 0.75], "rotation": 90, "texture": "#0"},
				"east": {"uv": [1.9375, 0.3125, 1.8125, 0.625], "rotation": 90, "texture": "#0"},
				"south": {"uv": [1.9375, 0.625, 1.8125, 0.75], "rotation": 90, "texture": "#0"},
				"west": {"uv": [1.9375, 0.625, 1.8125, 0.3125], "rotation": 90, "texture": "#0"},
				"up": {"uv": [3.0625, 1.5625, 3.375, 1.4375], "rotation": 90, "texture": "#0"},
				"down": {"uv": [3.0625, 1.5625, 3.375, 1.4375], "rotation": 90, "texture": "#0"}
			}
		},
		{
			"from": [5, 7, 12],
			"to": [11, 14, 14.5],
			"rotation": {"angle": 0, "axis": "y", "origin": [8.5, 15, 13]},
			"faces": {
				"north": {"uv": [4.1875, 4.125, 4.9375, 5], "texture": "#0"},
				"east": {"uv": [4.1875, 4.25, 3.875, 5.125], "texture": "#0"},
				"south": {"uv": [4.1875, 4.125, 4.9375, 5], "texture": "#0"},
				"west": {"uv": [3.875, 4.25, 4.1875, 5.125], "texture": "#0"},
				"up": {"uv": [2.625, 6.5625, 3.375, 6.875], "texture": "#0"},
				"down": {"uv": [2.625, 6.875, 3.375, 7.1875], "texture": "#0"}
			}
		},
		{
			"from": [-0.8, 10, 1],
			"to": [4.2, 14, 1],
			"rotation": {"angle": 22.5, "axis": "y", "origin": [3.2, 11, 1]},
			"faces": {
				"north": {"uv": [3.875, 0.8125, 4.5, 1.3125], "texture": "#0"},
				"east": {"uv": [0, 0, 0, 0.5], "texture": "#missing"},
				"south": {"uv": [4.5, 0.8125, 3.875, 1.3125], "texture": "#0"},
				"west": {"uv": [0, 0, 0, 0.5], "texture": "#missing"},
				"up": {"uv": [0, 0, 0, 0.625], "rotation": 90, "texture": "#missing"},
				"down": {"uv": [0, 0, 0, 0.625], "rotation": 270, "texture": "#missing"}
			}
		},
		{
			"from": [11.8, 10, 1],
			"to": [16.8, 14, 1],
			"rotation": {"angle": -22.5, "axis": "y", "origin": [12.8, 11, 1]},
			"faces": {
				"north": {"uv": [4.5, 0.8125, 3.875, 1.3125], "texture": "#0"},
				"east": {"uv": [0, 0, 0, 0.5], "texture": "#missing"},
				"south": {"uv": [3.875, 0.8125, 4.5, 1.3125], "texture": "#0"},
				"west": {"uv": [0, 0, 0, 0.5], "texture": "#missing"},
				"up": {"uv": [0, 0.625, 0, 0], "rotation": 90, "texture": "#missing"},
				"down": {"uv": [0, 0.625, 0, 0], "rotation": 270, "texture": "#missing"}
			}
		},
		{
			"from": [4.5, 6, 3.5],
			"to": [11.5, 15, 12],
			"rotation": {"angle": 0, "axis": "y", "origin": [8, 15, 13.5]},
			"faces": {
				"north": {"uv": [1.0625, 5.3125, 1.9375, 6.4375], "texture": "#0"},
				"east": {"uv": [1.0625, 5.3125, 0, 6.4375], "texture": "#0"},
				"south": {"uv": [1.0625, 5.3125, 1.9375, 6.4375], "texture": "#0"},
				"west": {"uv": [0, 5.3125, 1.0625, 6.4375], "texture": "#0"},
				"up": {"uv": [1.9375, 5.3125, 2.8125, 6.375], "texture": "#0"},
				"down": {"uv": [3.375, 7.625, 4.25, 6.5625], "texture": "#0"}
			}
		},
		{
			"from": [0.2, 9.5, 0.1],
			"to": [5.2, 12.5, 3.1],
			"rotation": {"angle": -45, "axis": "z", "origin": [7.2, 12, 2.1]},
			"faces": {
				"north": {"uv": [0.625, 0, 1, 0.625], "rotation": 90, "texture": "#0"},
				"east": {"uv": [1.75, 3.1875, 2.375, 3.6875], "rotation": 90, "texture": "#0"},
				"south": {"uv": [0.625, 0.625, 1, 0], "rotation": 90, "texture": "#0"},
				"west": {"uv": [0.625, 0.625, 1, 1], "rotation": 90, "texture": "#0"},
				"up": {"uv": [1.625, 0.75, 1, 0.375], "rotation": 180, "texture": "#0"},
				"down": {"uv": [1.625, 0.375, 1, 0], "texture": "#0"}
			}
		},
		{
			"from": [2.2, 15, 0.35],
			"to": [4.7, 20, 2.85],
			"rotation": {"angle": -22.5, "axis": "z", "origin": [3.7, 17.5, 1.9]},
			"faces": {
				"north": {"uv": [0.625, 1, 0.9375, 1.625], "texture": "#0"},
				"east": {"uv": [1.25, 1, 1.5625, 1.625], "texture": "#0"},
				"south": {"uv": [0.9375, 1, 0.625, 1.625], "texture": "#0"},
				"west": {"uv": [0.9375, 1, 1.25, 1.625], "texture": "#0"},
				"up": {"uv": [1.9375, 0.3125, 1.625, 0], "rotation": 90, "texture": "#0"},
				"down": {"uv": [1.9375, 0.3125, 1.625, 0], "rotation": 270, "texture": "#0"}
			}
		},
		{
			"from": [0.8, 19, 2.1],
			"to": [4.8, 25, 2.1],
			"rotation": {"angle": 22.5, "axis": "y", "origin": [2.8, 22, 2.1]},
			"faces": {
				"north": {"uv": [4.5625, 0, 5.0625, 0.75], "texture": "#0"},
				"east": {"uv": [1.25, 1, 1.5625, 1.625], "texture": "#0"},
				"south": {"uv": [5.0625, 0, 4.5625, 0.75], "texture": "#0"},
				"west": {"uv": [0.9375, 1, 1.25, 1.625], "texture": "#0"},
				"up": {"uv": [1.9375, 0.3125, 1.625, 0], "rotation": 90, "texture": "#0"},
				"down": {"uv": [1.9375, 0.3125, 1.625, 0], "rotation": 270, "texture": "#0"}
			}
		},
		{
			"from": [11.2, 19, 2.1],
			"to": [15.2, 25, 2.1],
			"rotation": {"angle": -22.5, "axis": "y", "origin": [13.2, 22, 2.1]},
			"faces": {
				"north": {"uv": [5.0625, 0, 4.5625, 0.75], "texture": "#0"},
				"east": {"uv": [1.25, 1, 0.9375, 1.625], "texture": "#0"},
				"south": {"uv": [4.5625, 0, 5.0625, 0.75], "texture": "#0"},
				"west": {"uv": [1.5625, 1, 1.25, 1.625], "texture": "#0"},
				"up": {"uv": [1.9375, 0, 1.625, 0.3125], "rotation": 90, "texture": "#0"},
				"down": {"uv": [1.9375, 0, 1.625, 0.3125], "rotation": 270, "texture": "#0"}
			}
		},
		{
			"from": [11.3, 15, 0.35],
			"to": [13.8, 20, 2.85],
			"rotation": {"angle": 22.5, "axis": "z", "origin": [12.3, 17.5, 1.9]},
			"faces": {
				"north": {"uv": [0.9375, 1, 0.625, 1.625], "texture": "#0"},
				"east": {"uv": [1.25, 1, 0.9375, 1.625], "texture": "#0"},
				"south": {"uv": [0.625, 1, 0.9375, 1.625], "texture": "#0"},
				"west": {"uv": [1.5625, 1, 1.25, 1.625], "texture": "#0"},
				"up": {"uv": [1.9375, 0, 1.625, 0.3125], "rotation": 90, "texture": "#0"},
				"down": {"uv": [1.9375, 0, 1.625, 0.3125], "rotation": 270, "texture": "#0"}
			}
		},
		{
			"from": [10.8, 9.5, 0.1],
			"to": [15.8, 12.5, 3.1],
			"rotation": {"angle": 45, "axis": "z", "origin": [8.8, 12, 2.1]},
			"faces": {
				"north": {"uv": [0.625, 0.625, 1, 0], "rotation": 90, "texture": "#0"},
				"east": {"uv": [0.625, 1, 1, 0.625], "rotation": 90, "texture": "#0"},
				"south": {"uv": [0.625, 0, 1, 0.625], "rotation": 90, "texture": "#0"},
				"west": {"uv": [1.75, 3.6875, 2.375, 3.1875], "rotation": 90, "texture": "#0"},
				"up": {"uv": [1, 0.75, 1.625, 0.375], "rotation": 180, "texture": "#0"},
				"down": {"uv": [1, 0.375, 1.625, 0], "texture": "#0"}
			}
		},
		{
			"from": [4, 5, -1.5],
			"to": [12, 16, 3.5],
			"rotation": {"angle": 0, "axis": "y", "origin": [8.5, 14, 12.5]},
			"faces": {
				"north": {"uv": [0.625, 6.4375, 1.625, 7.8125], "texture": "#0"},
				"east": {"uv": [0.625, 6.4375, 0, 7.8125], "texture": "#0"},
				"south": {"uv": [1.625, 6.4375, 2.625, 7.8125], "texture": "#0"},
				"west": {"uv": [0, 6.4375, 0.625, 7.8125], "texture": "#0"},
				"up": {"uv": [2.8125, 5.3125, 3.8125, 5.9375], "texture": "#0"},
				"down": {"uv": [2.8125, 5.9375, 3.8125, 6.5625], "texture": "#0"}
			}
		},
		{
			"from": [9, 13, -2.9],
			"to": [11, 15, -0.9],
			"rotation": {"angle": 45, "axis": "x", "origin": [11, 13, -2.9]},
			"faces": {
				"north": {"uv": [3.8125, 4.875, 3.5625, 5.125], "texture": "#0"},
				"east": {"uv": [3.3125, 4.875, 3.5625, 5.125], "texture": "#0"},
				"south": {"uv": [0.38281, 0.49219, 0.35156, 0.52344], "texture": "#0"},
				"west": {"uv": [3.5625, 4.875, 3.3125, 5.125], "texture": "#0"},
				"up": {"uv": [0.41406, 0.49219, 0.38281, 0.52344], "texture": "#0"},
				"down": {"uv": [3.875, 4.625, 3.625, 4.875], "texture": "#0"}
			}
		},
		{
			"from": [5, 13, -2.9],
			"to": [7, 15, -0.9],
			"rotation": {"angle": 45, "axis": "x", "origin": [7, 13, -2.9]},
			"faces": {
				"north": {"uv": [3.8125, 4.875, 3.5625, 5.125], "texture": "#0"},
				"east": {"uv": [3.3125, 4.875, 3.5625, 5.125], "texture": "#0"},
				"south": {"uv": [0.38281, 0.49219, 0.35156, 0.52344], "texture": "#0"},
				"west": {"uv": [3.5625, 4.875, 3.3125, 5.125], "texture": "#0"},
				"up": {"uv": [0.41406, 0.49219, 0.38281, 0.52344], "texture": "#0"},
				"down": {"uv": [3.875, 4.625, 3.625, 4.875], "texture": "#0"}
			}
		},
		{
			"from": [4.4, 5.5, -4.9],
			"to": [4.4, 9.5, -0.9],
			"rotation": {"angle": 22.5, "axis": "y", "origin": [4.4, 7.5, -2.9]},
			"faces": {
				"north": {"uv": [0, 0, 0, 12], "texture": "#missing"},
				"east": {"uv": [5.125, 0, 5.625, 0.5], "rotation": 270, "texture": "#0"},
				"south": {"uv": [0, 0, 0, 12], "rotation": 180, "texture": "#missing"},
				"west": {"uv": [5.625, 0, 5.125, 0.5], "rotation": 90, "texture": "#0"},
				"up": {"uv": [0, 0, 0, 12], "rotation": 180, "texture": "#missing"},
				"down": {"uv": [0, 0, 0, 12], "texture": "#missing"}
			}
		},
		{
			"from": [11.6, 5.5, -4.9],
			"to": [11.6, 9.5, -0.9],
			"rotation": {"angle": -22.5, "axis": "y", "origin": [11.6, 7.5, -2.9]},
			"faces": {
				"north": {"uv": [0, 0, 0, 12], "texture": "#missing"},
				"east": {"uv": [5.625, 0.5, 5.125, 0], "rotation": 90, "texture": "#0"},
				"south": {"uv": [0, 0, 0, 12], "rotation": 180, "texture": "#missing"},
				"west": {"uv": [5.125, 0.5, 5.625, 0], "rotation": 270, "texture": "#0"},
				"up": {"uv": [0, 0, 0, 12], "rotation": 180, "texture": "#missing"},
				"down": {"uv": [0, 0, 0, 12], "texture": "#missing"}
			}
		},
		{
			"from": [9, 8, -2.9],
			"to": [11, 10, -0.9],
			"rotation": {"angle": 45, "axis": "x", "origin": [11, 8, -2.9]},
			"faces": {
				"north": {"uv": [3.8125, 4.875, 3.5625, 5.125], "texture": "#0"},
				"east": {"uv": [3.5625, 4.875, 3.3125, 5.125], "texture": "#0"},
				"south": {"uv": [0.38281, 0.49219, 0.35156, 0.52344], "texture": "#0"},
				"west": {"uv": [3.5625, 4.875, 3.3125, 5.125], "texture": "#0"},
				"up": {"uv": [0.41406, 0.49219, 0.38281, 0.52344], "texture": "#0"},
				"down": {"uv": [3.875, 4.625, 3.625, 4.875], "texture": "#0"}
			}
		},
		{
			"from": [5, 8, -2.9],
			"to": [7, 10, -0.9],
			"rotation": {"angle": 45, "axis": "x", "origin": [7, 8, -2.9]},
			"faces": {
				"north": {"uv": [3.8125, 4.875, 3.5625, 5.125], "texture": "#0"},
				"east": {"uv": [3.5625, 4.875, 3.3125, 5.125], "texture": "#0"},
				"south": {"uv": [0.38281, 0.49219, 0.35156, 0.52344], "texture": "#0"},
				"west": {"uv": [3.5625, 4.875, 3.3125, 5.125], "texture": "#0"},
				"up": {"uv": [0.41406, 0.49219, 0.38281, 0.52344], "texture": "#0"},
				"down": {"uv": [3.875, 4.625, 3.625, 4.875], "texture": "#0"}
			}
		},
		{
			"from": [5.75, 8, 12.5],
			"to": [10.25, 12, 16.5],
			"rotation": {"angle": 45, "axis": "x", "origin": [8.2, 10.5, 15]},
			"faces": {
				"north": {"uv": [4.375, 5.125, 4.9375, 5.625], "texture": "#0"},
				"east": {"uv": [3.875, 5.125, 4.375, 5.625], "texture": "#0"},
				"south": {"uv": [4.375, 5.125, 4.9375, 5.625], "texture": "#0"},
				"west": {"uv": [3.875, 5.125, 4.375, 5.625], "texture": "#0"},
				"up": {"uv": [3.875, 5.625, 4.4375, 6.125], "texture": "#0"},
				"down": {"uv": [3.875, 5.625, 4.4375, 6.125], "texture": "#0"}
			}
		},
		{
			"from": [4.9, 16, 1],
			"to": [10.9, 27, 1],
			"rotation": {"angle": 0, "axis": "y", "origin": [7.9, 21.5, 1]},
			"faces": {
				"north": {"uv": [0, 0, 6, 11], "texture": "#1"},
				"east": {"uv": [0, 0, 0, 8], "texture": "#missing"},
				"south": {"uv": [6, 0, 0, 11], "texture": "#1"},
				"west": {"uv": [0, 0, 0, 8], "texture": "#missing"},
				"up": {"uv": [0, 6, 0, 0], "rotation": 90, "texture": "#missing"},
				"down": {"uv": [0, 0, 0, 6], "rotation": 270, "texture": "#missing"}
			}
		}
	],
	"gui_light": "front",
	"display": {
		"thirdperson_righthand": {
			"translation": [0, 6.5, 1],
			"scale": [0.6, 0.6, 0.6]
		},
		"thirdperson_lefthand": {
			"translation": [0, 6.5, 1],
			"scale": [0.6, 0.6, 0.6]
		},
		"firstperson_righthand": {
			"rotation": [0, 16, 0],
			"translation": [4.25, 5.25, -3.5],
			"scale": [0.6, 0.6, 0.6]
		},
		"firstperson_lefthand": {
			"rotation": [0, 16, 0],
			"translation": [4.25, 5.25, -3.5],
			"scale": [0.6, 0.6, 0.6]
		},
		"ground": {
			"rotation": [0, 0, 88],
			"translation": [-2, 2.5, 0.25],
			"scale": [0.45, 0.45, 0.45]
		},
		"gui": {
			"rotation": [-50, -140, -72],
			"translation": [-2, 1, -1.5],
			"scale": [0.45, 0.45, 0.45]
		},
		"head": {
			"rotation": [90, -156, 90],
			"translation": [-6.5, 10.5, 1.75],
			"scale": [0.6, 0.6, 0.6]
		},
		"fixed": {
			"rotation": [-90, -90, -90],
			"translation": [0, 7.25, -4.75],
			"scale": [1.2, 1.2, 1.2]
		}
	}
}