{
	"credit": "Made with Blockbench",
	"texture_size": [128, 128],
	"textures": {
		"0": "elitecreatures:heavenly_emperor_animated/heavenly_emperor_texture",
		"1": "elitecreatures:heavenly_emperor_animated/heavenly_emperor_animation1",
		"particle": "elitecreatures:heavenly_emperor_animated/heavenly_emperor_texture"
	},
	"elements": [
		{
			"from": [0.2, -15.32299, 2.85307],
			"to": [7.5125, -6.87299, 2.85307],
			"rotation": {"angle": -45, "axis": "y", "origin": [3.69375, -11.09799, 2.85307]},
			"faces": {
				"north": {"uv": [8, 0, 0, 11], "texture": "#1"},
				"east": {"uv": [0, 0, 0, 11], "texture": "#1"},
				"south": {"uv": [0, 0, 8, 11], "texture": "#1"},
				"west": {"uv": [0, 0, 0, 11], "texture": "#1"},
				"up": {"uv": [0, 0, 0, 7], "rotation": 90, "texture": "#1"},
				"down": {"uv": [0, 7, 0, 0], "rotation": 270, "texture": "#1"}
			}
		},
		{
			"from": [8.4875, -15.32299, 2.85307],
			"to": [15.8, -6.87299, 2.85307],
			"rotation": {"angle": 45, "axis": "y", "origin": [12.30625, -11.09799, 2.85307]},
			"faces": {
				"north": {"uv": [0, 0, 8, 11], "texture": "#1"},
				"east": {"uv": [0, 0, 0, 11], "texture": "#1"},
				"south": {"uv": [8, 0, 0, 11], "texture": "#1"},
				"west": {"uv": [0, 0, 0, 11], "texture": "#1"},
				"up": {"uv": [0, 7, 0, 0], "rotation": 90, "texture": "#1"},
				"down": {"uv": [0, 0, 0, 7], "rotation": 270, "texture": "#1"}
			}
		},
		{
			"from": [6.5375, -14.67299, 4.47807],
			"to": [9.4625, -12.39799, 6.10307],
			"rotation": {"angle": 0, "axis": "y", "origin": [10.7625, -15.64799, 1.87807]},
			"faces": {
				"north": {"uv": [3.3125, 11.4375, 4.4375, 12.3125], "texture": "#0"},
				"east": {"uv": [4.4375, 11.4375, 5.0625, 12.3125], "texture": "#0"},
				"south": {"uv": [5.0625, 11.4375, 6.1875, 12.3125], "texture": "#0"},
				"west": {"uv": [5.0625, 11.4375, 4.4375, 12.3125], "texture": "#0"},
				"up": {"uv": [5.75, 11.0625, 6.875, 11.6875], "rotation": 180, "texture": "#0"},
				"down": {"uv": [5.6875, 9.3125, 6.8125, 9.9375], "rotation": 180, "texture": "#0"}
			}
		},
		{
			"from": [6.375, -12.39799, 4.15307],
			"to": [9.625, -10.77299, 6.10307],
			"rotation": {"angle": 0, "axis": "y", "origin": [10.6, -15.64799, 1.87807]},
			"faces": {
				"north": {"uv": [3.3125, 12.3125, 4.5625, 12.9375], "texture": "#0"},
				"east": {"uv": [4.8125, 10.8125, 5.5625, 11.4375], "texture": "#0"},
				"south": {"uv": [4.5625, 12.3125, 5.8125, 12.9375], "texture": "#0"},
				"west": {"uv": [5.5625, 10.8125, 4.8125, 11.4375], "texture": "#0"},
				"up": {"uv": [5.5625, 10.6875, 6.8125, 11.4375], "rotation": 180, "texture": "#0"},
				"down": {"uv": [5.5625, 9.9375, 6.8125, 10.6875], "rotation": 180, "texture": "#0"}
			}
		},
		{
			"from": [6.7, -14.57549, 3.99057],
			"to": [9.3, -13.27549, 4.47807],
			"rotation": {"angle": 0, "axis": "y", "origin": [6.94375, -14.90049, 4.64057]},
			"faces": {
				"north": {"uv": [7.1875, 15.5, 6.1875, 16], "texture": "#0"},
				"east": {"uv": [6.1875, 15.5, 6, 16], "texture": "#0"},
				"south": {"uv": [7.1875, 15.5, 6.1875, 16], "texture": "#0"},
				"west": {"uv": [6, 15.5, 6.1875, 16], "texture": "#0"},
				"up": {"uv": [6.1875, 15.3125, 7.1875, 15.5], "rotation": 180, "texture": "#0"},
				"down": {"uv": [6.1875, 15.125, 7.1875, 15.3125], "rotation": 180, "texture": "#0"}
			}
		},
		{
			"from": [5.855, -14.67299, 4.55932],
			"to": [6.505, -13.04799, 6.02182],
			"rotation": {"angle": -22.5, "axis": "z", "origin": [6.57, -14.73799, 5.29057]},
			"faces": {
				"north": {"uv": [7, 14.5, 6.75, 15.125], "texture": "#0"},
				"east": {"uv": [6.75, 14.5, 6.1875, 15.125], "texture": "#0"},
				"south": {"uv": [6.75, 14.5, 7, 15.125], "texture": "#0"},
				"west": {"uv": [6.75, 14.5, 6.1875, 15.125], "texture": "#0"},
				"up": {"uv": [6.4375, 13.9375, 6.1875, 14.5], "rotation": 180, "texture": "#0"},
				"down": {"uv": [6.4375, 13.9375, 6.1875, 14.5], "rotation": 180, "texture": "#0"}
			}
		},
		{
			"from": [9.495, -14.67299, 4.55932],
			"to": [10.145, -13.04799, 6.02182],
			"rotation": {"angle": 22.5, "axis": "z", "origin": [9.43, -14.73799, 5.29057]},
			"faces": {
				"north": {"uv": [6.75, 14.5, 7, 15.125], "texture": "#0"},
				"east": {"uv": [6.1875, 14.5, 6.75, 15.125], "texture": "#0"},
				"south": {"uv": [7, 14.5, 6.75, 15.125], "texture": "#0"},
				"west": {"uv": [6.1875, 14.5, 6.75, 15.125], "texture": "#0"},
				"up": {"uv": [6.1875, 13.9375, 6.4375, 14.5], "rotation": 180, "texture": "#0"},
				"down": {"uv": [6.1875, 13.9375, 6.4375, 14.5], "rotation": 180, "texture": "#0"}
			}
		},
		{
			"from": [6.5375, -12.07299, 4.51057],
			"to": [6.5375, -9.47299, 6.46057],
			"rotation": {"angle": 0, "axis": "y", "origin": [6.5375, -10.77299, 5.48557]},
			"faces": {
				"north": {"uv": [0, 0, 0, 1], "rotation": 180, "texture": "#missing"},
				"east": {"uv": [6.5625, 0, 5.5625, 0.75], "rotation": 270, "texture": "#0"},
				"south": {"uv": [0, 0, 0, 1], "texture": "#missing"},
				"west": {"uv": [5.5625, 0, 6.5625, 0.75], "rotation": 90, "texture": "#0"},
				"up": {"uv": [0, 0, 0, 0.75], "rotation": 180, "texture": "#missing"},
				"down": {"uv": [0, 0, 0, 0.75], "texture": "#missing"}
			}
		},
		{
			"from": [9.4625, -12.07299, 4.51057],
			"to": [9.4625, -9.47299, 6.46057],
			"rotation": {"angle": 0, "axis": "y", "origin": [9.4625, -10.77299, 5.48557]},
			"faces": {
				"north": {"uv": [0, 0, 0, 1], "rotation": 180, "texture": "#missing"},
				"east": {"uv": [5.5625, 0.75, 6.5625, 0], "rotation": 90, "texture": "#0"},
				"south": {"uv": [0, 0, 0, 1], "texture": "#missing"},
				"west": {"uv": [6.5625, 0.75, 5.5625, 0], "rotation": 270, "texture": "#0"},
				"up": {"uv": [0, 0, 0, 0.75], "rotation": 180, "texture": "#missing"},
				"down": {"uv": [0, 0, 0, 0.75], "texture": "#missing"}
			}
		},
		{
			"from": [8.12017, -11.08872, 4.24204],
			"to": [9.42017, -10.27622, 4.24204],
			"rotation": {"angle": -22.5, "axis": "x", "origin": [8.77017, -9.99679, 3.94246]},
			"faces": {
				"north": {"uv": [3.3125, 0.4375, 3.8125, 0.125], "texture": "#0"},
				"east": {"uv": [0, 192, 0, 0], "texture": "#0"},
				"south": {"uv": [3.8125, 0.4375, 3.3125, 0.125], "texture": "#0"},
				"west": {"uv": [0, 192, 0, 0], "texture": "#0"},
				"up": {"uv": [0, 0, 0, 96], "rotation": 270, "texture": "#0"},
				"down": {"uv": [0, 0, 0, 96], "rotation": 90, "texture": "#0"}
			}
		},
		{
			"from": [8.12017, -10.37083, 4.11852],
			"to": [9.42017, -9.39583, 4.11852],
			"rotation": {"angle": -45, "axis": "x", "origin": [8.77017, -9.99679, 3.94246]},
			"faces": {
				"north": {"uv": [3.3125, 0.8125, 3.8125, 0.4375], "texture": "#0"},
				"east": {"uv": [0, 192, 0, 0], "texture": "#missing"},
				"south": {"uv": [3.8125, 0.8125, 3.3125, 0.4375], "texture": "#0"},
				"west": {"uv": [0, 192, 0, 0], "texture": "#missing"},
				"up": {"uv": [0, 0, 0, 96], "rotation": 270, "texture": "#missing"},
				"down": {"uv": [0, 0, 0, 96], "rotation": 90, "texture": "#missing"}
			}
		},
		{
			"from": [8.12017, -9.60887, 2.80588],
			"to": [9.42017, -9.60887, 3.45588],
			"rotation": {"angle": 22.5, "axis": "x", "origin": [8.77017, -9.99679, 3.94246]},
			"faces": {
				"north": {"uv": [0, 0, 0, 96], "rotation": 90, "texture": "#missing"},
				"east": {"uv": [0, 0, 0, 192], "rotation": 270, "texture": "#missing"},
				"south": {"uv": [0, 0, 0, 96], "rotation": 90, "texture": "#missing"},
				"west": {"uv": [0, 0, 0, 192], "rotation": 90, "texture": "#missing"},
				"up": {"uv": [3.3125, 0.8125, 3.8125, 1.0625], "rotation": 180, "texture": "#0"},
				"down": {"uv": [3.3125, 1.0625, 3.8125, 0.8125], "rotation": 180, "texture": "#0"}
			}
		},
		{
			"from": [9.59525, -11.08872, 4.00746],
			"to": [9.59525, -10.27622, 4.98246],
			"rotation": {"angle": -22.5, "axis": "z", "origin": [9.89483, -9.99679, 4.65746]},
			"faces": {
				"north": {"uv": [0, 192, 0, 0], "texture": "#0"},
				"east": {"uv": [4.1875, 0.3125, 3.8125, 0], "texture": "#0"},
				"south": {"uv": [0, 192, 0, 0], "texture": "#0"},
				"west": {"uv": [3.8125, 0.3125, 4.1875, 0], "texture": "#0"},
				"up": {"uv": [0, 0, 0, 96], "rotation": 180, "texture": "#0"},
				"down": {"uv": [0, 0, 0, 96], "rotation": 180, "texture": "#0"}
			}
		},
		{
			"from": [9.71877, -10.37083, 4.00746],
			"to": [9.71877, -9.39583, 4.98246],
			"rotation": {"angle": -45, "axis": "z", "origin": [9.89483, -9.99679, 4.65746]},
			"faces": {
				"north": {"uv": [0, 192, 0, 0], "texture": "#missing"},
				"east": {"uv": [4.1875, 0.6875, 3.8125, 0.3125], "texture": "#0"},
				"south": {"uv": [0, 192, 0, 0], "texture": "#missing"},
				"west": {"uv": [3.8125, 0.6875, 4.1875, 0.3125], "texture": "#0"},
				"up": {"uv": [0, 0, 0, 96], "rotation": 180, "texture": "#missing"},
				"down": {"uv": [0, 0, 0, 96], "rotation": 180, "texture": "#missing"}
			}
		}
	],
	"gui_light": "front",
	"display": {
		"thirdperson_righthand": {
			"rotation": [55, 0, 0],
			"translation": [0, 2, 1.75],
			"scale": [0.4, 0.4, 0.4]
		},
		"thirdperson_lefthand": {
			"rotation": [77, 180, 0],
			"translation": [-5.75, -7.75, 6.75]
		},
		"firstperson_righthand": {
			"rotation": [0, 134, 0],
			"translation": [10, -4, -17.5]
		},
		"firstperson_lefthand": {
			"scale": [0, 0, 0]
		},
		"ground": {
			"rotation": [80, 0, 0],
			"translation": [0, 0.5, -1.25],
			"scale": [0.6, 0.6, 0.6]
		},
		"gui": {
			"rotation": [0, 180, 0],
			"translation": [0, -2.75, 0],
			"scale": [0.6, 0.6, 0.6]
		},
		"head": {
			"rotation": [6, 180, 0],
			"translation": [0, -27, 5.25],
			"scale": [4, 4, 4]
		},
		"fixed": {
			"translation": [0, 1.5, -2],
			"scale": [1.4, 1.4, 1.4]
		}
	}
}