{"credit":"Made with Blockbench","textures":{"0":"teleportation_hub:teleportation_hub/void_waterfall_animation","particle":"teleportation_hub:teleportation_hub/void_waterfall_animation"},"elements":[{"from":[0,8,2],"to":[20,32,2],"faces":{"north":{"uv":[0,0,16,16],"texture":"#missing"},"east":{"uv":[0,0,0,16],"texture":"#missing"},"south":{"uv":[3,3,13,15],"texture":"#0"},"west":{"uv":[0,0,0,16],"texture":"#missing"},"up":{"uv":[0,0,16,0],"texture":"#missing"},"down":{"uv":[0,0,16,0],"texture":"#missing"}}}],"gui_light":"front","display":{"gui":{"translation":[27,-3,0]}}}