{
	"credit": "Made with Blockbench",
	"texture_size": [128, 128],
	"textures": {
		"0": "elitecreatures:heavenly_emperor_animated/heavenly_emperor_texture",
		"1": "elitecreatures:heavenly_emperor_animated/heavenly_emperor_animation1",
		"particle": "elitecreatures:heavenly_emperor_animated/heavenly_emperor_texture"
	},
	"elements": [
		{
			"from": [0.2, 23.24634, 2.85307],
			"to": [7.5125, 31.69634, 2.85307],
			"rotation": {"angle": -45, "axis": "y", "origin": [3.69375, 27.47134, 2.85307]},
			"faces": {
				"north": {"uv": [8, 11, 0, 0], "texture": "#1"},
				"east": {"uv": [0, 11, 0, 0], "texture": "#1"},
				"south": {"uv": [0, 11, 8, 0], "texture": "#1"},
				"west": {"uv": [0, 11, 0, 0], "texture": "#1"},
				"up": {"uv": [0, 7, 0, 0], "rotation": 270, "texture": "#1"},
				"down": {"uv": [0, 0, 0, 7], "rotation": 90, "texture": "#1"}
			}
		},
		{
			"from": [8.4875, 23.24634, 2.85307],
			"to": [15.8, 31.69634, 2.85307],
			"rotation": {"angle": 45, "axis": "y", "origin": [12.30625, 27.47134, 2.85307]},
			"faces": {
				"north": {"uv": [0, 11, 8, 0], "texture": "#1"},
				"east": {"uv": [0, 11, 0, 0], "texture": "#1"},
				"south": {"uv": [8, 11, 0, 0], "texture": "#1"},
				"west": {"uv": [0, 11, 0, 0], "texture": "#1"},
				"up": {"uv": [0, 0, 0, 7], "rotation": 270, "texture": "#1"},
				"down": {"uv": [0, 7, 0, 0], "rotation": 90, "texture": "#1"}
			}
		},
		{
			"from": [6.5375, 28.77134, 4.47807],
			"to": [9.4625, 31.04634, 6.10307],
			"rotation": {"angle": 0, "axis": "y", "origin": [10.7625, 32.02134, 1.87807]},
			"faces": {
				"north": {"uv": [3.3125, 12.3125, 4.4375, 11.4375], "texture": "#0"},
				"east": {"uv": [4.4375, 12.3125, 5.0625, 11.4375], "texture": "#0"},
				"south": {"uv": [5.0625, 12.3125, 6.1875, 11.4375], "texture": "#0"},
				"west": {"uv": [5.0625, 12.3125, 4.4375, 11.4375], "texture": "#0"},
				"up": {"uv": [5.6875, 9.9375, 6.8125, 9.3125], "rotation": 180, "texture": "#0"},
				"down": {"uv": [5.75, 11.6875, 6.875, 11.0625], "rotation": 180, "texture": "#0"}
			}
		},
		{
			"from": [6.375, 27.14634, 4.15307],
			"to": [9.625, 28.77134, 6.10307],
			"rotation": {"angle": 0, "axis": "y", "origin": [10.6, 32.02134, 1.87807]},
			"faces": {
				"north": {"uv": [3.3125, 12.9375, 4.5625, 12.3125], "texture": "#0"},
				"east": {"uv": [4.8125, 11.4375, 5.5625, 10.8125], "texture": "#0"},
				"south": {"uv": [4.5625, 12.9375, 5.8125, 12.3125], "texture": "#0"},
				"west": {"uv": [5.5625, 11.4375, 4.8125, 10.8125], "texture": "#0"},
				"up": {"uv": [5.5625, 10.6875, 6.8125, 9.9375], "rotation": 180, "texture": "#0"},
				"down": {"uv": [5.5625, 11.4375, 6.8125, 10.6875], "rotation": 180, "texture": "#0"}
			}
		},
		{
			"from": [6.7, 29.64884, 3.99057],
			"to": [9.3, 30.94884, 4.47807],
			"rotation": {"angle": 0, "axis": "y", "origin": [6.94375, 31.27384, 4.64057]},
			"faces": {
				"north": {"uv": [7.1875, 16, 6.1875, 15.5], "texture": "#0"},
				"east": {"uv": [6.1875, 16, 6, 15.5], "texture": "#0"},
				"south": {"uv": [7.1875, 16, 6.1875, 15.5], "texture": "#0"},
				"west": {"uv": [6, 16, 6.1875, 15.5], "texture": "#0"},
				"up": {"uv": [6.1875, 15.3125, 7.1875, 15.125], "rotation": 180, "texture": "#0"},
				"down": {"uv": [6.1875, 15.5, 7.1875, 15.3125], "rotation": 180, "texture": "#0"}
			}
		},
		{
			"from": [5.855, 29.42134, 4.55932],
			"to": [6.505, 31.04634, 6.02182],
			"rotation": {"angle": 22.5, "axis": "z", "origin": [6.57, 31.11134, 5.29057]},
			"faces": {
				"north": {"uv": [7, 15.125, 6.75, 14.5], "texture": "#0"},
				"east": {"uv": [6.75, 15.125, 6.1875, 14.5], "texture": "#0"},
				"south": {"uv": [6.75, 15.125, 7, 14.5], "texture": "#0"},
				"west": {"uv": [6.75, 15.125, 6.1875, 14.5], "texture": "#0"},
				"up": {"uv": [6.4375, 14.5, 6.1875, 13.9375], "rotation": 180, "texture": "#0"},
				"down": {"uv": [6.4375, 14.5, 6.1875, 13.9375], "rotation": 180, "texture": "#0"}
			}
		},
		{
			"from": [9.495, 29.42134, 4.55932],
			"to": [10.145, 31.04634, 6.02182],
			"rotation": {"angle": -22.5, "axis": "z", "origin": [9.43, 31.11134, 5.29057]},
			"faces": {
				"north": {"uv": [6.75, 15.125, 7, 14.5], "texture": "#0"},
				"east": {"uv": [6.1875, 15.125, 6.75, 14.5], "texture": "#0"},
				"south": {"uv": [7, 15.125, 6.75, 14.5], "texture": "#0"},
				"west": {"uv": [6.1875, 15.125, 6.75, 14.5], "texture": "#0"},
				"up": {"uv": [6.1875, 14.5, 6.4375, 13.9375], "rotation": 180, "texture": "#0"},
				"down": {"uv": [6.1875, 14.5, 6.4375, 13.9375], "rotation": 180, "texture": "#0"}
			}
		},
		{
			"from": [6.5375, 25.84634, 4.51057],
			"to": [6.5375, 28.44634, 6.46057],
			"rotation": {"angle": 0, "axis": "y", "origin": [6.5375, 27.14634, 5.48557]},
			"faces": {
				"north": {"uv": [0, 1, 0, 0], "rotation": 180, "texture": "#missing"},
				"east": {"uv": [5.5625, 0, 6.5625, 0.75], "rotation": 270, "texture": "#0"},
				"south": {"uv": [0, 1, 0, 0], "texture": "#missing"},
				"west": {"uv": [6.5625, 0, 5.5625, 0.75], "rotation": 90, "texture": "#0"},
				"up": {"uv": [0, 0.75, 0, 0], "texture": "#missing"},
				"down": {"uv": [0, 0.75, 0, 0], "rotation": 180, "texture": "#missing"}
			}
		},
		{
			"from": [9.4625, 25.84634, 4.51057],
			"to": [9.4625, 28.44634, 6.46057],
			"rotation": {"angle": 0, "axis": "y", "origin": [9.4625, 27.14634, 5.48557]},
			"faces": {
				"north": {"uv": [0, 1, 0, 0], "rotation": 180, "texture": "#missing"},
				"east": {"uv": [6.5625, 0.75, 5.5625, 0], "rotation": 90, "texture": "#0"},
				"south": {"uv": [0, 1, 0, 0], "texture": "#missing"},
				"west": {"uv": [5.5625, 0.75, 6.5625, 0], "rotation": 270, "texture": "#0"},
				"up": {"uv": [0, 0.75, 0, 0], "texture": "#missing"},
				"down": {"uv": [0, 0.75, 0, 0], "rotation": 180, "texture": "#missing"}
			}
		},
		{
			"from": [8.12017, 26.64956, 4.24204],
			"to": [9.42017, 27.46206, 4.24204],
			"rotation": {"angle": 22.5, "axis": "x", "origin": [8.77017, 26.37013, 3.94246]},
			"faces": {
				"north": {"uv": [3.3125, 0.125, 3.8125, 0.4375], "texture": "#0"},
				"east": {"uv": [0, 0, 0, 192], "texture": "#0"},
				"south": {"uv": [3.8125, 0.125, 3.3125, 0.4375], "texture": "#0"},
				"west": {"uv": [0, 0, 0, 192], "texture": "#0"},
				"up": {"uv": [0, 0, 0, 96], "rotation": 90, "texture": "#0"},
				"down": {"uv": [0, 0, 0, 96], "rotation": 270, "texture": "#0"}
			}
		},
		{
			"from": [8.12017, 25.76917, 4.11852],
			"to": [9.42017, 26.74417, 4.11852],
			"rotation": {"angle": 45, "axis": "x", "origin": [8.77017, 26.37013, 3.94246]},
			"faces": {
				"north": {"uv": [3.3125, 0.4375, 3.8125, 0.8125], "texture": "#0"},
				"east": {"uv": [0, 0, 0, 192], "texture": "#missing"},
				"south": {"uv": [3.8125, 0.4375, 3.3125, 0.8125], "texture": "#0"},
				"west": {"uv": [0, 0, 0, 192], "texture": "#missing"},
				"up": {"uv": [0, 0, 0, 96], "rotation": 90, "texture": "#missing"},
				"down": {"uv": [0, 0, 0, 96], "rotation": 270, "texture": "#missing"}
			}
		},
		{
			"from": [8.12017, 25.98222, 2.80588],
			"to": [9.42017, 25.98222, 3.45588],
			"rotation": {"angle": -22.5, "axis": "x", "origin": [8.77017, 26.37013, 3.94246]},
			"faces": {
				"north": {"uv": [0, 0, 0, 96], "rotation": 90, "texture": "#missing"},
				"east": {"uv": [0, 0, 0, 192], "rotation": 270, "texture": "#missing"},
				"south": {"uv": [0, 0, 0, 96], "rotation": 90, "texture": "#missing"},
				"west": {"uv": [0, 0, 0, 192], "rotation": 90, "texture": "#missing"},
				"up": {"uv": [3.3125, 0.8125, 3.8125, 1.0625], "rotation": 180, "texture": "#0"},
				"down": {"uv": [3.3125, 1.0625, 3.8125, 0.8125], "rotation": 180, "texture": "#0"}
			}
		},
		{
			"from": [9.59525, 26.64956, 4.00746],
			"to": [9.59525, 27.46206, 4.98246],
			"rotation": {"angle": 22.5, "axis": "z", "origin": [9.89483, 26.37013, 4.65746]},
			"faces": {
				"north": {"uv": [0, 0, 0, 192], "texture": "#0"},
				"east": {"uv": [4.1875, 0, 3.8125, 0.3125], "texture": "#0"},
				"south": {"uv": [0, 0, 0, 192], "texture": "#0"},
				"west": {"uv": [3.8125, 0, 4.1875, 0.3125], "texture": "#0"},
				"up": {"uv": [0, 96, 0, 0], "rotation": 180, "texture": "#0"},
				"down": {"uv": [0, 96, 0, 0], "rotation": 180, "texture": "#0"}
			}
		},
		{
			"from": [9.71877, 25.76917, 4.00746],
			"to": [9.71877, 26.74417, 4.98246],
			"rotation": {"angle": 45, "axis": "z", "origin": [9.89483, 26.37013, 4.65746]},
			"faces": {
				"north": {"uv": [0, 0, 0, 192], "texture": "#missing"},
				"east": {"uv": [4.1875, 0.3125, 3.8125, 0.6875], "texture": "#0"},
				"south": {"uv": [0, 0, 0, 192], "texture": "#missing"},
				"west": {"uv": [3.8125, 0.3125, 4.1875, 0.6875], "texture": "#0"},
				"up": {"uv": [0, 96, 0, 0], "rotation": 180, "texture": "#missing"},
				"down": {"uv": [0, 96, 0, 0], "rotation": 180, "texture": "#missing"}
			}
		}
	],
	"gui_light": "front",
	"display": {
		"thirdperson_righthand": {
			"rotation": [55, 0, 0],
			"translation": [0, 2, 1.75],
			"scale": [0.4, 0.4, 0.4]
		},
		"thirdperson_lefthand": {
			"rotation": [77, 180, 0],
			"translation": [-5.75, -7.75, 6.75]
		},
		"firstperson_righthand": {
			"rotation": [0, 134, 0],
			"translation": [10, -4, -17.5]
		},
		"firstperson_lefthand": {
			"scale": [0, 0, 0]
		},
		"ground": {
			"rotation": [80, 0, 0],
			"translation": [0, 0.5, -1.25],
			"scale": [0.6, 0.6, 0.6]
		},
		"gui": {
			"rotation": [0, 180, 0],
			"translation": [0, -2.75, 0],
			"scale": [0.6, 0.6, 0.6]
		},
		"head": {
			"rotation": [6, 180, 180],
			"translation": [0.5, -49.75, 4.5],
			"scale": [4, 4, 4]
		},
		"fixed": {
			"translation": [0, 1.5, -2],
			"scale": [1.4, 1.4, 1.4]
		}
	}
}